Molecule Name,CDD Number,Subseries,Largest_Vector,MSData - Proteomics activities: Molecule-Batch ID,MSData - Proteomics activities: Source,MSData - Proteomics activities: Ligase,MSData - Proteomics activities: Cell line,MSData - Proteomics activities: Sample Condition,MSData - Proteomics activities: Incubation time (h),MSData - Proteomics activities: Concentration (uM),MSData - Proteomics activities: MSPlate,MSData - Proteomics activities: Screen,MSData - Proteomics activities: Nr. Down,MSData - Proteomics activities: Cmpd Activity,MSData - Proteomics activities: Genes Down,MSData - Proteomics activities: Date
SRB-0012849,,AJ,v2,,,,,,,,,,,,,
SRB-0012848,,AJ,v2,,,,,,,,,,,,,
SRB-0012847,,AJ,v2,,,,,,,,,,,,,
SRB-0012842,,AJ,v2,,,,,,,,,,,,,
SRB-0012783,,AJ,v2,,,,,,,,,,,,,
SRB-0012782,,AJ,v2,,,,,,,,,,,,,
SRB-0012781,,AJ,v2,,,,,,,,,,,,,
SRB-0012780,,AJ,v2,,,,,,,,,,,,,
SRB-0012779,,AJ,v2,,,,,,,,,,,,,
SRB-0012778,,AJ,v2,,,,,,,,,,,,,
SRB-0012777,,AJ,v2,,,,,,,,,,,,,
SRB-0012776,,AJ,v2,,,,,,,,,,,,,
SRB-0012775,,AJ,v2,,,,,,,,,,,,,
SRB-0012774,,AJ,v2,,,,,,,,,,,,,
SRB-0012773,,AJ,v2,,,,,,,,,,,,,
SRB-0012772,,AJ,v2,,,,,,,,,,,,,
SRB-0012771,,AJ,v2,,,,,,,,,,,,,
SRB-0012770,,AJ,v2,,,,,,,,,,,,,
SRB-0012769,,AJ,v2,,,,,,,,,,,,,
SRB-0012768,,AJ,v2,,,,,,,,,,,,,
SRB-0012767,,AJ,v2,,,,,,,,,,,,,
SRB-0012766,,AJ,v2,,,,,,,,,,,,,
SRB-0012765,,AJ,v2,,,,,,,,,,,,,
SRB-0012764,,AJ,v2,,,,,,,,,,,,,
SRB-0012763,,AJ,v2,,,,,,,,,,,,,
SRB-0012762,,AJ,v2,,,,,,,,,,,,,
SRB-0012761,,AJ,v2,,,,,,,,,,,,,
SRB-0012760,,AJ,v2,,,,,,,,,,,,,
SRB-0012759,,AJ,v2,,,,,,,,,,,,,
SRB-0012758,,AJ,v2,,,,,,,,,,,,,
SRB-0012757,,AJ,v2,,,,,,,,,,,,,
SRB-0012756,,AJ,v2,,,,,,,,,,,,,
SRB-0012755,,AJ,v2,,,,,,,,,,,,,
SRB-0012754,,AJ,v2,,,,,,,,,,,,,
SRB-0012753,,AJ,v2,,,,,,,,,,,,,
SRB-0012752,,AJ,v2,,,,,,,,,,,,,
SRB-0012751,,AJ,v2,,,,,,,,,,,,,
SRB-0012750,,AJ,v2,,,,,,,,,,,,,
SRB-0012749,,AJ,v2,,,,,,,,,,,,,
SRB-0012748,,AJ,v2,,,,,,,,,,,,,
SRB-0012747,,AJ,v2,,,,,,,,,,,,,
SRB-0012746,,AJ,v2,,,,,,,,,,,,,
SRB-0012745,,AJ,v2,,,,,,,,,,,,,
SRB-0012744,,AJ,v2,,,,,,,,,,,,,
SRB-0012743,,AJ,v2,,,,,,,,,,,,,
SRB-0012742,,AJ,v2,,,,,,,,,,,,,
SRB-0012741,,AJ,v2,,,,,,,,,,,,,
SRB-0012740,,AJ,v2,,,,,,,,,,,,,
SRB-0012739,,AJ,v2,,,,,,,,,,,,,
SRB-0012738,,AJ,v2,,,,,,,,,,,,,
SRB-0012737,,AJ,v2,,,,,,,,,,,,,
SRB-0012736,,AJ,v2,,,,,,,,,,,,,
SRB-0012735,,AJ,v2,,,,,,,,,,,,,
SRB-0012734,,AJ,v2,,,,,,,,,,,,,
SRB-0012733,,AJ,v2,,,,,,,,,,,,,
SRB-0012732,,AJ,v2,,,,,,,,,,,,,
SRB-0012731,,AJ,v2,,,,,,,,,,,,,
SRB-0012730,,AJ,v2,,,,,,,,,,,,,
SRB-0012729,,AJ,v2,,,,,,,,,,,,,
SRB-0012728,,AJ,v2,,,,,,,,,,,,,
SRB-0012727,,AJ,v2,,,,,,,,,,,,,
SRB-0012726,,AJ,v2,,,,,,,,,,,,,
SRB-0012725,,AJ,v2,,,,,,,,,,,,,
SRB-0012724,,AJ,v2,,,,,,,,,,,,,
SRB-0012723,,AJ,v2,,,,,,,,,,,,,
SRB-0012722,,AJ,v2,,,,,,,,,,,,,
SRB-0012721,,AJ,v2,,,,,,,,,,,,,
SRB-0012720,,AJ,v2,,,,,,,,,,,,,
SRB-0012719,,AJ,v2,,,,,,,,,,,,,
SRB-0012718,,AJ,v2,,,,,,,,,,,,,
SRB-0012717,,AJ,v2,,,,,,,,,,,,,
SRB-0012716,,AJ,v2,,,,,,,,,,,,,
SRB-0012715,,AJ,v2,,,,,,,,,,,,,
SRB-0012714,,AJ,v2,,,,,,,,,,,,,
SRB-0012713,,AJ,v2,,,,,,,,,,,,,
SRB-0012712,,AJ,v2,,,,,,,,,,,,,
SRB-0012711,,AJ,v2,,,,,,,,,,,,,
SRB-0012710,,AJ,v2,,,,,,,,,,,,,
SRB-0012709,,AJ,v2,,,,,,,,,,,,,
SRB-0012708,,AJ,v2,,,,,,,,,,,,,
SRB-0012707,,AJ,v2,,,,,,,,,,,,,
SRB-0012706,,AJ,v2,,,,,,,,,,,,,
SRB-0012705,,AJ,v2,,,,,,,,,,,,,
SRB-0012704,,AJ,v2,,,,,,,,,,,,,
SRB-0012703,,AJ,v2,,,,,,,,,,,,,
SRB-0012702,,AJ,v2,,,,,,,,,,,,,
SRB-0012701,,AJ,v2,,,,,,,,,,,,,
SRB-0012700,,AJ,v2,,,,,,,,,,,,,
SRB-0012699,,AJ,v2,,,,,,,,,,,,,
SRB-0012698,,AJ,v2,,,,,,,,,,,,,
SRB-0012697,,AJ,v2,,,,,,,,,,,,,
SRB-0012696,,AJ,v2,,,,,,,,,,,,,
SRB-0012695,,AJ,v2,,,,,,,,,,,,,
SRB-0012694,,AJ,v2,,,,,,,,,,,,,
SRB-0012693,,AJ,v2,,,,,,,,,,,,,
SRB-0012692,,AJ,v2,,,,,,,,,,,,,
SRB-0012691,,AJ,v2,,,,,,,,,,,,,
SRB-0012690,,AJ,v2,,,,,,,,,,,,,
SRB-0012689,,AJ,v2,,,,,,,,,,,,,
SRB-0012688,,AJ,v2,,,,,,,,,,,,,
SRB-0012687,,AJ,v2,,,,,,,,,,,,,
SRB-0012686,,AJ,v2,,,,,,,,,,,,,
SRB-0012685,,AJ,v2,,,,,,,,,,,,,
SRB-0012684,,AJ,v2,,,,,,,,,,,,,
SRB-0012683,,AJ,v2,,,,,,,,,,,,,
SRB-0012682,,AJ,v2,,,,,,,,,,,,,
SRB-0012681,,AJ,v2,,,,,,,,,,,,,
SRB-0012680,,AJ,v2,,,,,,,,,,,,,
SRB-0012679,,AJ,v2,,,,,,,,,,,,,
SRB-0012678,,AJ,v2,,,,,,,,,,,,,
SRB-0012677,,AJ,v2,,,,,,,,,,,,,
SRB-0012676,,AJ,v2,,,,,,,,,,,,,
SRB-0012675,,AJ,v2,,,,,,,,,,,,,
SRB-0012674,,AJ,v2,,,,,,,,,,,,,
SRB-0012673,,AJ,v2,,,,,,,,,,,,,
SRB-0012672,,AJ,v2,,,,,,,,,,,,,
SRB-0012671,,AJ,v2,,,,,,,,,,,,,
SRB-0012670,,AJ,v2,,,,,,,,,,,,,
SRB-0012669,,AJ,v2,,,,,,,,,,,,,
SRB-0012668,,AJ,v2,,,,,,,,,,,,,
SRB-0012667,,AJ,v2,,,,,,,,,,,,,
SRB-0012666,,AJ,v2,,,,,,,,,,,,,
SRB-0012665,,AJ,v2,,,,,,,,,,,,,
SRB-0012664,,AJ,v2,,,,,,,,,,,,,
SRB-0012663,,AJ,v2,,,,,,,,,,,,,
SRB-0012662,,AJ,v2,,,,,,,,,,,,,
SRB-0012661,,AJ,v2,,,,,,,,,,,,,
SRB-0012660,,AJ,v2,,,,,,,,,,,,,
SRB-0012659,,AJ,v2,,,,,,,,,,,,,
SRB-0012658,,AJ,v2,,,,,,,,,,,,,
SRB-0012657,,AJ,v2,,,,,,,,,,,,,
SRB-0012656,,AJ,v2,,,,,,,,,,,,,
SRB-0012655,,AJ,v2,,,,,,,,,,,,,
SRB-0012654,,AJ,v2,,,,,,,,,,,,,
SRB-0012653,,AJ,v2,,,,,,,,,,,,,
SRB-0012652,,AJ,v2,,,,,,,,,,,,,
SRB-0012651,,AJ,v2,,,,,,,,,,,,,
SRB-0012650,,AJ,v2,,,,,,,,,,,,,
SRB-0012649,,AJ,v2,,,,,,,,,,,,,
SRB-0012648,,AJ,v2,,,,,,,,,,,,,
SRB-0012647,,AJ,v2,,,,,,,,,,,,,
SRB-0012646,,AJ,v2,,,,,,,,,,,,,
SRB-0012645,,AJ,v2,,,,,,,,,,,,,
SRB-0012644,,AJ,v2,,,,,,,,,,,,,
SRB-0012643,,AJ,v2,,,,,,,,,,,,,
SRB-0012642,,AJ,v2,,,,,,,,,,,,,
SRB-0012641,,AJ,v2,,,,,,,,,,,,,
SRB-0012640,,AJ,v2,,,,,,,,,,,,,
SRB-0012639,,AJ,v2,,,,,,,,,,,,,
SRB-0012638,,AJ,v2,,,,,,,,,,,,,
SRB-0012637,,AJ,v2,,,,,,,,,,,,,
SRB-0012636,,AJ,v2,,,,,,,,,,,,,
SRB-0012635,,AJ,v2,,,,,,,,,,,,,
SRB-0012634,,AJ,v2,,,,,,,,,,,,,
SRB-0012633,,AJ,v2,,,,,,,,,,,,,
SRB-0012632,,AJ,v2,,,,,,,,,,,,,
SRB-0012631,,AJ,v2,,,,,,,,,,,,,
SRB-0012630,,AJ,v2,,,,,,,,,,,,,
SRB-0012536,,AJ,v2,,,,,,,,,,,,,
SRB-0012535,,AJ,v2,,,,,,,,,,,,,
SRB-0012531,,AJ,v2,,,,,,,,,,,,,
SRB-0012530,,AJ,v2,,,,,,,,,,,,,
SRB-0012504,,AJ,v2,,,,,,,,,,,,,
SRB-0012428,,AJ,v2,,,,,,,,,,,,,
SRB-0012427,,AJ,v2,,,,,,,,,,,,,
SRB-0012426,,AJ,v2,,,,,,,,,,,,,
SRB-0012425,,AJ,v2,,,,,,,,,,,,,
SRB-0012424,,AJ,v2,,,,,,,,,,,,,
SRB-0012423,,AJ,v2,,,,,,,,,,,,,
SRB-0012422,,AJ,v2,,,,,,,,,,,,,
SRB-0012421,,AJ,v2,,,,,,,,,,,,,
SRB-0012420,,AJ,v2,,,,,,,,,,,,,
SRB-0012419,,AJ,v2,,,,,,,,,,,,,
SRB-0012418,,AJ,v2,,,,,,,,,,,,,
SRB-0012417,,AJ,v2,,,,,,,,,,,,,
SRB-0012416,,AJ,v2,,,,,,,,,,,,,
SRB-0012415,,AJ,v2,,,,,,,,,,,,,
SRB-0012414,,AJ,v2,,,,,,,,,,,,,
SRB-0012413,,AJ,v2,,,,,,,,,,,,,
SRB-0012412,,AJ,v2,,,,,,,,,,,,,
SRB-0012411,,AJ,v2,,,,,,,,,,,,,
SRB-0012410,,AJ,v2,,,,,,,,,,,,,
SRB-0012409,,AJ,v2,,,,,,,,,,,,,
SRB-0012408,,AJ,v2,,,,,,,,,,,,,
SRB-0012407,,AJ,v2,,,,,,,,,,,,,
SRB-0012406,,AJ,v2,,,,,,,,,,,,,
SRB-0012405,,AJ,v2,,,,,,,,,,,,,
SRB-0012404,,AJ,v2,,,,,,,,,,,,,
SRB-0012403,,AJ,v2,,,,,,,,,,,,,
SRB-0012402,,AJ,v2,,,,,,,,,,,,,
SRB-0012401,,AJ,v2,,,,,,,,,,,,,
SRB-0012400,,AJ,v2,,,,,,,,,,,,,
SRB-0012399,,AJ,v2,,,,,,,,,,,,,
SRB-0012398,,AJ,v2,,,,,,,,,,,,,
SRB-0012397,,AJ,v2,,,,,,,,,,,,,
SRB-0012396,,AJ,v2,,,,,,,,,,,,,
SRB-0012395,,AJ,v2,,,,,,,,,,,,,
SRB-0012394,,AJ,v2,,,,,,,,,,,,,
SRB-0012393,,AJ,v2,,,,,,,,,,,,,
SRB-0012392,,AJ,v2,,,,,,,,,,,,,
SRB-0012391,,AJ,v2,,,,,,,,,,,,,
SRB-0012390,,AJ,v2,,,,,,,,,,,,,
SRB-0012389,,AJ,v2,,,,,,,,,,,,,
SRB-0012388,,AJ,v2,,,,,,,,,,,,,
SRB-0012387,,AJ,v2,,,,,,,,,,,,,
SRB-0012386,,AJ,v2,,,,,,,,,,,,,
SRB-0012385,,AJ,v2,,,,,,,,,,,,,
SRB-0012384,,AJ,v2,,,,,,,,,,,,,
SRB-0012383,,AJ,v2,,,,,,,,,,,,,
SRB-0012382,,AJ,v2,,,,,,,,,,,,,
SRB-0012381,,AJ,v2,,,,,,,,,,,,,
SRB-0012380,,AJ,v2,,,,,,,,,,,,,
SRB-0012379,,AJ,v2,,,,,,,,,,,,,
SRB-0012378,,AJ,v2,,,,,,,,,,,,,
SRB-0012377,,AJ,v2,,,,,,,,,,,,,
SRB-0012376,,AJ,v2,,,,,,,,,,,,,
SRB-0012375,,AJ,v2,,,,,,,,,,,,,
SRB-0012374,,AJ,v2,,,,,,,,,,,,,
SRB-0012373,,AJ,v2,,,,,,,,,,,,,
SRB-0012372,,AJ,v2,,,,,,,,,,,,,
SRB-0012371,,AJ,v2,,,,,,,,,,,,,
SRB-0012370,,AJ,v2,,,,,,,,,,,,,
SRB-0012369,,AJ,v2,,,,,,,,,,,,,
SRB-0012368,,AJ,v2,,,,,,,,,,,,,
SRB-0012367,,AJ,v2,,,,,,,,,,,,,
SRB-0012366,,AJ,v2,,,,,,,,,,,,,
SRB-0012365,,AJ,v2,,,,,,,,,,,,,
SRB-0012364,,AJ,v2,,,,,,,,,,,,,
SRB-0012363,,AJ,v2,,,,,,,,,,,,,
SRB-0012362,,AJ,v2,,,,,,,,,,,,,
SRB-0012361,,AJ,v2,,,,,,,,,,,,,
SRB-0012360,,AJ,v2,,,,,,,,,,,,,
SRB-0012359,,AJ,v2,,,,,,,,,,,,,
SRB-0012358,,AJ,v2,,,,,,,,,,,,,
SRB-0012357,,AJ,v2,,,,,,,,,,,,,
SRB-0012356,,AJ,v2,,,,,,,,,,,,,
SRB-0012355,,AJ,v2,,,,,,,,,,,,,
SRB-0012354,,AJ,v2,,,,,,,,,,,,,
SRB-0012353,,AJ,v2,,,,,,,,,,,,,
SRB-0012352,,AJ,v2,,,,,,,,,,,,,
SRB-0012351,,AJ,v2,,,,,,,,,,,,,
SRB-0012350,,AJ,v2,,,,,,,,,,,,,
SRB-0012349,,AJ,v2,,,,,,,,,,,,,
SRB-0012348,,AJ,v2,,,,,,,,,,,,,
SRB-0012347,,AJ,v2,,,,,,,,,,,,,
SRB-0012346,,AJ,v2,,,,,,,,,,,,,
SRB-0012345,,AJ,v2,,,,,,,,,,,,,
SRB-0012344,,AJ,v2,,,,,,,,,,,,,
SRB-0012343,,AJ,v2,,,,,,,,,,,,,
SRB-0012342,,AJ,v2,,,,,,,,,,,,,
SRB-0012341,,AJ,v2,,,,,,,,,,,,,
SRB-0012340,,AJ,v2,,,,,,,,,,,,,
SRB-0012339,,AJ,v2,,,,,,,,,,,,,
SRB-0012338,,AJ,v2,,,,,,,,,,,,,
SRB-0012337,,AJ,v2,,,,,,,,,,,,,
SRB-0012336,,AJ,v2,,,,,,,,,,,,,
SRB-0012335,,AJ,v2,,,,,,,,,,,,,
SRB-0012334,,AJ,v2,,,,,,,,,,,,,
SRB-0012333,,AJ,v2,,,,,,,,,,,,,
SRB-0012332,,AJ,v2,,,,,,,,,,,,,
SRB-0012331,,AJ,v2,,,,,,,,,,,,,
SRB-0012330,,AJ,v2,,,,,,,,,,,,,
SRB-0012329,,AJ,v2,,,,,,,,,,,,,
SRB-0012328,,AJ,v2,,,,,,,,,,,,,
SRB-0012327,,AJ,v2,,,,,,,,,,,,,
SRB-0012326,,AJ,v2,,,,,,,,,,,,,
SRB-0012325,,AJ,v2,,,,,,,,,,,,,
SRB-0012324,,AJ,v2,,,,,,,,,,,,,
SRB-0012323,,AJ,v2,,,,,,,,,,,,,
SRB-0012322,,AJ,v2,,,,,,,,,,,,,
SRB-0012321,,AJ,v2,,,,,,,,,,,,,
SRB-0012320,,AJ,v2,,,,,,,,,,,,,
SRB-0012319,,AJ,v2,,,,,,,,,,,,,
SRB-0012318,,AJ,v2,,,,,,,,,,,,,
SRB-0012317,,AJ,v2,,,,,,,,,,,,,
SRB-0012316,,AJ,v2,,,,,,,,,,,,,
SRB-0012315,,AJ,v2,,,,,,,,,,,,,
SRB-0012314,,AJ,v2,,,,,,,,,,,,,
SRB-0012313,,AJ,v2,,,,,,,,,,,,,
SRB-0012312,,AJ,v2,,,,,,,,,,,,,
SRB-0012311,,AJ,v2,,,,,,,,,,,,,
SRB-0012246,,AJ,v2,,,,,,,,,,,,,
SRB-0012245,,AJ,v2,,,,,,,,,,,,,
SRB-0012244,,AJ,v2,,,,,,,,,,,,,
SRB-0012243,,AJ,v2,,,,,,,,,,,,,
SRB-0012242,,AJ,v2,,,,,,,,,,,,,
SRB-0012241,,AJ,v2,,,,,,,,,,,,,
SRB-0012237,,AJ,v2,,,,,,,,,,,,,
SRB-0012224,,AJ,v2,,,,,,,,,,,,,
SRB-0012223,,AJ,v2,,,,,,,,,,,,,
SRB-0012222,,AJ,v2,,,,,,,,,,,,,
SRB-0012221,,AJ,v2,,,,,,,,,,,,,
SRB-0012220,,AJ,v2,,,,,,,,,,,,,
SRB-0012219,,AJ,v2,,,,,,,,,,,,,
SRB-0012217,,AJ,v2,,,,,,,,,,,,,
SRB-0012216,,AJ,v2,,,,,,,,,,,,,
SRB-0012215,,AJ,v2,,,,,,,,,,,,,
SRB-0012214,,AJ,v2,,,,,,,,,,,,,
SRB-0012206,,AJ,v2,,,,,,,,,,,,,
SRB-0012205,,AJ,v2,,,,,,,,,,,,,
SRB-0012203,,AJ,v2,,,,,,,,,,,,,
SRB-0012201,,AJ,v2,,,,,,,,,,,,,
SRB-0012200,,AJ,v2,,,,,,,,,,,,,
SRB-0012199,,AJ,v2,,,,,,,,,,,,,
SRB-0012198,,AJ,v2,,,,,,,,,,,,,
SRB-0012197,,AJ,v2,,,,,,,,,,,,,
SRB-0012190,,AJ,v2,,,,,,,,,,,,,
SRB-0012183,,AJ,v2,,,,,,,,,,,,,
SRB-0012179,,AJ,v2,,,,,,,,,,,,,
SRB-0012175,,AJ,v2,,,,,,,,,,,,,
SRB-0012167,,AJ,v2,,,,,,,,,,,,,
SRB-0012164,,AJ,v2,,,,,,,,,,,,,
SRB-0012160,,AJ,v2,,,,,,,,,,,,,
SRB-0012159,,AJ,v2,,,,,,,,,,,,,
SRB-0012158,,AJ,v2,,,,,,,,,,,,,
SRB-0012157,,AJ,v2,,,,,,,,,,,,,
SRB-0012155,,AJ,v2,,,,,,,,,,,,,
SRB-0012151,,AJ,v2,,,,,,,,,,,,,
SRB-0012150,,AJ,v2,,,,,,,,,,,,,
SRB-0012149,,AJ,v2,,,,,,,,,,,,,
SRB-0012147,,AJ,v2,,,,,,,,,,,,,
SRB-0012144,,AJ,v2,,,,,,,,,,,,,
SRB-0012142,,AJ,v2,,,,,,,,,,,,,
SRB-0012140,,AJ,v2,,,,,,,,,,,,,
SRB-0012138,,AJ,v2,,,,,,,,,,,,,
SRB-0012137,,AJ,v2,,,,,,,,,,,,,
SRB-0012136,,AJ,v2,,,,,,,,,,,,,
SRB-0012133,,AJ,v2,,,,,,,,,,,,,
SRB-0012132,,AJ,v2,,,,,,,,,,,,,
SRB-0012131,,AJ,v2,,,,,,,,,,,,,
SRB-0012127,,AJ,v2,,,,,,,,,,,,,
SRB-0012126,,AJ,v2,,,,,,,,,,,,,
SRB-0012124,,AJ,v2,,,,,,,,,,,,,
SRB-0012120,,AJ,v2,,,,,,,,,,,,,
SRB-0012114,,AJ,v2,,,,,,,,,,,,,
SRB-0012113,,AJ,v2,,,,,,,,,,,,,
SRB-0012108,,AJ,v2,,,,,,,,,,,,,
SRB-0012104,,AJ,v2,,,,,,,,,,,,,
SRB-0012103,,AJ,v2,,,,,,,,,,,,,
SRB-0012102,,AJ,v2,,,,,,,,,,,,,
SRB-0012098,,AJ,v2,,,,,,,,,,,,,
SRB-0012094,,AJ,v2,,,,,,,,,,,,,
SRB-0012093,,AJ,v2,,,,,,,,,,,,,
SRB-0012092,,AJ,v2,,,,,,,,,,,,,
SRB-0012087,,AJ,v2,,,,,,,,,,,,,
SRB-0012086,,AJ,v2,,,,,,,,,,,,,
SRB-0012085,,AJ,v2,,,,,,,,,,,,,
SRB-0012083,,AJ,v2,,,,,,,,,,,,,
SRB-0012077,,AJ,v2,,,,,,,,,,,,,
SRB-0012075,,AJ,v2,,,,,,,,,,,,,
SRB-0012071,,AJ,v2,,,,,,,,,,,,,
SRB-0012070,,AJ,v2,,,,,,,,,,,,,
SRB-0012069,,AJ,v2,,,,,,,,,,,,,
SRB-0012068,,AJ,v2,,,,,,,,,,,,,
SRB-0012067,,AJ,v2,,,,,,,,,,,,,
SRB-0012066,,AJ,v2,,,,,,,,,,,,,
SRB-0012063,,AJ,v2,,,,,,,,,,,,,
SRB-0012062,,AJ,v2,,,,,,,,,,,,,
SRB-0012060,,AJ,v2,,,,,,,,,,,,,
SRB-0012058,,AJ,v2,,,,,,,,,,,,,
SRB-0012057,,AJ,v2,,,,,,,,,,,,,
SRB-0012055,,AJ,v2,,,,,,,,,,,,,
SRB-0012050,,AJ,v2,,,,,,,,,,,,,
SRB-0012047,,AJ,v2,,,,,,,,,,,,,
SRB-0012044,,AJ,v2,,,,,,,,,,,,,
SRB-0012041,,AJ,v2,,,,,,,,,,,,,
SRB-0012038,,AJ,v2,,,,,,,,,,,,,
SRB-0012034,,AJ,v2,,,,,,,,,,,,,
SRB-0012031,,AJ,v2,,,,,,,,,,,,,
SRB-0012027,,AJ,v2,,,,,,,,,,,,,
SRB-0012024,,AJ,v2,,,,,,,,,,,,,
SRB-0012023,,AJ,v2,,,,,,,,,,,,,
SRB-0012022,,AJ,v2,,,,,,,,,,,,,
SRB-0012021,,AJ,v2,,,,,,,,,,,,,
SRB-0012020,,AJ,v2,,,,,,,,,,,,,
SRB-0012018,,AJ,v2,,,,,,,,,,,,,
SRB-0012012,,AJ,v2,,,,,,,,,,,,,
SRB-0012011,,AJ,v2,,,,,,,,,,,,,
SRB-0012009,,AJ,v2,,,,,,,,,,,,,
SRB-0012008,,AJ,v2,,,,,,,,,,,,,
SRB-0012006,,AJ,v2,,,,,,,,,,,,,
SRB-0012003,,AJ,v2,,,,,,,,,,,,,
SRB-0011998,,AJ,v2,,,,,,,,,,,,,
SRB-0011996,,AJ,v2,,,,,,,,,,,,,
SRB-0011987,,AJ,v2,,,,,,,,,,,,,
SRB-0011984,,AJ,v2,,,,,,,,,,,,,
SRB-0011983,,AJ,v2,,,,,,,,,,,,,
SRB-0011978,,AJ,v2,,,,,,,,,,,,,
SRB-0011976,,AJ,v2,,,,,,,,,,,,,
SRB-0011972,,AJ,v2,,,,,,,,,,,,,
SRB-0011953,,AJ,v2,,,,,,,,,,,,,
SRB-0011949,,AJ,v2,,,,,,,,,,,,,
SRB-0011946,,AJ,v2,,,,,,,,,,,,,
SRB-0011944,,AJ,v2,,,,,,,,,,,,,
SRB-0011930,,AJ,v2,,,,,,,,,,,,,
SRB-0011927,,AJ,v2,,,,,,,,,,,,,
SRB-0011923,,AJ,v2,,,,,,,,,,,,,
SRB-0011918,,AJ,v2,,,,,,,,,,,,,
SRB-0011912,,AJ,v2,,,,,,,,,,,,,
SRB-0011909,,AJ,v2,,,,,,,,,,,,,
SRB-0011908,,AJ,v2,,,,,,,,,,,,,
SRB-0011907,,AJ,v2,,,,,,,,,,,,,
SRB-0011906,,AJ,v2,,,,,,,,,,,,,
SRB-0011881,,AJ,v2,,,,,,,,,,,,,
SRB-0011880,,AJ,v2,,,,,,,,,,,,,
SRB-0011823,,AJ,v2,,,,,,,,,,,,,
SRB-0011822,,AJ,v2,,,,,,,,,,,,,
SRB-0011821,,AJ,v2,,,,,,,,,,,,,
SRB-0011820,,AJ,v2,,,,,,,,,,,,,
SRB-0011742,,AJ,v2,,,,,,,,,,,,,
SRB-0011741,,AJ,v2,,,,,,,,,,,,,
SRB-0011740,,AJ,v2,,,,,,,,,,,,,
SRB-0011732,,AJ,v2,,,,,,,,,,,,,
SRB-0011731,,AJ,v2,,,,,,,,,,,,,
SRB-0011730,,AJ,v2,,,,,,,,,,,,,
SRB-0011729,,AJ,v2,,,,,,,,,,,,,
SRB-0011728,,AJ,v2,,,,,,,,,,,,,
SRB-0011727,,AJ,v2,,,,,,,,,,,,,
SRB-0011726,,AJ,v2,,,,,,,,,,,,,
SRB-0011725,,AJ,v2,,,,,,,,,,,,,
SRB-0011503,,AJ,v2,,,,,,,,,,,,,
SRB-0011445,,AJ,v2,,,,,,,,,,,,,
SRB-0011443,,AJ,v2,,,,,,,,,,,,,
SRB-0011442,,AJ,v2,,,,,,,,,,,,,
SRB-0011432,,AJ,v2,,,,,,,,,,,,,
SRB-0011431,,AJ,v2,,,,,,,,,,,,,
SRB-0011430,,AJ,v2,,,,,,,,,,,,,
SRB-0011429,,AJ,v2,,,,,,,,,,,,,
SRB-0011428,,AJ,v2,,,,,,,,,,,,,
SRB-0011420,,AJ,v2,,,,,,,,,,,,,
SRB-0011379,,AJ,v2,,,,,,,,,,,,,
SRB-0011323,,AJ,v2,,,,,,,,,,,,,
SRB-0011322,,AJ,v2,,,,,,,,,,,,,
SRB-0011321,,AJ,v2,,,,,,,,,,,,,
SRB-0011320,,AJ,v2,,,,,,,,,,,,,
SRB-0011319,,AJ,v2,,,,,,,,,,,,,
SRB-0011311,,AJ,v2,,,,,,,,,,,,,
SRB-0011310,,AJ,v2,,,,,,,,,,,,,
SRB-0011309,,AJ,v2,,,,,,,,,,,,,
SRB-0011308,,AJ,v2,,,,,,,,,,,,,
SRB-0011307,,AJ,v2,,,,,,,,,,,,,
SRB-0011287,,AJ,v2,,,,,,,,,,,,,
SRB-0011286,,AJ,v2,,,,,,,,,,,,,
SRB-0011285,,AJ,v2,,,,,,,,,,,,,
SRB-0011284,,AJ,v2,,,,,,,,,,,,,
SRB-0011283,,AJ,v2,,,,,,,,,,,,,
SRB-0011282,,AJ,v2,,,,,,,,,,,,,
SRB-0011281,,AJ,v2,,,,,,,,,,,,,
SRB-0011280,,AJ,v2,,,,,,,,,,,,,
SRB-0011279,,AJ,v2,,,,,,,,,,,,,
SRB-0011278,,AJ,v2,,,,,,,,,,,,,
SRB-0011277,,AJ,v2,,,,,,,,,,,,,
SRB-0011276,,AJ,v2,,,,,,,,,,,,,
SRB-0011275,,AJ,v2,,,,,,,,,,,,,
SRB-0011274,,AJ,v2,,,,,,,,,,,,,
SRB-0011273,,AJ,v2,,,,,,,,,,,,,
SRB-0011272,,AJ,v2,,,,,,,,,,,,,
SRB-0011271,,AJ,v2,,,,,,,,,,,,,
SRB-0011270,,AJ,v2,,,,,,,,,,,,,
SRB-0011269,,AJ,v2,,,,,,,,,,,,,
SRB-0011268,,AJ,v2,,,,,,,,,,,,,
SRB-0011266,,AJ,v2,,,,,,,,,,,,,
SRB-0011265,,AJ,v2,,,,,,,,,,,,,
SRB-0011263,,AJ,v2,,,,,,,,,,,,,
SRB-0011261,,AJ,v2,,,,,,,,,,,,,
SRB-0011260,,AJ,v2,,,,,,,,,,,,,
SRB-0011259,,AJ,v2,,,,,,,,,,,,,
SRB-0011258,,AJ,v2,,,,,,,,,,,,,
SRB-0011257,,AJ,v2,,,,,,,,,,,,,
SRB-0011254,,AJ,v2,,,,,,,,,,,,,
SRB-0011253,,AJ,v2,,,,,,,,,,,,,
SRB-0011252,,AJ,v2,,,,,,,,,,,,,
SRB-0011251,,AJ,v2,,,,,,,,,,,,,
SRB-0011250,,AJ,v2,,,,,,,,,,,,,
SRB-0011249,,AJ,v2,,,,,,,,,,,,,
SRB-0011247,,AJ,v2,,,,,,,,,,,,,
SRB-0011244,,AJ,v2,,,,,,,,,,,,,
SRB-0011243,,AJ,v2,,,,,,,,,,,,,
SRB-0011241,,AJ,v2,,,,,,,,,,,,,
SRB-0011240,,AJ,v2,,,,,,,,,,,,,
SRB-0011239,,AJ,v2,,,,,,,,,,,,,
SRB-0011238,,AJ,v2,,,,,,,,,,,,,
SRB-0011237,,AJ,v2,,,,,,,,,,,,,
SRB-0011236,,AJ,v2,,,,,,,,,,,,,
SRB-0011235,,AJ,v2,,,,,,,,,,,,,
SRB-0011234,,AJ,v2,,,,,,,,,,,,,
SRB-0011233,,AJ,v2,,,,,,,,,,,,,
SRB-0011232,,AJ,v2,,,,,,,,,,,,,
SRB-0011230,,AJ,v2,,,,,,,,,,,,,
SRB-0011229,,AJ,v2,,,,,,,,,,,,,
SRB-0011228,,AJ,v2,,,,,,,,,,,,,
SRB-0011227,,AJ,v2,,,,,,,,,,,,,
SRB-0011226,,AJ,v2,,,,,,,,,,,,,
SRB-0011225,,AJ,v2,,,,,,,,,,,,,
SRB-0011224,,AJ,v2,,,,,,,,,,,,,
SRB-0011223,,AJ,v2,,,,,,,,,,,,,
SRB-0011222,,AJ,v2,,,,,,,,,,,,,
SRB-0011220,,AJ,v2,,,,,,,,,,,,,
SRB-0011219,,AJ,v2,,,,,,,,,,,,,
SRB-0011218,,AJ,v2,,,,,,,,,,,,,
SRB-0011217,,AJ,v2,,,,,,,,,,,,,
SRB-0011216,,AJ,v2,,,,,,,,,,,,,
SRB-0011215,,AJ,v2,,,,,,,,,,,,,
SRB-0011214,,AJ,v2,,,,,,,,,,,,,
SRB-0011213,,AJ,v2,,,,,,,,,,,,,
SRB-0011212,,AJ,v2,,,,,,,,,,,,,
SRB-0011211,,AJ,v2,,,,,,,,,,,,,
SRB-0011209,,AJ,v2,,,,,,,,,,,,,
SRB-0011208,,AJ,v2,,,,,,,,,,,,,
SRB-0011207,,AJ,v2,,,,,,,,,,,,,
SRB-0011206,,AJ,v2,,,,,,,,,,,,,
SRB-0011205,,AJ,v2,,,,,,,,,,,,,
SRB-0011204,,AJ,v2,,,,,,,,,,,,,
SRB-0011203,,AJ,v2,,,,,,,,,,,,,
SRB-0011202,,AJ,v2,,,,,,,,,,,,,
SRB-0011201,,AJ,v2,,,,,,,,,,,,,
SRB-0011200,,AJ,v2,,,,,,,,,,,,,
SRB-0011199,,AJ,v2,,,,,,,,,,,,,
SRB-0011197,,AJ,v2,,,,,,,,,,,,,
SRB-0011196,,AJ,v2,,,,,,,,,,,,,
SRB-0011195,,AJ,v2,,,,,,,,,,,,,
SRB-0011194,,AJ,v2,,,,,,,,,,,,,
SRB-0011193,,AJ,v2,,,,,,,,,,,,,
SRB-0011192,,AJ,v2,,,,,,,,,,,,,
SRB-0011191,,AJ,v2,,,,,,,,,,,,,
SRB-0011190,,AJ,v2,,,,,,,,,,,,,
SRB-0011189,,AJ,v2,,,,,,,,,,,,,
SRB-0011188,,AJ,v2,,,,,,,,,,,,,
SRB-0011187,,AJ,v2,,,,,,,,,,,,,
SRB-0011186,,AJ,v2,,,,,,,,,,,,,
SRB-0011185,,AJ,v2,,,,,,,,,,,,,
SRB-0011183,,AJ,v2,,,,,,,,,,,,,
SRB-0011181,,AJ,v2,,,,,,,,,,,,,
SRB-0011180,,AJ,v2,,,,,,,,,,,,,
SRB-0011178,,AJ,v2,,,,,,,,,,,,,
SRB-0011177,,AJ,v2,,,,,,,,,,,,,
SRB-0011176,,AJ,v2,,,,,,,,,,,,,
SRB-0011170,,AJ,v2,,,,,,,,,,,,,
SRB-0011168,,AJ,v2,,,,,,,,,,,,,
SRB-0011167,,AJ,v2,,,,,,,,,,,,,
SRB-0011166,,AJ,v2,,,,,,,,,,,,,
SRB-0011164,,AJ,v2,,,,,,,,,,,,,
SRB-0011162,,AJ,v2,,,,,,,,,,,,,
SRB-0011159,,AJ,v2,,,,,,,,,,,,,
SRB-0011158,,AJ,v2,,,,,,,,,,,,,
SRB-0011156,,AJ,v2,,,,,,,,,,,,,
SRB-0011154,,AJ,v2,,,,,,,,,,,,,
SRB-0011153,,AJ,v2,,,,,,,,,,,,,
SRB-0011152,,AJ,v2,,,,,,,,,,,,,
SRB-0011151,,AJ,v2,,,,,,,,,,,,,
SRB-0011150,,AJ,v2,,,,,,,,,,,,,
SRB-0011149,,AJ,v2,,,,,,,,,,,,,
SRB-0011148,,AJ,v2,,,,,,,,,,,,,
SRB-0011147,,AJ,v2,,,,,,,,,,,,,
SRB-0011146,,AJ,v2,,,,,,,,,,,,,
SRB-0011145,,AJ,v2,,,,,,,,,,,,,
SRB-0011144,,AJ,v2,,,,,,,,,,,,,
SRB-0011142,,AJ,v2,,,,,,,,,,,,,
SRB-0011141,,AJ,v2,,,,,,,,,,,,,
SRB-0011138,,AJ,v2,,,,,,,,,,,,,
SRB-0011137,,AJ,v2,,,,,,,,,,,,,
SRB-0011136,,AJ,v2,,,,,,,,,,,,,
SRB-0011135,,AJ,v2,,,,,,,,,,,,,
SRB-0011134,,AJ,v2,,,,,,,,,,,,,
SRB-0011133,,AJ,v2,,,,,,,,,,,,,
SRB-0011132,,AJ,v2,,,,,,,,,,,,,
SRB-0011131,,AJ,v2,,,,,,,,,,,,,
SRB-0011130,,AJ,v2,,,,,,,,,,,,,
SRB-0011129,,AJ,v2,,,,,,,,,,,,,
SRB-0011128,,AJ,v2,,,,,,,,,,,,,
SRB-0011127,,AJ,v2,,,,,,,,,,,,,
SRB-0011125,,AJ,v2,,,,,,,,,,,,,
SRB-0011124,,AJ,v2,,,,,,,,,,,,,
SRB-0011123,,AJ,v2,,,,,,,,,,,,,
SRB-0011122,,AJ,v2,,,,,,,,,,,,,
SRB-0011121,,AJ,v2,,,,,,,,,,,,,
SRB-0011119,,AJ,v2,,,,,,,,,,,,,
SRB-0011117,,AJ,v2,,,,,,,,,,,,,
SRB-0011116,,AJ,v2,,,,,,,,,,,,,
SRB-0011115,,AJ,v2,,,,,,,,,,,,,
SRB-0011114,,AJ,v2,,,,,,,,,,,,,
SRB-0011113,,AJ,v2,,,,,,,,,,,,,
SRB-0011112,,AJ,v2,,,,,,,,,,,,,
SRB-0011111,,AJ,v2,,,,,,,,,,,,,
SRB-0011109,,AJ,v2,,,,,,,,,,,,,
SRB-0011108,,AJ,v2,,,,,,,,,,,,,
SRB-0011105,,AJ,v2,,,,,,,,,,,,,
SRB-0011104,,AJ,v2,,,,,,,,,,,,,
SRB-0011103,,AJ,v2,,,,,,,,,,,,,
SRB-0011102,,AJ,v2,,,,,,,,,,,,,
SRB-0011100,,AJ,v2,,,,,,,,,,,,,
SRB-0011099,,AJ,v2,,,,,,,,,,,,,
SRB-0011098,,AJ,v2,,,,,,,,,,,,,
SRB-0011097,,AJ,v2,,,,,,,,,,,,,
SRB-0011095,,AJ,v2,,,,,,,,,,,,,
SRB-0011094,,AJ,v2,,,,,,,,,,,,,
SRB-0011093,,AJ,v2,,,,,,,,,,,,,
SRB-0011092,,AJ,v2,,,,,,,,,,,,,
SRB-0011091,,AJ,v2,,,,,,,,,,,,,
SRB-0011065,,AJ,v2,,,,,,,,,,,,,
SRB-0010977,,AJ,v2,SRB-0010977-001,SERAC,FBXO31,HepG2,WildType,24,10,Pw135,1,30,High (>25),EPOP;SPRY1;SERPINE1;IGFBP1;ZNF7;LOX;HAL;TNFSF10;CYP2J2;PRR3;PIGH;STK11;HLF;CA9;ZNF771;LYSMD3;UBE3B;MEGF8;AMZ2;CCDC71;C4orf3;SERAC1;RNF41;EPS8L2;DDIT4;MTMR4;CLN8;ANGPTL2;ZSCAN21;SNX14,19.05.2026
SRB-0010973,,AJ,v2,SRB-0010973-001,SERAC,FBXO31,HepG2,WildType,24,10,Pw147,1,7,Low (2-10),RASSF7;COTL1;MIC13;ERP27;BCL7B;ALDH8A1;DDIT4,19.05.2026
SRB-0010970,,AJ,v2,,,,,,,,,,,,,
SRB-0010969,,AJ,v2,,,,,,,,,,,,,
SRB-0010963,,AJ,v2,,,,,,,,,,,,,
SRB-0010962,,AJ,v2,,,,,,,,,,,,,
SRB-0010960,,AJ,v2,,,,,,,,,,,,,
SRB-0010940,,AJ,v2,,,,,,,,,,,,,
SRB-0010938,,AJ,v2,,,,,,,,,,,,,
SRB-0010937,,AJ,v2,,,,,,,,,,,,,
SRB-0010936,,AJ,v2,,,,,,,,,,,,,
SRB-0010935,,AJ,v2,,,,,,,,,,,,,
SRB-0010934,,AJ,v2,,,,,,,,,,,,,
SRB-0010933,,AJ,v2,SRB-0010933-001,SERAC,FBXO31,HepG2,WildType,24,10,Pw136,1,2,Low (2-10),F12;RFNG,19.05.2026
SRB-0010932,,AJ,v2,,,,,,,,,,,,,
SRB-0010875,,AJ,v2,SRB-0010875-001,SERAC,FBXO31,HepG2,WildType,24,10,Pw121,1,21,Medium (11-25),BTN3A3;XPNPEP2;CAPN15;SLC2A10;TTR;F7;MIF;MMP11;PCK1;HAL;SLC1A2;FAAP100;TMTC4;FBXO31;TRIM65;CRTC1;TP53INP2;NAGS;RNPEPL1;ZBTB20;NAT8,19.05.2026
SRB-0010754,,AJ,v2,SRB-0010754-001,SERAC,FBXO31,HepG2,WildType,24,10,Pw111,1,0,Silent,,19.05.2026
SRB-0010753,,AJ,v2,,,,,,,,,,,,,
SRB-0010752,,AJ,v2,,,,,,,,,,,,,
SRB-0010751,,AJ,v2,,,,,,,,,,,,,
SRB-0010750,,AJ,v2,SRB-0010750-001,SERAC,FBXO31,HepG2,WildType,24,10,Pw120,1,2,Low (2-10),HNRNPC;NOCT,19.05.2026
SRB-0010749,,AJ,v2,SRB-0010749-001,SERAC,FBXO31,HepG2,WildType,24,10,Pw120,1,0,Silent,,19.05.2026
SRB-0010748,,AJ,v2,SRB-0010748-001,SERAC,FBXO31,HepG2,WildType,24,10,Pw108,1,1,Single (1),MEF2A,19.05.2026
SRB-0010747,,AJ,v2,SRB-0010747-001,SERAC,FBXO31,HepG2,WildType,24,10,Pw108,1,6,Low (2-10),MT-ND6;DLX6;HM13;FNIP1;PLIN2;PODXL2,19.05.2026
SRB-0010746,,AJ,v2,SRB-0010746-001,SERAC,FBXO31,HepG2,WildType,24,10,Pw108,1,2,Low (2-10),C17orf100;PFKM,19.05.2026
SRB-0010745,,AJ,v2,SRB-0010745-001,SERAC,FBXO31,HepG2,WildType,24,10,Pw108,1,0,Silent,,19.05.2026
SRB-0010744,,AJ,v2,SRB-0010744-001,SERAC,FBXO31,HepG2,WildType,24,10,Pw111,1,3,Low (2-10),MT1X;INA;KAT6A,19.05.2026
SRB-0010743,,AJ,v2,SRB-0010743-001,SERAC,FBXO31,HepG2,WildType,24,10,Pw109,1,6,Low (2-10),CNBP;PITX1;NT5DC1;TRMT44;IFT122;TMEM161A,19.05.2026
SRB-0010742,,AJ,v2,SRB-0010742-001,SERAC,FBXO31,HepG2,WildType,24,10,Pw109,1,1,Single (1),CYP3A7,19.05.2026
SRB-0010741,,AJ,v2,SRB-0010741-001,SERAC,FBXO31,HepG2,WildType,24,10,Pw111,1,2,Low (2-10),FBXO31;WDR25,19.05.2026
SRB-0010740,,AJ,v2,SRB-0010740-001,SERAC,FBXO31,HepG2,WildType,24,10,Pw108,1,1,Single (1),TMEM184C,19.05.2026
SRB-0010739,,AJ,v2,SRB-0010739-001,SERAC,FBXO31,HepG2,WildType,24,10,Pw108,1,1,Single (1),LRP10,19.05.2026
SRB-0010738,,AJ,v2,SRB-0010738-001,SERAC,FBXO31,HepG2,WildType,24,10,Pw107,1,0,Silent,,19.05.2026
SRB-0010737,,AJ,v2,SRB-0010737-001,SERAC,FBXO31,HepG2,WildType,24,10,Pw107,1,114,High (>25),LCHN;NME4;ITGB1BP1;UBD;SIVA1;BNIP3L;OBSL1;GMNN;NDUFA3;KIF20A;NPTXR;FGA;APOH;ARG1;GJB1;HMOX1;IL1R1;BTF3;EFNA1;ACVR2A;LOX;PML;CDC25B;CDC25C;HNF1B;LIFR;SLC1A2;DNA2;DLX6;RAD51;DPYD;BNIP3;DHRS2;SKP2;EIF4EBP2;TRIM14;PCLAF;MAPK14;HIF1A;CDKN3;PCK2;ESCO2;DGKK;IDNK;TSTD2;MYOM3;PSRC1;FBXO38;FAM111B;SARM1;TMCO3;ABHD15;SLC30A10;SLC39A5;MCM10;NET1;PEG10;SAPCD2;LAPTM4B;LRP11;COA5;MEX3D;HRNR;SIX5;SVBP;LARGE2;ARHGEF39;AADAT;POC1A;VANGL1;SMARCC2;ZNF417;DEPDC1B;KBTBD7;PMM1;RILPL2;ADIPOR1;ZBTB9;LRRC58;CXorf40B;PIK3IP1;CEP95;CALML4;PRR11;PKMYT1;CITED2;PRADC1;BRIP1;PARD6G;FAM126A;TWSG1;TXNIP;PPDPF;LIME1;ANTXR1;C1orf115;TNS1;DUSP22;HELLS;ASF1B;ZNF358;TMEM248;DONSON;MIS18A;STMN3;DTL;CIDEB;NAT8;FBXO9;CNOT6;SUFU;COQ4;KNSTRN;TNFRSF11A,19.05.2026
SRB-0010736,,AJ,v2,SRB-0010736-001,SERAC,FBXO31,HepG2,WildType,24,10,Pw108,1,1,Single (1),PTGR2,19.05.2026
SRB-0010735,,AJ,v2,SRB-0010735-001,SERAC,FBXO31,HepG2,WildType,24,10,Pw121,1,0,Silent,,19.05.2026
SRB-0010734,,AJ,v2,SRB-0010734-001,SERAC,FBXO31,HepG2,WildType,24,10,Pw107,1,0,Silent,,19.05.2026
SRB-0010733,,AJ,v2,SRB-0010733-001,SERAC,FBXO31,HepG2,WildType,24,10,Pw113,1,2,Low (2-10),MYO1G;SERINC5,19.05.2026
SRB-0010732,,AJ,v2,,,,,,,,,,,,,
SRB-0010731,,AJ,v2,SRB-0010731-001,SERAC,FBXO31,HepG2,WildType,24,10,Pw113,1,1,Single (1),ADAT2,19.05.2026
SRB-0010730,,AJ,v2,SRB-0010730-001,SERAC,FBXO31,HepG2,WildType,24,10,Pw107,1,3,Low (2-10),PPIC;NCOA1;SLC35C2,19.05.2026
SRB-0010729,,AJ,v2,SRB-0010729-001,SERAC,FBXO31,HepG2,WildType,24,10,Pw109,1,2,Low (2-10),LRP8;MRNIP,19.05.2026
SRB-0010728,,AJ,v2,SRB-0010728-001,SERAC,FBXO31,HepG2,WildType,24,10,Pw111,1,18,Medium (11-25),TUBAL3;BNIP3L;SFT2D2;ANG;HIST1H1D;PML;RAB15;BNIP3;MED13L;PKMYT1;PAIP2;PARD6G;TXNIP;SUV39H2;ANTXR1;FANCF;SEPT9;PCDHB2,19.05.2026
SRB-0010727,,AJ,v2,SRB-0010727-001,SERAC,FBXO31,HepG2,WildType,24,10,Pw106,1,9,Low (2-10),ENDOG;ZNF672;TTC19;MEX3D;PDPR;RILP;CPLANE1;S100A14;JRKL,19.05.2026
SRB-0010726,,AJ,v2,SRB-0010726-001,SERAC,FBXO31,HepG2,WildType,24,10,Pw107,1,1,Single (1),IER3IP1,19.05.2026
SRB-0010725,,AJ,v2,SRB-0010725-001,SERAC,FBXO31,HepG2,WildType,24,10,Pw108,1,0,Silent,,19.05.2026
SRB-0010724,,AJ,v2,SRB-0010724-001,SERAC,FBXO31,HepG2,WildType,24,10,Pw110,1,1,Single (1),PTGR2,19.05.2026
SRB-0010723,,AJ,v2,SRB-0010723-001,SERAC,FBXO31,HepG2,WildType,24,10,Pw111,1,0,Silent,,19.05.2026
SRB-0010722,,AJ,v2,SRB-0010722-001,SERAC,FBXO31,HepG2,WildType,24,10,Pw109,1,1,Single (1),CEP95,19.05.2026
SRB-0010721,,AJ,v2,SRB-0010721-001,SERAC,FBXO31,HepG2,WildType,24,10,Pw112,1,69,High (>25),LBHD2;FAM92A;SCD;UBD;SIVA1;CCP110;BNIP3L;FADS1;CLIC3;FADS2;HMGCR;KRT16;HMOX1;CYP19A1;TCF3;EFNA1;MPZ;PCK1;FDFT1;METAP2;AFF1;HIST1H4A;HMGCS1;BNIP3;SKP2;ESPL1;MELK;PCLAF;CYP51A1;INAVA;TIGD2;AKIRIN2;PHF19;MYSM1;PSRC1;FAM111B;SLCO4C1;NUDT18;MCM10;SAPCD2;MOGAT3;SFR1;FUNDC1;C17orf53;PCSK9;FAM168A;SNX21;LRRC58;WDR34;ADAT3;WDYHV1;PRR11;C7orf26;FAM111A;NR1H4;PLIN2;CENPK;PRADC1;ALDH8A1;ARV1;TXNIP;PIGM;LIME1;OPA3;IFT22;ASF1B;TOR4A;DONSON;FBXO5,19.05.2026
SRB-0010720,,AJ,v2,SRB-0010720-001,SERAC,FBXO31,HepG2,WildType,24,10,Pw112,1,3,Low (2-10),B4GALT5;PAQR7;TP53INP2,19.05.2026
SRB-0010719,,AJ,v2,SRB-0010719-001,SERAC,FBXO31,HepG2,WildType,24,10,Pw107,1,6,Low (2-10),TSPAN3;LAPTM4B;MFSD14A;TMEM56;EPB41L1;CHIC2,19.05.2026
SRB-0010718,,AJ,v2,SRB-0010718-001,SERAC,FBXO31,HepG2,WildType,24,10,Pw113,1,0,Silent,,19.05.2026
SRB-0010717,,AJ,v2,SRB-0010717-001,SERAC,FBXO31,HepG2,WildType,24,10,Pw111,1,3,Low (2-10),ANXA4;PXDC1;AZI2,19.05.2026
SRB-0010716,,AJ,v2,SRB-0010716-001,SERAC,FBXO31,HepG2,WildType,24,10,Pw107,1,4,Low (2-10),NFAT5;HPD;IRF9;CKAP2,19.05.2026
SRB-0010715,,AJ,v2,SRB-0010715-001,SERAC,FBXO31,HepG2,WildType,24,10,Pw117,1,1,Single (1),PDCD2L,19.05.2026
SRB-0010714,,AJ,v2,SRB-0010714-001,SERAC,FBXO31,HepG2,WildType,24,10,Pw107,1,1,Single (1),GDPD3,19.05.2026
SRB-0010713,,AJ,v2,SRB-0010713-001,SERAC,FBXO31,HepG2,WildType,24,10,Pw109,1,2,Low (2-10),KRT16;RAB9B,19.05.2026
SRB-0010712,,AJ,v2,SRB-0010712-001,SERAC,FBXO31,HepG2,WildType,24,10,Pw106,1,10,Low (2-10),FGFR1;MMP14;LRP8;TEDC1;ZDHHC14;UNC45A;UNC45A;CPLANE1;PNPLA8;ZFP64,19.05.2026
SRB-0010711,,AJ,v2,SRB-0010711-001,SERAC,FBXO31,HepG2,WildType,24,10,Pw108,1,0,Silent,,19.05.2026
SRB-0010710,,AJ,v2,SRB-0010710-001,SERAC,FBXO31,HepG2,WildType,24,10,Pw117,1,4,Low (2-10),ALDH1A2;CKMT1A;NFYB;DEF8,19.05.2026
SRB-0010709,,AJ,v2,SRB-0010709-001,SERAC,FBXO31,HepG2,WildType,24,10,Pw113,1,4,Low (2-10),MAPKBP1;BHLHA15;TRIM36;RFNG,19.05.2026
SRB-0010708,,AJ,v2,SRB-0010708-001,SERAC,FBXO31,HepG2,WildType,24,10,Pw109,1,4,Low (2-10),RPGRIP1L;TRIB3;FAM173A;CPNE7,19.05.2026
SRB-0010707,,AJ,v2,SRB-0010707-001,SERAC,FBXO31,HepG2,WildType,24,10,Pw128,1,2,Low (2-10),MAPK14;EVA1A,19.05.2026
SRB-0010706,,AJ,v2,SRB-0010706-001,SERAC,FBXO31,HepG2,WildType,24,10,Pw108,1,2,Low (2-10),TP53;CYP2J2,19.05.2026
SRB-0010705,,AJ,v2,SRB-0010705-001,SERAC,FBXO31,HepG2,WildType,24,10,Pw110,1,2,Low (2-10),PIK3CA;BASP1,19.05.2026
SRB-0010704,,AJ,v2,SRB-0010704-001,SERAC,FBXO31,HepG2,WildType,24,10,Pw128,1,4,Low (2-10),RBP4;INHA;BMP4;TRPM7,19.05.2026
SRB-0010703,,AJ,v2,SRB-0010703-001,SERAC,FBXO31,HepG2,WildType,24,10,Pw117,1,1,Single (1),ALDOB,19.05.2026
SRB-0010702,,AJ,v2,SRB-0010702-001,SERAC,FBXO31,HepG2,WildType,24,10,Pw139,1,5,Low (2-10),OSTM1;PTGR2;ZFP62;SH3TC1;SSX2IP,19.05.2026
SRB-0010701,,AJ,v2,,,,,,,,,,,,,
SRB-0010700,,AJ,v2,SRB-0010700-001,SERAC,FBXO31,HepG2,WildType,24,10,Pw108,1,0,Silent,,19.05.2026
SRB-0010699,,AJ,v2,SRB-0010699-001,SERAC,FBXO31,HepG2,WildType,24,10,Pw118,1,2,Low (2-10),OIP5;PTGR2,19.05.2026
SRB-0010698,,AJ,v2,SRB-0010698-001,SERAC,FBXO31,HepG2,WildType,24,10,Pw114,1,7,Low (2-10),USP12;ETS2;RAD51;HGSNAT;SMIM8;SNRK;TOR4A,19.05.2026
SRB-0010697,,AJ,v2,SRB-0010697-001,SERAC,FBXO31,HepG2,WildType,24,10,Pw128,1,4,Low (2-10),FADS1;SCARA3;RBM18;TMEM248,19.05.2026
SRB-0010696,,AJ,v2,SRB-0010696-001,SERAC,FBXO31,HepG2,WildType,24,10,Pw114,1,1,Single (1),MT2A,19.05.2026
SRB-0010695,,AJ,v2,SRB-0010695-001,SERAC,FBXO31,HepG2,WildType,24,10,Pw111,1,1,Single (1),FLCN,19.05.2026
SRB-0010694,,AJ,v2,SRB-0010694-001,SERAC,FBXO31,HepG2,WildType,24,10,Pw126,1,0,Silent,,19.05.2026
SRB-0010693,,AJ,v2,SRB-0010693-001,SERAC,FBXO31,HepG2,WildType,24,10,Pw120,1,3,Low (2-10),ALDH1A2;MYSM1;AADAT,19.05.2026
SRB-0010692,,AJ,v2,SRB-0010692-001,SERAC,FBXO31,HepG2,WildType,24,10,Pw111,1,0,Silent,,19.05.2026
SRB-0010691,,AJ,v2,,,,,,,,,,,,,
SRB-0010690,,AJ,v2,SRB-0010690-001,SERAC,FBXO31,HepG2,WildType,24,10,Pw113,1,1,Single (1),ZBTB5,19.05.2026
SRB-0010689,,AJ,v2,SRB-0010689-001,SERAC,FBXO31,HepG2,WildType,24,10,Pw106,1,4,Low (2-10),MYC;CYP1A1;HGSNAT;ABCG8,19.05.2026
SRB-0010688,,AJ,v2,SRB-0010688-001,SERAC,FBXO31,HepG2,WildType,24,10,Pw112,1,0,Silent,,19.05.2026
SRB-0010687,,AJ,v2,SRB-0010687-001,SERAC,FBXO31,HepG2,WildType,24,10,Pw109,1,9,Low (2-10),SMPD1;RAB28;ZNF460;SURF1;AGTRAP;TEPSIN;OSBPL10;CTDSP1;CRLS1,19.05.2026
SRB-0010686,,AJ,v2,SRB-0010686-001,SERAC,FBXO31,HepG2,WildType,24,10,Pw128,1,2,Low (2-10),STAU1;ZNF813,19.05.2026
SRB-0010685,,AJ,v2,SRB-0010685-001,SERAC,FBXO31,HepG2,WildType,24,10,Pw106,1,7,Low (2-10),UBD;HIVEP2;CNEP1R1;SLC35C1;MCOLN1;ZDHHC6;SLC2A6,19.05.2026
SRB-0010684,,AJ,v2,SRB-0010684-001,SERAC,FBXO31,HepG2,WildType,24,10,Pw106,1,7,Low (2-10),MYO9A;MT1F;ETFB;FBXL19;LAPTM4B;ZBTB34;FAM173A,19.05.2026
SRB-0010683,,AJ,v2,SRB-0010683-001,SERAC,FBXO31,HepG2,WildType,24,10,Pw111,1,3,Low (2-10),PLPP1;ZDHHC4;VAPA,19.05.2026
SRB-0010682,,AJ,v2,SRB-0010682-001,SERAC,FBXO31,HepG2,WildType,24,10,Pw113,1,2,Low (2-10),GRAP;SLC7A6OS,19.05.2026
SRB-0010681,,AJ,v2,SRB-0010681-001,SERAC,FBXO31,HepG2,WildType,24,10,Pw119,1,0,Silent,,19.05.2026
SRB-0010680,,AJ,v2,SRB-0010680-001,SERAC,FBXO31,HepG2,WildType,24,10,Pw141,1,3,Low (2-10),VAMP4;TSPAN33;ZNF358,19.05.2026
SRB-0010679,,AJ,v2,SRB-0010679-001,SERAC,FBXO31,HepG2,WildType,24,10,Pw108,1,0,Silent,,19.05.2026
SRB-0010678,,AJ,v2,SRB-0010678-001,SERAC,FBXO31,HepG2,WildType,24,10,Pw111,1,4,Low (2-10),COL9A2;RUFY3;TMEM167B;VAPA,19.05.2026
SRB-0010677,,AJ,v2,SRB-0010677-001,SERAC,FBXO31,HepG2,WildType,24,10,Pw134,1,12,Medium (11-25),C9;MBL2;NFYB;HIVEP2;SLC6A6;DSTYK;FAM83H;KMT5C;TNS4;RNF26;MAFF;RABL2B,19.05.2026
SRB-0010676,,AJ,v2,SRB-0010676-001,SERAC,FBXO31,HepG2,WildType,24,10,Pw112,1,4,Low (2-10),JUNB;MCPH1;RBBP8;DCUN1D5,19.05.2026
SRB-0010675,,AJ,v2,SRB-0010675-001,SERAC,FBXO31,HepG2,WildType,24,10,Pw110,1,1,Single (1),SHC1,19.05.2026
SRB-0010674,,AJ,v2,SRB-0010674-001,SERAC,FBXO31,HepG2,WildType,24,10,Pw118,1,0,Silent,,19.05.2026
SRB-0010673,,AJ,v2,SRB-0010673-001,SERAC,FBXO31,HepG2,WildType,24,10,Pw112,1,0,Silent,,19.05.2026
SRB-0010672,,AJ,v2,SRB-0010672-001,SERAC,FBXO31,HepG2,WildType,24,10,Pw118,1,2,Low (2-10),UNC119;FANCD2,19.05.2026
SRB-0010671,,AJ,v2,SRB-0010671-001,SERAC,FBXO31,HepG2,WildType,24,10,Pw110,1,5,Low (2-10),SEC61B;ORMDL2;WDR5B;CBWD2;CCM2,19.05.2026
SRB-0010670,,AJ,v2,SRB-0010670-001,SERAC,FBXO31,HepG2,WildType,24,10,Pw119,1,4,Low (2-10),MSANTD2;GAS2L3;ARHGEF3;TIMM8B,19.05.2026
SRB-0010669,,AJ,v2,SRB-0010669-001,SERAC,FBXO31,HepG2,WildType,24,10,Pw108,1,1,Single (1),SELENOI,19.05.2026
SRB-0010668,,AJ,v2,SRB-0010668-001,SERAC,FBXO31,HepG2,WildType,24,10,Pw117,1,0,Silent,,19.05.2026
SRB-0010667,,AJ,v2,SRB-0010667-001,SERAC,FBXO31,HepG2,WildType,24,10,Pw112,1,2,Low (2-10),CLASP2;LRIG1,19.05.2026
SRB-0010666,,AJ,v2,SRB-0010666-001,SERAC,FBXO31,HepG2,WildType,24,10,Pw120,1,4,Low (2-10),TRIM13;HAL;FAM69A;MSL2,19.05.2026
SRB-0010665,,AJ,v2,SRB-0010665-001,SERAC,FBXO31,HepG2,WildType,24,10,Pw112,1,3,Low (2-10),LCAT;GRAMD4;PLEKHJ1,19.05.2026
SRB-0010664,,AJ,v2,SRB-0010664-001,SERAC,FBXO31,HepG2,WildType,24,10,Pw114,1,23,Medium (11-25),UBD;BNIP3L;LOX;DPYD;BNIP3;LMBRD2;SLC39A5;RTN4RL2;CCHCR1;ADIPOR1;LRRC58;DDX11;CCDC34;ABCG8;TXNIP;GAL3ST2;PLEKHJ1;PODXL2;MLH3;OSGIN1;FBXO9;PLAGL2;HEMK1,19.05.2026
SRB-0010663,,AJ,v2,SRB-0010663-001,SERAC,FBXO31,HepG2,WildType,24,10,Pw119,1,6,Low (2-10),CEP290;SOX12;TNFSF10;BORCS8;CINP;YAE1,19.05.2026
SRB-0010662,,AJ,v2,SRB-0010662-001,SERAC,FBXO31,HepG2,WildType,24,10,Pw109,1,3,Low (2-10),MT1E;PLEC;MKRN1,19.05.2026
SRB-0010661,,AJ,v2,SRB-0010661-001,SERAC,FBXO31,HepG2,WildType,24,10,Pw109,1,3,Low (2-10),STK11;RAB40C;BBS2,19.05.2026
SRB-0010660,,AJ,v2,SRB-0010660-001,SERAC,FBXO31,HepG2,WildType,24,10,Pw114,1,1,Single (1),PAQR7,19.05.2026
SRB-0010659,,AJ,v2,SRB-0010659-001,SERAC,FBXO31,HepG2,WildType,24,10,Pw106,1,21,Medium (11-25),SLC16A6;BNIP3L;IGFBP1;AREG;LOX;ETV4;HMGN5;TGFBR3;NR6A1;PRTG;CAMK2N1;TNS4;SPRYD3;ZCCHC10;SLCO4A1;RUNDC1;CITED2;TXNIP;C1orf112;SLC2A6;BAZ2B,19.05.2026
SRB-0010658,,AJ,v2,SRB-0010658-001,SERAC,FBXO31,HepG2,WildType,24,10,Pw113,1,1,Single (1),SENP8,19.05.2026
SRB-0010657,,AJ,v2,SRB-0010657-001,SERAC,FBXO31,HepG2,WildType,24,10,Pw114,1,2,Low (2-10),UBE2B;PDCD2L,19.05.2026
SRB-0010656,,AJ,v2,SRB-0010656-001,SERAC,FBXO31,HepG2,WildType,24,10,Pw108,1,5,Low (2-10),SOWAHA;ZC3H10;MCMBP;TOR4A;TMEM59L,19.05.2026
SRB-0010655,,AJ,v2,SRB-0010655-001,SERAC,FBXO31,HepG2,WildType,24,10,Pw110,1,2,Low (2-10),CMTM4;AP1S3,19.05.2026
SRB-0010654,,AJ,v2,,,,,,,,,,,,,
SRB-0010653,,AJ,v2,SRB-0010653-001,SERAC,FBXO31,HepG2,WildType,24,10,Pw136,1,0,Silent,,19.05.2026
SRB-0010652,,AJ,v2,,,,,,,,,,,,,
SRB-0010651,,AJ,v2,SRB-0010651-001,SERAC,FBXO31,HepG2,WildType,24,10,Pw113,1,1,Single (1),SELENON,19.05.2026
SRB-0010650,,AJ,v2,SRB-0010650-001,SERAC,FBXO31,HepG2,WildType,24,10,Pw115,1,16,Medium (11-25),MYO9A;TNFRSF10A;ZNF205;LMNA;CPN1;HMGA1;NFYB;LUM;BAK1;BBS9;FAAH2;YIPF5;PYURF;TUBA1C;CFAP74;ANGPTL2,19.05.2026
SRB-0010649,,AJ,v2,SRB-0010649-001,SERAC,FBXO31,HepG2,WildType,24,10,Pw137,1,1,Single (1),ASNSD1,19.05.2026
SRB-0010648,,AJ,v2,SRB-0010648-001,SERAC,FBXO31,HepG2,WildType,24,10,Pw135,1,10,Low (2-10),GC;ST3GAL4;STK11;UPP1;MFSD5;SPICE1;NEIL2;FAM173A;SLC17A9;SNX10,19.05.2026
SRB-0010647,,AJ,v2,,,,,,,,,,,,,
SRB-0010646,,AJ,v2,,,,,,,,,,,,,
SRB-0010645,,AJ,v2,SRB-0010645-001,SERAC,FBXO31,HepG2,WildType,24,10,Pw120,1,3,Low (2-10),LDLRAP1;VSIG10L;PEAK1,19.05.2026
SRB-0010644,,AJ,v2,SRB-0010644-001,SERAC,FBXO31,HepG2,WildType,24,10,Pw128,1,0,Silent,,19.05.2026
SRB-0010643,,AJ,v2,SRB-0010643-001,SERAC,FBXO31,HepG2,WildType,24,10,Pw108,1,3,Low (2-10),VIM;PRR3;SLC16A10,19.05.2026
SRB-0010642,,AJ,v2,SRB-0010642-001,SERAC,FBXO31,HepG2,WildType,24,10,Pw115,1,0,Silent,,19.05.2026
SRB-0010641,,AJ,v2,SRB-0010641-001,SERAC,FBXO31,HepG2,WildType,24,10,Pw115,1,1,Single (1),ABHD2,19.05.2026
SRB-0010640,,AJ,v2,SRB-0010640-001,SERAC,FBXO31,HepG2,WildType,24,10,Pw108,1,1,Single (1),C1orf115,19.05.2026
SRB-0010639,,AJ,v2,,,,,,,,,,,,,
SRB-0010638,,AJ,v2,SRB-0010638-001,SERAC,FBXO31,HepG2,WildType,24,10,Pw125,1,2,Low (2-10),MMP14;CEP57,19.05.2026
SRB-0010637,,AJ,v2,SRB-0010637-001,SERAC,FBXO31,HepG2,WildType,24,10,Pw128,1,4,Low (2-10),KRT14;TMEM39B;TRIM36;TNFRSF10D,19.05.2026
SRB-0010636,,AJ,v2,SRB-0010636-001,SERAC,FBXO31,HepG2,WildType,24,10,Pw120,1,5,Low (2-10),SIX5;CLUAP1;POLD4;TOR4A;MLH3,19.05.2026
SRB-0010635,,AJ,v2,SRB-0010635-001,SERAC,FBXO31,HepG2,WildType,24,10,Pw109,1,4,Low (2-10),SPRY1;LDLRAD1;SLC35B3;STK17A,19.05.2026
SRB-0010634,,AJ,v2,SRB-0010634-001,SERAC,FBXO31,HepG2,WildType,24,10,Pw108,1,3,Low (2-10),C17orf100;TSPAN3;COQ4,19.05.2026
SRB-0010633,,AJ,v2,SRB-0010633-001,SERAC,FBXO31,HepG2,WildType,24,10,Pw114,1,1,Single (1),MFSD14A,19.05.2026
SRB-0010632,,AJ,v2,SRB-0010632-001,SERAC,FBXO31,HepG2,WildType,24,10,Pw112,1,3,Low (2-10),CEP290;SLC51A;RANBP3,19.05.2026
SRB-0010631,,AJ,v2,SRB-0010631-001,SERAC,FBXO31,HepG2,WildType,24,10,Pw112,1,4,Low (2-10),C11orf98;ATP5F1E;ATP5EP2;SMIM12;VSIG2,19.05.2026
SRB-0010630,,AJ,v2,SRB-0010630-001,SERAC,FBXO31,HepG2,WildType,24,10,Pw110,1,3,Low (2-10),AGTRAP;CDCP1;PGAP2,19.05.2026
SRB-0010629,,AJ,v2,,,,,,,,,,,,,
SRB-0010628,,AJ,v2,SRB-0010628-001,SERAC,FBXO31,HepG2,WildType,24,10,Pw112,1,5,Low (2-10),C2CD2L;CD151;ST3GAL4;PIGX;PKIG,19.05.2026
SRB-0010627,,AJ,v2,SRB-0010627-001,SERAC,FBXO31,HepG2,WildType,24,10,Pw115,1,2,Low (2-10),KIAA1217;TBC1D31,19.05.2026
SRB-0010626,,AJ,v2,SRB-0010626-001,SERAC,FBXO31,HepG2,WildType,24,10,Pw121,1,2,Low (2-10),CD97;UBE2Q1,19.05.2026
SRB-0010625,,AJ,v2,SRB-0010625-001,SERAC,FBXO31,HepG2,WildType,24,10,Pw141,1,0,Silent,,19.05.2026
SRB-0010624,,AJ,v2,SRB-0010624-001,SERAC,FBXO31,HepG2,WildType,24,10,Pw125,1,6,Low (2-10),CYP1A1;SMARCA4;RASSF3;VPS8;RNF166;DNAJC15,19.05.2026
SRB-0010623,,AJ,v2,SRB-0010623-001,SERAC,FBXO31,HepG2,WildType,24,10,Pw125,1,5,Low (2-10),CAPN5;DGAT2;VPS13A;ROGDI;COX16,19.05.2026
SRB-0010622,,AJ,v2,,,,,,,,,,,,,
SRB-0010621,,AJ,v2,,,,,,,,,,,,,
SRB-0010620,,AJ,v2,SRB-0010620-001,SERAC,FBXO31,HepG2,WildType,24,10,Pw138,1,1,Single (1),CAPN5,19.05.2026
SRB-0010619,,AJ,v2,SRB-0010619-001,SERAC,FBXO31,HepG2,WildType,24,10,Pw108,1,107,High (>25),EEF2K;NME4;SCD;UBD;SIVA1;SSNA1;EFNA2;BNIP3L;FADS1;OBSL1;GMNN;ZWINT;SLC25A14;PPP1R3D;FADS2;HPR;FGA;TTR;ARG1;HMOX1;CYP19A1;PLCG2;BCL3;EFNA1;ACVR2A;LOX;GRK4;HPD;FAU;HNF1B;VHL;SLC1A2;MKI67;DNA2;DAPK1;HIST1H4A;CENPE;ID2;BNIP3;SPP2;DHRS2;SKP2;CTBP1;NCOA4;SCRIB;FASTK;NEDD9;MELK;STARD3;PCLAF;MAPK14;HIF1A;DNAL1;TIGD2;ESCO2;HSP90AA5P;DNAJC24;PSRC1;APOA5;FAM111B;ATF7IP;MCM10;CXXC5;SAPCD2;SLC51A;ZSWIM9;KIF18B;TRMT44;SIX5;ZNF664;PCSK9;SIMC1;ZNF563;LRRC58;MFSD3;PRR11;TMEM56;ATAD5;CITED2;BRIP1;ZCCHC2;MCOLN1;CDT1;ALDH8A1;TXNIP;LIME1;FAM83D;ANTXR1;CLSPN;HELLS;TM7SF3;ASF1B;TMEM161A;DONSON;PODXL2;DTL;TBC1D14;ONECUT1;CIDEB;NAT8;PCSK1N;MUTYH;FBXO9;FBXW2;KLHDC2;PHLDA3;RAD54B,19.05.2026
SRB-0010618,,AJ,v2,SRB-0010618-001,SERAC,FBXO31,HepG2,WildType,24,10,Pw117,1,2,Low (2-10),CORO7;SLC36A1,19.05.2026
SRB-0010617,,AJ,v2,SRB-0010617-001,SERAC,FBXO31,HepG2,WildType,24,10,Pw128,1,2,Low (2-10),RBM26;WRAP73,19.05.2026
SRB-0010616,,AJ,v2,SRB-0010616-001,SERAC,FBXO31,HepG2,WildType,24,10,Pw110,1,5,Low (2-10),CYP1A1;RPGRIP1L;DTX3;PEMT;PRELID1,19.05.2026
SRB-0010615,,AJ,v2,SRB-0010615-001,SERAC,FBXO31,HepG2,WildType,24,10,Pw138,1,2,Low (2-10),PLXNB2;EXO1,19.05.2026
SRB-0010614,,AJ,v2,SRB-0010614-001,SERAC,FBXO31,HepG2,WildType,24,10,Pw109,1,1,Single (1),CPN2,19.05.2026
SRB-0010613,,AJ,v2,,,,,,,,,,,,,
SRB-0010612,,AJ,v2,,,,,,,,,,,,,
SRB-0010611,,AJ,v2,SRB-0010611-001,SERAC,FBXO31,HepG2,WildType,24,10,Pw115,1,0,Silent,,19.05.2026
SRB-0010610,,AJ,v2,SRB-0010610-001,SERAC,FBXO31,HepG2,WildType,24,10,Pw116,1,2,Low (2-10),ITGB3BP;PPRC1,19.05.2026
SRB-0010609,,AJ,v2,,,,,,,,,,,,,
SRB-0010608,,AJ,v2,SRB-0010608-001,SERAC,FBXO31,HepG2,WildType,24,10,Pw111,1,632,High (>25),NUDT4B;NUDT4;MED19;ELOVL7;LCHN;GLTPD2;CASTOR2;C15orf61;PHF20L1;RFXAP;AGRN;HMGN4;NME4;TRAFD1;CIT;ITGB1BP1;CHEK1;APOL1;PHYH;UBE2L6;UQCR11;AURKA;ZNF646;UBD;GSTA4;SIVA1;SOX12;PJA2;ADCY6;SUV39H1;OIP5;RAD51C;XRCC3;SGCE;LIAS;SSNA1;BNIP3L;PHLPP1;FADS1;SORBS3;TPST1;TSPAN3;PDE8A;PEX10;TPST2;CLASP2;KDM4A;SS18L1;LRP5;TMEM127;BCAS1;LGR5;GMNN;LRP6;DXO;PHF14;KDM4B;RHOBTB3;SLCO2B1;SEC31A;TJP3;SNUPN;KIF20A;CCNDBP1;ADGRL2;SLC2A10;METTL18;CLIC3;LATS1;TSPAN13;FADS2;PTTG1;DHFR;PAH;HPR;SERPINA1;CST3;APOA1;FGA;FGA;FGG;APOH;AMBP;FTH1;TK1;TP53;LGALS2;HMGN2;BCHE;GSN;PSAP;UQCRH;LYN;GJB1;SERPINA6;HMOX1;NR2F1;CLU;SLC2A2;MBL2;ESRRA;SKI;UNG;UNG;TCF3;PFKFB1;PPP3CB;HSPA6;ATF7;EFNA1;C4BPB;CDK11B;NF1;EPHA1;FGFR2;FGFR3;CPN2;PTPRD;CCNE1;MPZ;PTPN3;DNMT1;ACVR2A;LOX;SMARCA1;GRN;PCSK6;KDM5A;COL4A5;TYK2;HLA-C;HLA-C;TTK;SDC2;GRK3;BMPR1A;TGFBR1;ETFB;VHL;BCL6;CETN2;NCAPD3;GRK6;RAD52;MKI67;SLC6A11;POLD2;CCT3;CARS;CSNK1E;CEBPA;RGS3;MMP15;ARSD;AKR1D1;JAK3;DGKE;PLK1;DAPK1;NUDT6;ADAR;FOXA1;FCGRT;DLX6;CLDN12;KLF3;FAM3B;ANAPC15;RAC3;RPL37;USP46;ACTA2;SUPT4H1;SH3BP2;PITX1;CSNK1G2;CX3CL1;ST5;CRADD;PRR3;DLK1;MDM2;CAP1;MEF2A;KIF23;HHEX;GNA12;EIF4G1;EIF4G1;REL;CALD1;RAD51;FMR1;TJP1;SPAG1;AES;IL10RB;DDR1;BNIP3;IFT88;CHAF1B;CLN3;UNC119;ADAM15;IRF5;NCOA4;RAPGEF1;LRP8;IL18;SEPT6;UBAP2L;POLA2;NEDD9;ZNF268;PUM1;MELK;MBTPS1;SNX17;SLC39A14;TCEAL1;NR6A1;CYTH1;ZNHIT3;HMGN3;INPP5J;MAPK14;MAPK14;MEA1;TAZ;HIF1A;KYAT1;PCK2;GEN1;TMEM132A;RFX7;KIAA1109;C2orf68;ZNF792;DNAL1;TIGD2;GREB1;TMEM259;LIN52;PDCD4;HIKESHI;KLHL12;SMUG1;ESCO2;SFT2D3;ODF2;ALG10;EEF1AKMT2;TOR2A;ZMYM1;STXBP5;KIF24;FAM69A;GORAB;RBM26;GRTP1;MFSD4B;MANEAL;OBSCN;ZDHHC20;ICE2;GLT8D1;LMBRD2;CRYBG3;ANKRD40;IQSEC1;VASN;JADE1;ZNF770;OGFOD2;HMBOX1;RHBDD2;REEP3;TCTN3;CAVIN1;MIS18BP1;FAM117B;PKN3;FAM199X;PSRC1;SHQ1;TENT2;FAM111B;C6orf89;DRAM2;ATF7IP;RANBP10;DNAJC14;SLC39A5;AEBP2;ANKRD13D;PIK3AP1;CREB3L2;CENPU;TMUB2;ASXL2;CYB5R4;MCM10;G2E3;DPH6;STRADA;BHLHA15;LYSMD3;MAVS;BRAP;TEDC1;TMEM150A;PEG10;PEG10;SERPINA11;PABPN1;LDB1;SAPCD2;OAF;RTN4RL2;DTX2;LAPTM4B;ZC3H18;TTC30A;COA5;NCAPG2;SFR1;MEX3D;ECHDC2;TDRP;RAB11FIP4;MED12L;ANKMY2;VRK3;IGDCC3;CDAN1;ANKHD1;HOMEZ;SKA3;TP53INP2;KLHL7;PARP9;IFT20;CKAP2L;ZBED8;C8orf59;FUK;ZNF444;REXO1;SYNE4;LARGE2;FGFRL1;PHETA1;MINK1;MINDY1;RNF10;RFLNB;FAM160A2;EID2;SIRT6;PDCD7;ZNF579;POMGNT2;SIDT2;PCSK9;SPC24;SLC38A9;INO80E;HJURP;MSANTD4;ZNF280C;ZNF740;TMEM161B;CHST13;KDM2B;ZNF563;OCC1;CEP76;RIN3;SHKBP1;LRRC20;SPPL2B;HM13;DDX54;ELP5;SNX29;PAQR8;FNIP1;HASPIN;GDPD5;ABHD3;STYX;C15orf40;SLC25A43;BCL7C;C4orf3;KBTBD7;WASF1;FAM168A;NRCAM;PMM1;NAA80;LEAP2;TSR2;RILPL2;SLC35C1;ADIPOR1;CLUAP1;TMEM45B;SKA1;SGK3;UPRT;RUNDC1;LRRC58;FAM122A;RMI2;FBXO17;TCEAL4;MFSD3;SGF29;WDR34;ADAT3;PIK3IP1;BORCS8;CPNE2;EEF2KMT;CFAP36;OTUD5;MASTL;PRR11;GRAMD2B;LRIG1;VPS39;MAGED4;LRR1;IFT74;IMMP1L;CCDC138;TCEANC2;SPATA33;C7orf26;KLHL5;BTBD9;NR1H4;UBL7;LYSMD1;KCTD15;FIZ1;MAP7D2;SERPINI1;CDCA3;PKMYT1;CDC6;EPAS1;CITED2;REEP2;MXRA8;PRADC1;POLR3GL;SPINDOC;CRB3;ABHD14A;WRAP53;C9orf16;ALG8;SELENOO;GGACT;KATNAL1;REPIN1;C1orf43;CDCA7;MND1;LSM14B;BRIP1;BTBD2;LGR4;AMN;TMEM59;GON7;LRRC3;FAM126A;FAM126A;TBC1D2;PITPNM2;SLC29A3;NUF2;NACA4P;FAM117A;ZCCHC2;TTYH3;TGIF2;SENP6;PEG3;WWTR1;PAIP1;SIK2;WWP1;UNC93B1;MED28;CDT1;ALDH8A1;CXCL16;MIXL1;TXNIP;KDM4C;PPDPF;C1orf198;ST6GALNAC4;EPB41L1;FAM83D;FBXO44;PCNX3;TMEM231;EPS8L2;ANTXR1;SMYD3;C1orf115;IFT22;KAT14;CAAP1;AKTIP;WDR76;C14orf93;ACTR8;SEC61A2;JMJD4;TBC1D17;UBTD1;ZNF556;CLSPN;MAGEF1;FANCE;PATZ1;TNS1;SGK2;NEK6;SEPSECS;UBE2T;CD320;JADE2;SLC35C2;ITM2C;BIN3;ENTPD7;ASH1L;SIRT7;CMC2;DUSP22;HELLS;TM7SF3;SALL1;BRWD1;ZFP64;ZDHHC18;BLOC1S4;PCMTD2;SLC38A7;ETNK2;ASF1B;KLHL11;GPATCH2;TMEM51;TMEM248;ZNHIT6;GPATCH2L;FAM120C;TMEM161A;MED29;ZDHHC7;TOR4A;ALKBH4;MTMR4;DONSON;DTL;MAT2B;C1RL;SELENON;CRIPT;ZNF581;ONECUT1;DNMT3B;XPR1;EXTL2;CLN8;NIPSNAP3A;SUSD2;APOBEC3B;SEPT9;NAT8;DCDC2;PCSK1N;SLC23A1;NUFIP1;FEZ2;EIF2B4;MUTYH;ATP5IF1;SCOC;TSR3;KLHL21;AKAP11;FBXO5;AMFR;ATAD2B;YEATS2;USP18;NENF;NOL7;PLCL2;WASF3;POMP;GINS2;PRELID1;CHKB;FOXA2;ICE1;AMOTL2;COQ6;COQ4;EMC9;MED31;FAM32A;KNSTRN;SALL2;TCAF1;WASHC2C;LSM5;ASB3;PHLDA3;ORC6;MPC1;SNX10;STK24;MAU2,19.05.2026
SRB-0010607,,AJ,v2,SRB-0010607-001,SERAC,FBXO31,HepG2,WildType,24,10,Pw114,1,5,Low (2-10),PLIN1;ATG12;HSP90AA4P;HGSNAT;EPDR1,19.05.2026
SRB-0010606,,AJ,v2,SRB-0010606-001,SERAC,FBXO31,HepG2,WildType,24,10,Pw119,1,2,Low (2-10),CYP2J2;EFNB1,19.05.2026
SRB-0010605,,AJ,v2,SRB-0010605-001,SERAC,FBXO31,HepG2,WildType,24,10,Pw114,1,9,Low (2-10),SLC22A23;C4A;S100A3;IFFO1;METTL2B;NUDCD2;PRADC1;SPNS1;ZFP64,19.05.2026
SRB-0010604,,AJ,v2,SRB-0010604-001,SERAC,FBXO31,HepG2,WildType,24,10,Pw112,1,5,Low (2-10),PBLD;OS9;DCUN1D2;CASC1;TMEM59L,19.05.2026
SRB-0010603,,AJ,v2,SRB-0010603-001,SERAC,FBXO31,HepG2,WildType,24,10,Pw125,1,3,Low (2-10),ZNF507;TOR4A;C6orf203,19.05.2026
SRB-0010602,,AJ,v2,SRB-0010602-001,SERAC,FBXO31,HepG2,WildType,24,10,Pw106,1,2,Low (2-10),TRIM14;GGACT,19.05.2026
SRB-0010601,,AJ,v2,SRB-0010601-001,SERAC,FBXO31,HepG2,WildType,24,10,Pw116,1,1,Single (1),ZMYM6,19.05.2026
SRB-0010600,,AJ,v2,SRB-0010600-001,SERAC,FBXO31,HepG2,WildType,24,10,Pw137,1,3,Low (2-10),ZNF273;SLC26A1;ZFYVE1,19.05.2026
SRB-0010599,,AJ,v2,,,,,,,,,,,,,
SRB-0010598,,AJ,v2,SRB-0010598-001,SERAC,FBXO31,HepG2,WildType,24,10,Pw138,1,3,Low (2-10),PLXNB2;ADAT2;CHIC2,19.05.2026
SRB-0010597,,AJ,v2,SRB-0010597-001,SERAC,FBXO31,HepG2,WildType,24,10,Pw112,1,2,Low (2-10),PTGR2;HIGD2A,19.05.2026
SRB-0010596,,AJ,v2,SRB-0010596-001,SERAC,FBXO31,HepG2,WildType,24,10,Pw117,1,3,Low (2-10),RGS10;MCL1;PRRC2C,19.05.2026
SRB-0010595,,AJ,v2,SRB-0010595-001,SERAC,FBXO31,HepG2,WildType,24,10,Pw120,1,13,Medium (11-25),ITGB1BP1;DGKA;TNFSF10;LAMB2;MELK;PTPRU;TRMT2B;ADAT1;CRB3;ANTXR1;SENP2;CYP4F12;HEG1,19.05.2026
SRB-0010594,,AJ,v2,SRB-0010594-001,SERAC,FBXO31,HepG2,WildType,24,10,Pw112,1,5,Low (2-10),NOTCH2;CD47;VAMP3;MAST2;PRXL2C,19.05.2026
SRB-0010593,,AJ,v2,,,,,,,,,,,,,
SRB-0010592,,AJ,v2,,,,,,,,,,,,,
SRB-0010591,,AJ,v2,,,,,,,,,,,,,
SRB-0010590,,AJ,v2,SRB-0010590-001,SERAC,FBXO31,HepG2,WildType,24,10,Pw136,1,2,Low (2-10),CPN1;CRAMP1,19.05.2026
SRB-0010589,,AJ,v2,SRB-0010589-001,SERAC,FBXO31,HepG2,WildType,24,10,Pw147,1,10,Low (2-10),TRAPPC13;CCNC;SESN2;ARID5B;ZDHHC21;POC1A;ALKBH8;SENP7;ALDH8A1;ZSCAN21,19.05.2026
SRB-0010588,,AJ,v2,SRB-0010588-001,SERAC,FBXO31,HepG2,WildType,24,10,Pw112,1,4,Low (2-10),STX16;DLX6;PIK3IP1;CYP4F12,19.05.2026
SRB-0010587,,AJ,v2,SRB-0010587-001,SERAC,FBXO31,HepG2,WildType,24,10,Pw126,1,0,Silent,,19.05.2026
SRB-0010586,,AJ,v2,SRB-0010586-001,SERAC,FBXO31,HepG2,WildType,24,10,Pw113,1,2,Low (2-10),RASSF3;SECISBP2L,19.05.2026
SRB-0010585,,AJ,v2,SRB-0010585-001,SERAC,FBXO31,HepG2,WildType,24,10,Pw109,1,3,Low (2-10),PRC1;LOX;CASC1,19.05.2026
SRB-0010584,,AJ,v2,SRB-0010584-001,SERAC,FBXO31,HepG2,WildType,24,10,Pw111,1,2,Low (2-10),ELOVL7;DALRD3,19.05.2026
SRB-0010583,,AJ,v2,SRB-0010583-001,SERAC,FBXO31,HepG2,WildType,24,10,Pw109,1,9,Low (2-10),DDX11L8;GNAS;UBXN2A;AKAP12;PRSS8;HGSNAT;PDCD2L;SLC38A7;SLC6A14,19.05.2026
SRB-0010582,,AJ,v2,,,,,,,,,,,,,
SRB-0010581,,AJ,v2,SRB-0010581-001,SERAC,FBXO31,HepG2,WildType,24,10,Pw125,1,0,Silent,,19.05.2026
SRB-0010580,,AJ,v2,SRB-0010580-001,SERAC,FBXO31,HepG2,WildType,24,10,Pw121,1,3,Low (2-10),TIMP2;HSPA6;UPP1,19.05.2026
SRB-0010579,,AJ,v2,SRB-0010579-001,SERAC,FBXO31,HepG2,WildType,24,10,Pw126,1,0,Silent,,19.05.2026
SRB-0010578,,AJ,v2,,,,,,,,,,,,,
SRB-0010577,,AJ,v2,SRB-0010577-001,SERAC,FBXO31,HepG2,WildType,24,10,Pw139,1,2,Low (2-10),MSRB3;PTPN18,19.05.2026
SRB-0010576,,AJ,v2,SRB-0010576-001,SERAC,FBXO31,HepG2,WildType,24,10,Pw117,1,2,Low (2-10),BBS1;PDCD2L,19.05.2026
SRB-0010575,,AJ,v2,SRB-0010575-001,SERAC,FBXO31,HepG2,WildType,24,10,Pw135,1,4,Low (2-10),QSOX1;PIP4P2;ADAT1;ARL15,19.05.2026
SRB-0010574,,AJ,v2,,,,,,,,,,,,,
SRB-0010573,,AJ,v2,SRB-0010573-001,SERAC,FBXO31,HepG2,WildType,24,10,Pw128,1,2,Low (2-10),RBP4;FBRSL1,19.05.2026
SRB-0010572,,AJ,v2,,,,,,,,,,,,,
SRB-0010571,,AJ,v2,SRB-0010571-001,SERAC,FBXO31,HepG2,WildType,24,10,Pw109,1,5,Low (2-10),LCK;ADAR;CCNQ;JMY;ZFP64,19.05.2026
SRB-0010570,,AJ,v2,,,,,,,,,,,,,
SRB-0010569,,AJ,v2,,,,,,,,,,,,,
SRB-0010568,,AJ,v2,SRB-0010568-001,SERAC,FBXO31,HepG2,WildType,24,10,Pw106,1,5,Low (2-10),SPP2;CARMIL1;FBXO38;RNF166;EIF2AK1,19.05.2026
SRB-0010567,,AJ,v2,SRB-0010567-001,SERAC,FBXO31,HepG2,WildType,24,10,Pw135,1,2,Low (2-10),CD58;SVBP,19.05.2026
SRB-0010566,,AJ,v2,SRB-0010566-001,SERAC,FBXO31,HepG2,WildType,24,10,Pw115,1,2,Low (2-10),FBXO31;BCL7B,19.05.2026
SRB-0010565,,AJ,v2,SRB-0010565-001,SERAC,FBXO31,HepG2,WildType,24,10,Pw114,1,2,Low (2-10),SFMBT1;MED31,19.05.2026
SRB-0010564,,AJ,v2,SRB-0010564-001,SERAC,FBXO31,HepG2,WildType,24,10,Pw110,1,76,High (>25),NME4;UBD;SIVA1;BNIP3L;OBSL1;NPTXR;DHFR;HPR;FGA;FGA;GJB1;HMOX1;ZNF12;EFNA1;AADAC;LOX;FAU;ETFB;SLC1A2;CLDN12;CORO7;BNIP3;SKP2;ARID5B;ARHGAP19;PCLAF;HIF1A;PCGF3;USP41;USP18;USP18;ZNF385B;ESCO2;SPOPL;DNAJC24;SHQ1;FAM111B;CXXC5;PEG10;SAPCD2;RTN4RL2;SLC51A;LIX1L;LARGE2;ARHGEF39;EID2;BEND7;PTGR2;DEPDC1B;RILPL2;ZNF524;PIK3IP1;PRR11;LRIG1;PLEKHA8;FOPNL;FAM193B;PTPN18;WDR83;PIMREG;CDCA7;ABCG8;ALDH8A1;TXNIP;LIME1;ANTXR1;C1orf115;DBNDD1;TNS1;CELSR2;ASF1B;TXNL4B;NDUFB11;GDF2;FBXO9;EXO1;ST3GAL6;SALL2,19.05.2026
SRB-0010563,,AJ,v2,,,,,,,,,,,,,
SRB-0010562,,AJ,v2,SRB-0010562-001,SERAC,FBXO31,HepG2,WildType,24,10,Pw115,1,26,High (>25),SCD;FADS1;LRP6;FADS2;LDLR;HMGCR;FOSL1;FDFT1;PHC1;HMGCS1;DMWD;BNIP3;ENDOG;PPP2R5B;MSMO1;CA9;TMEM205;PAQR7;PCSK9;RNF166;TMEM45B;STARD4;PIK3IP1;PLIN2;TUBB1;BIN3,19.05.2026
SRB-0010561,,AJ,v2,SRB-0010561-001,SERAC,FBXO31,HepG2,WildType,24,10,Pw111,1,4,Low (2-10),SLC22A5;SMIM4;L3MBTL3;RAB9B,19.05.2026
SRB-0010560,,AJ,v2,SRB-0010560-001,SERAC,FBXO31,HepG2,WildType,24,10,Pw139,1,2,Low (2-10),ULK1;GC,19.05.2026
SRB-0010559,,AJ,v2,SRB-0010559-001,SERAC,FBXO31,HepG2,WildType,24,10,Pw115,1,0,Silent,,19.05.2026
SRB-0010558,,AJ,v2,SRB-0010558-001,SERAC,FBXO31,HepG2,WildType,24,10,Pw111,1,1,Single (1),CD151,19.05.2026
SRB-0010557,,AJ,v2,SRB-0010557-001,SERAC,FBXO31,HepG2,WildType,24,10,Pw112,1,0,Silent,,19.05.2026
SRB-0010556,,AJ,v2,SRB-0010556-001,SERAC,FBXO31,HepG2,WildType,24,10,Pw125,1,7,Low (2-10),ENC1;HMGCR;F2RL1;PDCD2L;FBXO44;MANSC1;TMEM161A,19.05.2026
SRB-0010555,,AJ,v2,SRB-0010555-001,SERAC,FBXO31,HepG2,WildType,24,10,Pw112,1,2,Low (2-10),RAB11A;CENPO,19.05.2026
SRB-0010554,,AJ,v2,SRB-0010554-001,SERAC,FBXO31,HepG2,WildType,24,10,Pw126,1,1,Single (1),LAPTM4B,19.05.2026
SRB-0010553,,AJ,v2,SRB-0010553-001,SERAC,FBXO31,HepG2,WildType,24,10,Pw115,1,1,Single (1),GFOD1,19.05.2026
SRB-0010552,,AJ,v2,SRB-0010552-001,SERAC,FBXO31,HepG2,WildType,24,10,Pw115,1,0,Silent,,19.05.2026
SRB-0010551,,AJ,v2,SRB-0010551-001,SERAC,FBXO31,HepG2,WildType,24,10,Pw117,1,6,Low (2-10),CAPN5;SFT2D2;HAL;TMSB4X;BORCS8;TRIM2,19.05.2026
SRB-0010550,,AJ,v2,SRB-0010550-001,SERAC,FBXO31,HepG2,WildType,24,10,Pw119,1,2,Low (2-10),DPYSL3;ARL8A,19.05.2026
SRB-0010549,,AJ,v2,SRB-0010549-001,SERAC,FBXO31,HepG2,WildType,24,10,Pw109,1,2,Low (2-10),TRIM3;TNFRSF10D,19.05.2026
SRB-0010548,,AJ,v2,SRB-0010548-001,SERAC,FBXO31,HepG2,WildType,24,10,Pw115,1,1,Single (1),DDIT4,19.05.2026
SRB-0010547,,AJ,v2,SRB-0010547-001,SERAC,FBXO31,HepG2,WildType,24,10,Pw111,1,0,Silent,,19.05.2026
SRB-0010546,,AJ,v2,SRB-0010546-001,SERAC,FBXO31,HepG2,WildType,24,10,Pw127,1,0,Silent,,19.05.2026
SRB-0010545,,AJ,v2,SRB-0010545-001,SERAC,FBXO31,HepG2,WildType,24,10,Pw115,1,0,Silent,,19.05.2026
SRB-0010544,,AJ,v2,SRB-0010544-001,SERAC,FBXO31,HepG2,WildType,24,10,Pw118,1,6,Low (2-10),NUPR1;ATP8B2;ATF7IP;SLC9B2;DPAGT1;PSD3,19.05.2026
SRB-0010543,,AJ,v2,SRB-0010543-001,SERAC,FBXO31,HepG2,WildType,24,10,Pw106,1,4,Low (2-10),COL4A1;RAP1GDS1;TMEM41B;ZDHHC14,19.05.2026
SRB-0010542,,AJ,v2,SRB-0010542-001,SERAC,FBXO31,HepG2,WildType,24,10,Pw113,1,1,Single (1),RAP1GAP2,19.05.2026
SRB-0010541,,AJ,v2,,,,,,,,,,,,,
SRB-0010540,,AJ,v2,SRB-0010540-001,SERAC,FBXO31,HepG2,WildType,24,10,Pw116,1,6,Low (2-10),TNFRSF21;IRF9;GOLGB1;ARL8A;MINDY3;CEP72,19.05.2026
SRB-0010539,,AJ,v2,SRB-0010539-001,SERAC,FBXO31,HepG2,WildType,24,10,Pw127,1,14,Medium (11-25),SLC16A6;XPNPEP2;SERPING1;FES;LTBR;NDUFV3;MCL1;SCRN3;ATXN7L3B;PLA2G12B;POLR2J2;DDIT4;FAM53C;IER3IP1,19.05.2026
SRB-0010538,,AJ,v2,SRB-0010538-001,SERAC,FBXO31,HepG2,WildType,24,10,Pw118,1,2,Low (2-10),ZNF268;ALDH8A1,19.05.2026
SRB-0010537,,AJ,v2,SRB-0010537-001,SERAC,FBXO31,HepG2,WildType,24,10,Pw109,1,1,Single (1),TSC22D1,19.05.2026
SRB-0010536,,AJ,v2,SRB-0010536-001,SERAC,FBXO31,HepG2,WildType,24,10,Pw116,1,2,Low (2-10),OCC1;RNF41,19.05.2026
SRB-0010535,,AJ,v2,SRB-0010535-001,SERAC,FBXO31,HepG2,WildType,24,10,Pw112,1,1,Single (1),TMEM59L,19.05.2026
SRB-0010534,,AJ,v2,SRB-0010534-001,SERAC,FBXO31,HepG2,WildType,24,10,Pw116,1,1,Single (1),KCTD2,19.05.2026
SRB-0010533,,AJ,v2,,,,,,,,,,,,,
SRB-0010532,,AJ,v2,SRB-0010532-001,SERAC,FBXO31,HepG2,WildType,24,10,Pw137,1,0,Silent,,19.05.2026
SRB-0010531,,AJ,v2,SRB-0010531-001,SERAC,FBXO31,HepG2,WildType,24,10,Pw106,1,3,Low (2-10),GLOD5;HRAS;FBXO31,19.05.2026
SRB-0010530,,AJ,v2,SRB-0010530-001,SERAC,FBXO31,HepG2,WildType,24,10,Pw126,1,1,Single (1),ZFYVE21,19.05.2026
SRB-0010529,,AJ,v2,SRB-0010529-001,SERAC,FBXO31,HepG2,WildType,24,10,Pw119,1,3,Low (2-10),MEF2A;OSTM1;SERBP1,19.05.2026
SRB-0010528,,AJ,v2,SRB-0010528-001,SERAC,FBXO31,HepG2,WildType,24,10,Pw111,1,5,Low (2-10),C8A;MPZ;PXDC1;MFSD3;PKMYT1,19.05.2026
SRB-0010527,,AJ,v2,SRB-0010527-001,SERAC,FBXO31,HepG2,WildType,24,10,Pw113,1,2,Low (2-10),CYP1A1;HMGXB3,19.05.2026
SRB-0010526,,AJ,v2,SRB-0010526-001,SERAC,FBXO31,HepG2,WildType,24,10,Pw117,1,1,Single (1),ALCAM,19.05.2026
SRB-0010525,,AJ,v2,,,,,,,,,,,,,
SRB-0010524,,AJ,v2,SRB-0010524-001,SERAC,FBXO31,HepG2,WildType,24,10,Pw113,1,4,Low (2-10),COL9A2;PPFIBP1;ZDHHC6;SH2B3,19.05.2026
SRB-0010523,,AJ,v2,SRB-0010523-001,SERAC,FBXO31,HepG2,WildType,24,10,Pw114,1,1,Single (1),DKK4,19.05.2026
SRB-0010522,,AJ,v2,SRB-0010522-001,SERAC,FBXO31,HepG2,WildType,24,10,Pw108,1,4,Low (2-10),HNRNPC;FOSL1;AP1B1;NEU3,19.05.2026
SRB-0010521,,AJ,v2,,,,,,,,,,,,,
SRB-0010520,,AJ,v2,SRB-0010520-001,SERAC,FBXO31,HepG2,WildType,24,10,Pw138,1,2,Low (2-10),ITPKB;STK17A,19.05.2026
SRB-0010519,,AJ,v2,SRB-0010519-001,SERAC,FBXO31,HepG2,WildType,24,10,Pw119,1,3,Low (2-10),GC;YPEL5;FBXO6,19.05.2026
SRB-0010518,,AJ,v2,SRB-0010518-001,SERAC,FBXO31,HepG2,WildType,24,10,Pw111,1,1,Single (1),CPNE8,19.05.2026
SRB-0010517,,AJ,v2,SRB-0010517-001,SERAC,FBXO31,HepG2,WildType,24,10,Pw141,1,0,Silent,,19.05.2026
SRB-0010516,,AJ,v2,SRB-0010516-001,SERAC,FBXO31,HepG2,WildType,24,10,Pw113,1,2,Low (2-10),FOSL1;C6orf132,19.05.2026
SRB-0010515,,AJ,v2,,,,,,,,,,,,,
SRB-0010514,,AJ,v2,SRB-0010514-001,SERAC,FBXO31,HepG2,WildType,24,10,Pw114,1,2,Low (2-10),TFDP2;CCDC84,19.05.2026
SRB-0010513,,AJ,v2,SRB-0010513-001,SERAC,FBXO31,HepG2,WildType,24,10,Pw118,1,2,Low (2-10),UBE2B;MAP7D3,19.05.2026
SRB-0010512,,AJ,v2,,,,,,,,,,,,,
SRB-0010511,,AJ,v2,SRB-0010511-001,SERAC,FBXO31,HepG2,WildType,24,10,Pw110,1,1,Single (1),PRRC2C,19.05.2026
SRB-0010510,,AJ,v2,SRB-0010510-001,SERAC,FBXO31,HepG2,WildType,24,10,Pw147,1,2,Low (2-10),SPRY1;DALRD3,19.05.2026
SRB-0010509,,AJ,v2,,,,,,,,,,,,,
SRB-0010508,,AJ,v2,SRB-0010508-001,SERAC,FBXO31,HepG2,WildType,24,10,Pw109,1,2,Low (2-10),TSPAN31;LTBP4,19.05.2026
SRB-0010507,,AJ,v2,SRB-0010507-001,SERAC,FBXO31,HepG2,WildType,24,10,Pw115,1,0,Silent,,19.05.2026
SRB-0010506,,AJ,v2,,,,,,,,,,,,,
SRB-0010505,,AJ,v2,SRB-0010505-001,SERAC,FBXO31,HepG2,WildType,24,10,Pw109,1,0,Silent,,19.05.2026
SRB-0010504,,AJ,v2,SRB-0010504-001,SERAC,FBXO31,HepG2,WildType,24,10,Pw108,1,8,Low (2-10),COL4A1;SMPD1;XBP1;SLC6A6;LDLRAD1;BBS7;SMURF1;TRIM36,19.05.2026
SRB-0010503,,AJ,v2,SRB-0010503-001,SERAC,FBXO31,HepG2,WildType,24,10,Pw108,1,0,Silent,,19.05.2026
SRB-0010502,,AJ,v2,SRB-0010502-001,SERAC,FBXO31,HepG2,WildType,24,10,Pw109,1,2,Low (2-10),DSTYK;WDTC1,19.05.2026
SRB-0010501,,AJ,v2,SRB-0010501-001,SERAC,FBXO31,HepG2,WildType,24,10,Pw108,1,3,Low (2-10),RBP4;C6orf132;LYSMD3,19.05.2026
SRB-0010500,,AJ,v2,SRB-0010500-001,SERAC,FBXO31,HepG2,WildType,24,10,Pw116,1,13,Medium (11-25),HPR;F12;ATF7;EFNB1;CREB5;CRY2;DZIP3;RFLNB;TET1;LIN37;TRAIP;TXNIP;DDIT4,19.05.2026
SRB-0010499,,AJ,v2,SRB-0010499-001,SERAC,FBXO31,HepG2,WildType,24,10,Pw110,1,0,Silent,,19.05.2026
SRB-0010498,,AJ,v2,SRB-0010498-001,SERAC,FBXO31,HepG2,WildType,24,10,Pw126,1,2,Low (2-10),ZFAND5;DDHD2,19.05.2026
SRB-0010497,,AJ,v2,SRB-0010497-001,SERAC,FBXO31,HepG2,WildType,24,10,Pw106,1,5,Low (2-10),GLOD5;CD47;DNAJC14;C1QTNF3;YIPF1,19.05.2026
SRB-0010496,,AJ,v2,SRB-0010496-001,SERAC,FBXO31,HepG2,WildType,24,10,Pw117,1,31,High (>25),PIK3C2B;ZBTB5;UBD;SIVA1;BNIP3L;UPK3A;DDHD2;INHA;IFIT1;BTF3;GRN;KRT2;BNIP3;SLC9A3R2;CA9;WDR5B;MUSTN1;LRRC58;RMDN2;CITED2;BTBD10;GRIP2;TXNIP;LIME1;ZNF331;TOR4A;ONECUT1;CIDEB;PHF8;COQ4;PCDHB2,19.05.2026
SRB-0010495,,AJ,v2,SRB-0010495-001,SERAC,FBXO31,HepG2,WildType,24,10,Pw106,1,6,Low (2-10),ATG12;COL3A1;AREG;LAPTM4B;CDCP1;DNAJC15,19.05.2026
SRB-0010494,,AJ,v2,SRB-0010494-001,SERAC,FBXO31,HepG2,WildType,24,10,Pw134,1,3,Low (2-10),TTR;CPN2;OGDHL,19.05.2026
SRB-0010493,,AJ,v2,,,,,,,,,,,,,
SRB-0010492,,AJ,v2,SRB-0010492-001,SERAC,FBXO31,HepG2,WildType,24,10,Pw107,1,7,Low (2-10),MYO1C;PSEN2;CYP2J2;CNN1;FIGN;RBM41;YIPF2,19.05.2026
SRB-0010491,,AJ,v2,SRB-0010491-001,SERAC,FBXO31,HepG2,WildType,24,10,Pw134,1,3,Low (2-10),PLXNB2;MYL9;TUBA4A,19.05.2026
SRB-0010490,,AJ,v2,SRB-0010490-001,SERAC,FBXO31,HepG2,WildType,24,10,Pw117,1,1,Single (1),HIGD1A,19.05.2026
SRB-0010489,,AJ,v2,SRB-0010489-001,SERAC,FBXO31,HepG2,WildType,24,10,Pw109,1,0,Silent,,19.05.2026
SRB-0010488,,AJ,v2,,,,,,,,,,,,,
SRB-0010487,,AJ,v2,SRB-0010487-001,SERAC,FBXO31,HepG2,WildType,24,10,Pw127,1,5,Low (2-10),TM4SF5;DEDD;TTR;ENO1;ATXN7L3B,19.05.2026
SRB-0010486,,AJ,v2,SRB-0010486-001,SERAC,FBXO31,HepG2,WildType,24,10,Pw127,1,7,Low (2-10),NDUFA1;PTTG1;MXRA7;NECTIN2;THAP11;PLA2G12B;POLR2J2,19.05.2026
SRB-0010485,,AJ,v2,SRB-0010485-001,SERAC,FBXO31,HepG2,WildType,24,10,Pw106,1,26,High (>25),C11orf98;PER2;NUPR1;LRP6;RNF8;SMPD1;IL32;RAB28;KLF10;HMGN3;FAM69A;RPGRIP1L;CENPP;PCGF5;PAQR7;FBXO11;XYLT1;PALM2;FAM241B;PYM1;ZDHHC6;CLN8;MLH3;ATP5IF1;ACIN1;DENND2A,19.05.2026
SRB-0010484,,AJ,v2,SRB-0010484-001,SERAC,FBXO31,HepG2,WildType,24,10,Pw115,1,0,Silent,,19.05.2026
SRB-0010483,,AJ,v2,SRB-0010483-001,SERAC,FBXO31,HepG2,WildType,24,10,Pw110,1,1,Single (1),CYP1A1,19.05.2026
SRB-0010482,,AJ,v2,SRB-0010482-001,SERAC,FBXO31,HepG2,WildType,24,10,Pw134,1,4,Low (2-10),MARCKSL1;TRIM44;VPS37B;TUBE1,19.05.2026
SRB-0010481,,AJ,v2,SRB-0010481-001,SERAC,FBXO31,HepG2,WildType,24,10,Pw111,1,1,Single (1),MT-CO1,19.05.2026
SRB-0010480,,AJ,v2,SRB-0010480-001,SERAC,FBXO31,HepG2,WildType,24,10,Pw110,1,8,Low (2-10),DGKQ;S100A10;THAP11;TMEM101;PIGQ;EVA1A;ZFYVE1;PLAGL2,19.05.2026
SRB-0010479,,AJ,v2,SRB-0010479-001,SERAC,FBXO31,HepG2,WildType,24,10,Pw139,1,3,Low (2-10),EPB41;UNC45A;UNC45A,19.05.2026
SRB-0010478,,AJ,v2,SRB-0010478-001,SERAC,FBXO31,HepG2,WildType,24,10,Pw109,1,2,Low (2-10),KIAA0391;CEP95,19.05.2026
SRB-0010477,,AJ,v2,SRB-0010477-001,SERAC,FBXO31,HepG2,WildType,24,10,Pw112,1,3,Low (2-10),IFT88;RPGRIP1L;SCLT1,19.05.2026
SRB-0010476,,AJ,v2,,,,,,,,,,,,,
SRB-0010475,,AJ,v2,SRB-0010475-001,SERAC,FBXO31,HepG2,WildType,24,10,Pw134,1,8,Low (2-10),DXO;CCNDBP1;DGKQ;ABHD17B;GDPD3;C1orf112;DNAJB9;GNPTG,19.05.2026
SRB-0010474,,AJ,v2,SRB-0010474-001,SERAC,FBXO31,HepG2,WildType,24,10,Pw136,1,0,Silent,,19.05.2026
SRB-0010473,,AJ,v2,SRB-0010473-001,SERAC,FBXO31,HepG2,WildType,24,10,Pw117,1,1,Single (1),TRIM36,19.05.2026
SRB-0010472,,AJ,v2,SRB-0010472-001,SERAC,FBXO31,HepG2,WildType,24,10,Pw106,1,0,Silent,,19.05.2026
SRB-0010471,,AJ,v2,SRB-0010471-001,SERAC,FBXO31,HepG2,WildType,24,10,Pw125,1,1,Single (1),PLSCR3,19.05.2026
SRB-0010470,,AJ,v2,SRB-0010470-001,SERAC,FBXO31,HepG2,WildType,24,10,Pw125,1,4,Low (2-10),SCAND1;ANGPTL8;NEURL4;MLXIP,19.05.2026
SRB-0010469,,AJ,v2,SRB-0010469-001,SERAC,FBXO31,HepG2,WildType,24,10,Pw127,1,5,Low (2-10),UBE2D3;UBE2D3;UBE2D3;UBE2D2;UBE2D2;NAGS;HIGD2A;CLN6;IER3IP1,19.05.2026
SRB-0010468,,AJ,v2,SRB-0010468-001,SERAC,FBXO31,HepG2,WildType,24,10,Pw113,1,1,Single (1),TSC22D4,19.05.2026
SRB-0010467,,AJ,v2,SRB-0010467-001,SERAC,FBXO31,HepG2,WildType,24,10,Pw109,1,5,Low (2-10),CPSF4;BMP4;CPNE8;GALNT6;C9orf16,19.05.2026
SRB-0010466,,AJ,v2,SRB-0010466-001,SERAC,FBXO31,HepG2,WildType,24,10,Pw136,1,2,Low (2-10),AP1B1;TAF1D,19.05.2026
SRB-0010465,,AJ,v2,,,,,,,,,,,,,
SRB-0010464,,AJ,v2,SRB-0010464-001,SERAC,FBXO31,HepG2,WildType,24,10,Pw127,1,5,Low (2-10),IRF9;DSTYK;FAM83H;TEN1;SLC7A11,19.05.2026
SRB-0010463,,AJ,v2,SRB-0010463-001,SERAC,FBXO31,HepG2,WildType,24,10,Pw112,1,2,Low (2-10),KCTD20;GORASP1,19.05.2026
SRB-0010462,,AJ,v2,SRB-0010462-001,SERAC,FBXO31,HepG2,WildType,24,10,Pw116,1,3,Low (2-10),TM4SF5;CYP1A1;PARP9,19.05.2026
SRB-0010461,,AJ,v2,,,,,,,,,,,,,
SRB-0010460,,AJ,v2,SRB-0010460-001,SERAC,FBXO31,HepG2,WildType,24,10,Pw113,1,1,Single (1),YOD1,19.05.2026
SRB-0010459,,AJ,v2,SRB-0010459-001,SERAC,FBXO31,HepG2,WildType,24,10,Pw116,1,2,Low (2-10),ETFB;RAB28,19.05.2026
SRB-0010458,,AJ,v2,SRB-0010458-001,SERAC,FBXO31,HepG2,WildType,24,10,Pw108,1,0,Silent,,19.05.2026
SRB-0010457,,AJ,v2,SRB-0010457-001,SERAC,FBXO31,HepG2,WildType,24,10,Pw118,1,1,Single (1),STK11,19.05.2026
SRB-0010456,,AJ,v2,SRB-0010456-001,SERAC,FBXO31,HepG2,WildType,24,10,Pw136,1,2,Low (2-10),DHRS2;WRAP73,19.05.2026
SRB-0010455,,AJ,v2,SRB-0010455-001,SERAC,FBXO31,HepG2,WildType,24,10,Pw121,1,27,High (>25),MEIS1;HIST1H2BK;MYC;KRT2;PDCD11;BMS1;PWP2;ZNHIT3;MYSM1;BRWD3;WDR75;ZNF114;WDR36;UTP15;UTP4;ZNF597;NOL10;TRAF4;CDK19;MAK16;NOL6;BRWD1;MRM2;ATAD2B;WDR3;B3GNT3;FCF1,19.05.2026
SRB-0010454,,AJ,v2,SRB-0010454-001,SERAC,FBXO31,HepG2,WildType,24,10,Pw112,1,1,Single (1),RAD1,19.05.2026
SRB-0010453,,AJ,v2,SRB-0010453-001,SERAC,FBXO31,HepG2,WildType,24,10,Pw117,1,0,Silent,,19.05.2026
SRB-0010452,,AJ,v2,,,,,,,,,,,,,
SRB-0010451,,AJ,v2,SRB-0010451-001,SERAC,FBXO31,HepG2,WildType,24,10,Pw108,1,2,Low (2-10),POLR3G;PLCG1,19.05.2026
SRB-0010450,,AJ,v2,SRB-0010450-001,SERAC,FBXO31,HepG2,WildType,24,10,Pw110,1,4,Low (2-10),SIAH1;MICAL1;SUV39H2;BIN3,19.05.2026
SRB-0010449,,AJ,v2,SRB-0010449-001,SERAC,FBXO31,HepG2,WildType,24,10,Pw128,1,2,Low (2-10),SLC27A1;PIGQ,19.05.2026
SRB-0010448,,AJ,v2,SRB-0010448-001,SERAC,FBXO31,HepG2,WildType,24,10,Pw119,1,2,Low (2-10),WWC1;HPS1,19.05.2026
SRB-0010447,,AJ,v2,SRB-0010447-001,SERAC,FBXO31,HepG2,WildType,24,10,Pw136,1,0,Silent,,19.05.2026
SRB-0010446,,AJ,v2,SRB-0010446-001,SERAC,FBXO31,HepG2,WildType,24,10,Pw128,1,2,Low (2-10),CENPA;FADS3,19.05.2026
SRB-0010445,,AJ,v2,SRB-0010445-001,SERAC,FBXO31,HepG2,WildType,24,10,Pw115,1,2,Low (2-10),TGFB1;DHDDS,19.05.2026
SRB-0010444,,AJ,v2,SRB-0010444-001,SERAC,FBXO31,HepG2,WildType,24,10,Pw117,1,2,Low (2-10),COPS9;SUGT1,19.05.2026
SRB-0010443,,AJ,v2,,,,,,,,,,,,,
SRB-0010442,,AJ,v2,SRB-0010442-001,SERAC,FBXO31,HepG2,WildType,24,10,Pw135,1,5,Low (2-10),RBP4;IKBKE;TMC7;SLC17A9;MED11,19.05.2026
SRB-0010441,,AJ,v2,SRB-0010441-001,SERAC,FBXO31,HepG2,WildType,24,10,Pw120,1,5,Low (2-10),SPRY2;ANGPTL8;CCDC28A;FGFRL1;SPON1,19.05.2026
SRB-0010440,,AJ,v2,SRB-0010440-001,SERAC,FBXO31,HepG2,WildType,24,10,Pw115,1,2,Low (2-10),COX7C;TMEM109,19.05.2026
SRB-0010439,,AJ,v2,SRB-0010439-001,SERAC,FBXO31,HepG2,WildType,24,10,Pw106,1,4,Low (2-10),CIT;LRRC14;PTGR2;ENTR1,19.05.2026
SRB-0010438,,AJ,v2,SRB-0010438-001,SERAC,FBXO31,HepG2,WildType,24,10,Pw135,1,2,Low (2-10),PHF21A;FAM204A,19.05.2026
SRB-0010437,,AJ,v2,SRB-0010437-001,SERAC,FBXO31,HepG2,WildType,24,10,Pw108,1,4,Low (2-10),FAM157A;FAM157B;FAM157C;MT1G;PXDC1;ATAD2B,19.05.2026
SRB-0010436,,AJ,v2,SRB-0010436-001,SERAC,FBXO31,HepG2,WildType,24,10,Pw113,1,0,Silent,,19.05.2026
SRB-0010435,,AJ,v2,,,,,,,,,,,,,
SRB-0010434,,AJ,v2,SRB-0010434-001,SERAC,FBXO31,HepG2,WildType,24,10,Pw134,1,3,Low (2-10),SSR2;YPEL5;PTGR2,19.05.2026
SRB-0010433,,AJ,v2,SRB-0010433-001,SERAC,FBXO31,HepG2,WildType,24,10,Pw112,1,26,High (>25),PODXL;SLC16A6;TSPAN6;MYBL2;FST;ABCB4;ETFB;ETV4;RGS3;PHC1;AKAP12;BCL2L1;SCRN3;HES1;TMEM164;ARHGEF16;BHLHA15;STK32C;ZNRF1;LRRC8C;MTBP;MFSD14A;PDCD2L;GHITM;TCIM;CLN8,19.05.2026
SRB-0010432,,AJ,v2,SRB-0010432-001,SERAC,FBXO31,HepG2,WildType,24,10,Pw116,1,1,Single (1),CX3CL1,19.05.2026
SRB-0010431,,AJ,v2,SRB-0010431-001,SERAC,FBXO31,HepG2,WildType,24,10,Pw118,1,7,Low (2-10),LRP5;ETFB;ANKRD49;SLC13A3;LRRC58;NDFIP2;OGDHL,19.05.2026
SRB-0010430,,AJ,v2,SRB-0010430-001,SERAC,FBXO31,HepG2,WildType,24,10,Pw125,1,3,Low (2-10),SQSTM1;PROSER1;CTDSP1,19.05.2026
SRB-0010429,,AJ,v2,,,,,,,,,,,,,
SRB-0010428,,AJ,v2,SRB-0010428-001,SERAC,FBXO31,HepG2,WildType,24,10,Pw111,1,5,Low (2-10),PLPP1;USP45;EAF1;CMTM3;MANSC1,19.05.2026
SRB-0010427,,AJ,v2,SRB-0010427-001,SERAC,FBXO31,HepG2,WildType,24,10,Pw115,1,7,Low (2-10),OIP5;XPNPEP2;PTTG1;RPL22L1;MOGAT3;CEP120;RNF7,19.05.2026
SRB-0010426,,AJ,v2,SRB-0010426-001,SERAC,FBXO31,HepG2,WildType,24,10,Pw110,1,68,High (>25),TMEM88B;ESPN;NME4;UBD;SIVA1;SGCE;REV3L;SS18L1;SLC43A1;PHF14;SLCO2B1;HPR;FGA;FGA;HMOX1;CHTF8;EFNA1;PTPRE;LOX;BCL6;SLC1A2;CLDN12;PHC1;ID3;RAD51;BNIP3;ZNF268;PCLAF;HLF;MAPK14;HIF1A;USP41;USP18;USP18;HGSNAT;SPOPL;ACSM5;PSRC1;SLC30A10;NUDT18;BHLHA15;GPRIN1;LDB1;MOGAT3;LRP11;MUSTN1;BEND7;POC1A;RAD54L;PTPRU;ADIPOR1;LRRC58;PRR11;MPHOSPH9;PIGQ;ALDH8A1;TXNIP;ANTXR1;C1orf115;RNF121;CYP4F12;SAYSD1;DUSP22;TM7SF3;ANKRD10;ZMAT5;FBXO9;TFR2;ST3GAL6;TMEM98,19.05.2026
SRB-0010425,,AJ,v2,SRB-0010425-001,SERAC,FBXO31,HepG2,WildType,24,10,Pw106,1,16,Medium (11-25),UBD;SLC16A6;C4BPA;ALDOB;C8A;MBL2;AADAC;ETFB;ETV4;AFDN;TRIM14;GFOD2;RUNDC1;LRRC58;GPATCH2L;FLRT3,19.05.2026
SRB-0010424,,AJ,v2,,,,,,,,,,,,,
SRB-0010423,,AJ,v2,SRB-0010423-001,SERAC,FBXO31,HepG2,WildType,24,10,Pw137,1,0,Silent,,19.05.2026
SRB-0010422,,AJ,v2,SRB-0010422-001,SERAC,FBXO31,HepG2,WildType,24,10,Pw106,1,8,Low (2-10),ZBTB14;TSPAN3;ABHD2;MMP14;PIK3IP1;KXD1;TM2D3;GLIPR2,19.05.2026
SRB-0010421,,AJ,v2,SRB-0010421-001,SERAC,FBXO31,HepG2,WildType,24,10,Pw115,1,2,Low (2-10),FRK;PPP2R5B,19.05.2026
SRB-0010420,,AJ,v2,SRB-0010420-001,SERAC,FBXO31,HepG2,WildType,24,10,Pw126,1,0,Silent,,19.05.2026
SRB-0010419,,AJ,v2,SRB-0010419-001,SERAC,FBXO31,HepG2,WildType,24,10,Pw119,1,4,Low (2-10),AGPAT2;ATP8B1;GRB10;IFT22,19.05.2026
SRB-0010418,,AJ,v2,SRB-0010418-001,SERAC,FBXO31,HepG2,WildType,24,10,Pw112,1,3,Low (2-10),C9orf40;EURL;C15orf41,19.05.2026
SRB-0010417,,AJ,v2,,,,,,,,,,,,,
SRB-0010416,,AJ,v2,SRB-0010416-001,SERAC,FBXO31,HepG2,WildType,24,10,Pw108,1,60,High (>25),HMGN4;CDK2AP1;SIVA1;SOX12;BNIP3L;FADS1;TRAPPC6A;SLIT2;SLC2A10;FADS2;HMGN2;SON;BTF3;EFNA1;LOX;RGS3;HIST1H4A;HHEX;BNIP3;ALCAM;HNRNPD;MELK;PCLAF;HMGN3;LAMA4;MAPK14;HIF1A;TMEM132A;DNAL1;SGO2;DNAJC24;PSRC1;FAM111B;ATF7IP;PEG10;CCHCR1;ARHGAP45;RILPL2;MARVELD3;LRRC58;RMI2;PRR11;TMEM141;ZNF414;MTERF1;CITED2;CDCA7;MCOLN1;TXNIP;BCL2L12;PLEKHA2;ASF1B;TOR4A;ONECUT1;CPNE7;MLH3;SLC23A1;ZNF580;FBXO9;CASP8AP2,19.05.2026
SRB-0010415,,AJ,v2,,,,,,,,,,,,,
SRB-0010414,,AJ,v2,SRB-0010414-001,SERAC,FBXO31,HepG2,WildType,24,10,Pw119,1,1,Single (1),RPGRIP1L,19.05.2026
SRB-0010413,,AJ,v2,SRB-0010413-001,SERAC,FBXO31,HepG2,WildType,24,10,Pw108,1,1,Single (1),TMEM123,19.05.2026
SRB-0010412,,AJ,v2,SRB-0010412-001,SERAC,FBXO31,HepG2,WildType,24,10,Pw117,1,1,Single (1),SLC38A7,19.05.2026
SRB-0010411,,AJ,v2,SRB-0010411-001,SERAC,FBXO31,HepG2,WildType,24,10,Pw109,1,21,Medium (11-25),APOL1;UBD;HMGCR;NFYA;MYL9;COL4A5;FDFT1;CLDN6;ACTG1;INPP5J;TOR2A;SYNE4;PTGR2;PCSK9;ARHGAP45;LRRC58;KLF16;SEMA6B;TOR3A;TOR4A;FBXL17,19.05.2026
SRB-0010410,,AJ,v2,SRB-0010410-001,SERAC,FBXO31,HepG2,WildType,24,10,Pw135,1,1,Single (1),FAM102A,19.05.2026
SRB-0010409,,AJ,v2,SRB-0010409-001,SERAC,FBXO31,HepG2,WildType,24,10,Pw106,1,10,Low (2-10),PLXNB2;TNFRSF21;COL4A1;RAP1GDS1;MAPKAPK5;MSRB3;NR1H4;FBRSL1;NEU3;UST,19.05.2026
SRB-0010408,,AJ,v2,SRB-0010408-001,SERAC,FBXO31,HepG2,WildType,24,10,Pw125,1,3,Low (2-10),FOSL1;IRF9;SQSTM1,19.05.2026
SRB-0010407,,AJ,v2,SRB-0010407-001,SERAC,FBXO31,HepG2,WildType,24,10,Pw115,1,3,Low (2-10),ALDH1A2;KMT5C;SAV1,19.05.2026
SRB-0010406,,AJ,v2,SRB-0010406-001,SERAC,FBXO31,HepG2,WildType,24,10,Pw109,1,4,Low (2-10),CLCN5;HES1;PAQR8;PDCD2L,19.05.2026
SRB-0010405,,AJ,v2,SRB-0010405-001,SERAC,FBXO31,HepG2,WildType,24,10,Pw134,1,1,Single (1),PRELID1,19.05.2026
SRB-0010404,,AJ,v2,SRB-0010404-001,SERAC,FBXO31,HepG2,WildType,24,10,Pw120,1,1,Single (1),ZSCAN25,19.05.2026
SRB-0010403,,AJ,v2,SRB-0010403-001,SERAC,FBXO31,HepG2,WildType,24,10,Pw119,1,0,Silent,,19.05.2026
SRB-0010402,,AJ,v2,SRB-0010402-001,SERAC,FBXO31,HepG2,WildType,24,10,Pw114,1,2,Low (2-10),SIVA1;PARP9,19.05.2026
SRB-0010401,,AJ,v2,SRB-0010401-001,SERAC,FBXO31,HepG2,WildType,24,10,Pw128,1,178,High (>25),E2F8;SMIM1;EEF2K;SCD;PTPRT;ITGB1BP1;APOL1;UBD;SIVA1;SGCE;BNIP3L;PIP5K1C;FADS1;OBSL1;RAB11FIP3;KDM4A;BCAS1;USP1;KDM4B;SLCO2B1;APOM;NPTXR;SLC2A10;PPP1R3D;FADS2;CP;HPR;TTR;ARG1;INHA;GJB1;SERPINA6;IGFBP1;HMOX1;SKI;EFNA1;ABCB4;EPHA1;CYP7A1;FBLN1;LOX;PCSK6;SDC2;HNF1B;HAL;SLC1A2;GRK6;EIF1AX;SLC6A9;CEBPA;CEBPD;MFAP3;LAMB2;RPL37;HHEX;GNA12;CYP4F3;HYAL1;DPYD;BNIP3;SKP2;PTPRS;TNK1;EIF4EBP2;NCOA4;NEDD9;MELK;CBX2;PCLAF;PPP2R5B;MAPK14;PRSS8;DGKD;CA9;PFKFB3;PFKFB4;TMEM132A;RFX7;GREB1;PDCD4;ESCO2;TSTD2;VASN;ISM2;ZNF770;PSRC1;APOA5;FAM111B;SLC30A10;SLC39A5;CHST15;R3HCC1L;SERPINA11;SAPCD2;RTN4RL2;SERINC5;LRP11;COA5;MEX3D;RAB11FIP4;LIX1L;SIX5;RAB42;MINDY1;ZNF709;CHST13;IPMK;ZNF563;VANGL1;RNF128;ABHD3;SLC35F5;IFT81;ARHGAP45;PTPRU;PMM1;TSR2;RILPL2;ADIPOR1;RFT1;ZNF428;PHF21A;LRRC58;RMI2;ZNF764;FMC1;LRIG1;MAGED4;TCEANC2;EPAS1;CITED2;PAIP2;C9orf16;TMEM109;BTBD2;KDM5D;LRRC3;FAM117A;TTYH3;TWSG1;ABCG8;ALDH8A1;TXNIP;PPDPF;LIME1;C1orf115;PLEKHA2;TNS1;TMEM8A;IL17RB;APOBEC3C;HELLS;TM7SF3;PCMTD2;ASF1B;ANKRD10;ZSWIM5;ONECUT1;KDM5B;CIDEB;PCSK1N;SLC23A1;NARF;FBXO9;AKAP11;CHIC2;FBXO5;ZHX1;FZD4;PKIG;DIP2C;KLHDC2;TMEM98;COQ4;PCDHB2;INSIG2;MAGED1;RFNG,19.05.2026
SRB-0010400,,AJ,v2,SRB-0010400-001,SERAC,FBXO31,HepG2,WildType,24,10,Pw115,1,0,Silent,,19.05.2026
SRB-0010399,,AJ,v2,SRB-0010399-001,SERAC,FBXO31,HepG2,WildType,24,10,Pw113,1,5,Low (2-10),TSPAN3;MT2A;PPFIBP1;LRIG1;SLC7A11,19.05.2026
SRB-0010398,,AJ,v2,SRB-0010398-001,SERAC,FBXO31,HepG2,WildType,24,10,Pw118,1,1,Single (1),ZFP64,19.05.2026
SRB-0010397,,AJ,v2,SRB-0010397-001,SERAC,FBXO31,HepG2,WildType,24,10,Pw112,1,2,Low (2-10),PGAP2;USP18,19.05.2026
SRB-0010396,,AJ,v2,SRB-0010396-001,SERAC,FBXO31,HepG2,WildType,24,10,Pw125,1,3,Low (2-10),CAPN5;ZNF703;LIPT1,19.05.2026
SRB-0010395,,AJ,v2,,,,,,,,,,,,,
SRB-0010394,,AJ,v2,SRB-0010394-001,SERAC,FBXO31,HepG2,WildType,24,10,Pw138,1,0,Silent,,19.05.2026
SRB-0010393,,AJ,v2,SRB-0010393-001,SERAC,FBXO31,HepG2,WildType,24,10,Pw117,1,1,Single (1),TMEM168,19.05.2026
SRB-0010392,,AJ,v2,SRB-0010392-001,SERAC,FBXO31,HepG2,WildType,24,10,Pw126,1,1,Single (1),TSPAN3,19.05.2026
SRB-0010391,,AJ,v2,SRB-0010391-001,SERAC,FBXO31,HepG2,WildType,24,10,Pw121,1,18,Medium (11-25),TULP3;HMGN2;MMP11;S100A4;TNFSF10;SKP2;PRSS8;PSRC1;ADIPOR1;TXNIP;ANTXR1;ZNF696;ZNF331;TOR4A;TNFRSF10D;SEPT3;CIDEB;COQ4,19.05.2026
SRB-0010390,,AJ,v2,SRB-0010390-001,SERAC,FBXO31,HepG2,WildType,24,10,Pw118,1,1,Single (1),SIVA1,19.05.2026
SRB-0010389,,AJ,v2,SRB-0010389-001,SERAC,FBXO31,HepG2,WildType,24,10,Pw136,1,2,Low (2-10),EPB41L1;CHKB,19.05.2026
SRB-0010388,,AJ,v2,SRB-0010388-001,SERAC,FBXO31,HepG2,WildType,24,10,Pw121,1,2,Low (2-10),TTPA;ANGPTL8,19.05.2026
SRB-0010387,,AJ,v2,SRB-0010387-001,SERAC,FBXO31,HepG2,WildType,24,10,Pw110,1,5,Low (2-10),TPM2;BMPR1A;HIST2H2AC;HIST2H2AA3;EID2;NUDT12,19.05.2026
SRB-0010386,,AJ,v2,SRB-0010386-001,SERAC,FBXO31,HepG2,WildType,24,10,Pw125,1,4,Low (2-10),TNFRSF10A;LCP1;JMY;ZNF507,19.05.2026
SRB-0010385,,AJ,v2,,,,,,,,,,,,,
SRB-0010384,,AJ,v2,SRB-0010384-001,SERAC,FBXO31,HepG2,WildType,24,10,Pw106,1,1,Single (1),HRNR,19.05.2026
SRB-0010383,,AJ,v2,SRB-0010383-001,SERAC,FBXO31,HepG2,WildType,24,10,Pw115,1,1,Single (1),LIPT1,19.05.2026
SRB-0010382,,AJ,v2,SRB-0010382-001,SERAC,FBXO31,HepG2,WildType,24,10,Pw137,1,0,Silent,,19.05.2026
SRB-0010381,,AJ,v2,,,,,,,,,,,,,
SRB-0010380,,AJ,v2,SRB-0010380-001,SERAC,FBXO31,HepG2,WildType,24,10,Pw121,1,2,Low (2-10),PDE6D;RGS3,19.05.2026
SRB-0010379,,AJ,v2,,,,,,,,,,,,,
SRB-0010378,,AJ,v2,,,,,,,,,,,,,
SRB-0010377,,AJ,v2,,,,,,,,,,,,,
SRB-0010376,,AJ,v2,SRB-0010376-001,SERAC,FBXO31,HepG2,WildType,24,10,Pw117,1,3,Low (2-10),PAN3;SELENOS;ZNF446,19.05.2026
SRB-0010375,,AJ,v2,SRB-0010375-001,SERAC,FBXO31,HepG2,WildType,24,10,Pw110,1,5,Low (2-10),SS18L1;CYP1A1;EIF4G1;ZNF799;ZSWIM5,19.05.2026
SRB-0010374,,AJ,v2,SRB-0010374-001,SERAC,FBXO31,HepG2,WildType,24,10,Pw112,1,2,Low (2-10),SLC6A6;PEG10,19.05.2026
SRB-0010373,,AJ,v2,,,,,,,,,,,,,
SRB-0010372,,AJ,v2,SRB-0010372-001,SERAC,FBXO31,HepG2,WildType,24,10,Pw135,1,1,Single (1),FAM120C,19.05.2026
SRB-0010371,,AJ,v2,SRB-0010371-001,SERAC,FBXO31,HepG2,WildType,24,10,Pw114,1,1,Single (1),ZSWIM1,19.05.2026
SRB-0010370,,AJ,v2,SRB-0010370-001,SERAC,FBXO31,HepG2,WildType,24,10,Pw109,1,2,Low (2-10),UBASH3B;MLH3,19.05.2026
SRB-0010369,,AJ,v2,SRB-0010369-001,SERAC,FBXO31,HepG2,WildType,24,10,Pw125,1,4,Low (2-10),SLC16A6;ZNF324;ZNF324B;CARMIL2;VPS13A,19.05.2026
SRB-0010368,,AJ,v2,SRB-0010368-001,SERAC,FBXO31,HepG2,WildType,24,10,Pw126,1,1,Single (1),GTF3C6,19.05.2026
SRB-0010367,,AJ,v2,SRB-0010367-001,SERAC,FBXO31,HepG2,WildType,24,10,Pw152,1,2,Low (2-10),SCAMP5;ABCG8,19.05.2026
SRB-0010366,,AJ,v2,SRB-0010366-001,SERAC,FBXO31,HepG2,WildType,24,10,Pw135,1,6,Low (2-10),AGR2;PPP3CC;FASTK;HSP90AA4P;SLC36A1;MNT,19.05.2026
SRB-0010365,,AJ,v2,SRB-0010365-001,SERAC,FBXO31,HepG2,WildType,24,10,Pw106,1,3,Low (2-10),ZBTB44;SLC25A39;CXCL16,19.05.2026
SRB-0010364,,AJ,v2,SRB-0010364-001,SERAC,FBXO31,HepG2,WildType,24,10,Pw115,1,7,Low (2-10),GLRX3;SLCO2B1;IGFBP3;SULT1E1;AATK;POC1A;NAP1L5,19.05.2026
SRB-0010363,,AJ,v2,,,,,,,,,,,,,
SRB-0010362,,AJ,v2,SRB-0010362-001,SERAC,FBXO31,HepG2,WildType,24,10,Pw135,1,1,Single (1),C1QTNF3,19.05.2026
SRB-0010190,,AJ,v2,,,,,,,,,,,,,
SRB-0010114,,AJ,v2,SRB-0010114-001,SERAC,FBXO31,HepG2,WildType,24,10,Pw127,1,6,Low (2-10),VAMP4;CLN5;NQO2;SULT1E1;GHITM;PLEKHJ1,19.05.2026
SRB-0010113,,AJ,v2,SRB-0010113-001,SERAC,FBXO31,HepG2,WildType,24,10,Pw121,1,3,Low (2-10),MICA;RIT1;TOR4A,19.05.2026
SRB-0010112,,AJ,v2,SRB-0010112-001,SERAC,FBXO31,HepG2,WildType,24,10,Pw119,1,12,Medium (11-25),STC2;VAMP2;CA9;EEF1AKMT2;SLC39A5;UBE2Q1;PAQR7;PDCD2L;CUEDC2;DEPP1;RNF216;TUBE1,19.05.2026
SRB-0010111,,AJ,v2,,,,,,,,,,,,,
SRB-0010110,,AJ,v2,SRB-0010110-001,SERAC,FBXO31,HepG2,WildType,24,10,Pw136,1,6,Low (2-10),BTN3A3;STAU1;TMCO3;HASPIN;PDCD2L;TOR4A,19.05.2026
SRB-0010109,,AJ,v2,SRB-0010109-001,SERAC,FBXO31,HepG2,WildType,24,10,Pw112,1,9,Low (2-10),SFT2D2;PTTG1;AREG;PLCG2;JUNB;MCL1;PLEC;CBWD2;TMEM181,19.05.2026
SRB-0010108,,AJ,v2,SRB-0010108-001,SERAC,FBXO31,HepG2,WildType,24,10,Pw110,1,3,Low (2-10),SFR1;CMTM3;CDCA4,19.05.2026
SRB-0010107,,AJ,v2,SRB-0010107-001,SERAC,FBXO31,HepG2,WildType,24,10,Pw109,1,4,Low (2-10),PYROXD1;PDCD2L;BICC1;NKIRAS1,19.05.2026
SRB-0010106,,AJ,v2,SRB-0010106-001,SERAC,FBXO31,HepG2,WildType,24,10,Pw127,1,5,Low (2-10),CYP3A7;DLK1;PDCD2L;TOR4A;ADGRG1,19.05.2026
SRB-0010046,,AJ,v2,SRB-0010046-001,SERAC,FBXO31,HepG2,WildType,24,10,Pw112,1,9,Low (2-10),FBLL1;C17orf100;ZNF292;UBE2B;FAM126B;FANCB;UNC45A;GDF2;POLR3K,19.05.2026
SRB-0010045,,AJ,v2,SRB-0010045-001,SERAC,FBXO31,HepG2,WildType,24,10,Pw114,1,3,Low (2-10),DPYSL3;C15orf41;IER3IP1,19.05.2026
SRB-0010044,,AJ,v2,SRB-0010044-001,SERAC,FBXO31,HepG2,WildType,24,10,Pw111,1,5,Low (2-10),C11orf98;PDPK1;TMTC4;NPM2;FAM168A,19.05.2026
SRB-0010043,,AJ,v2,SRB-0010043-001,SERAC,FBXO31,HepG2,WildType,24,10,Pw126,1,0,Silent,,19.05.2026
SRB-0010042,,AJ,v2,SRB-0010042-001,SERAC,FBXO31,HepG2,WildType,24,10,Pw128,1,0,Silent,,19.05.2026
SRB-0010041,,AJ,v2,SRB-0010041-001,SERAC,FBXO31,HepG2,WildType,24,10,Pw136,1,0,Silent,,19.05.2026
SRB-0009949,,AJ,v2,,,,,,,,,,,,,
SRB-0009943,,AJ,v2,,,,,,,,,,,,,
SRB-0009938,,AJ,v2,SRB-0009938-001,SERAC,FBXO31,HepG2,WildType,24,10,Pw136,1,0,Silent,,19.05.2026
SRB-0009937,,AJ,v2,SRB-0009937-001,SERAC,FBXO31,HepG2,WildType,24,10,Pw110,1,1,Single (1),NKAPD1,19.05.2026
SRB-0009926,,AJ,v2,,,,,,,,,,,,,
SRB-0009924,,AJ,v2,,,,,,,,,,,,,
SRB-0009881,,AJ,v2,SRB-0009881-001,SERAC,FBXO31,HepG2,WildType,24,10,Pw106,1,91,High (>25),VWA8;ESPN;PEX12;KPNA5;RGL2;WDR62;SSNA1;BNIP3L;CLASP2;PRPF40A;LRP6;DKK1;PPP1R3D;MAP4K4;TSPAN13;ARG1;INSR;GSN;IGFBP1;CHTF8;HSPA6;SMPD1;LOX;ALDH3A1;HPD;DUT;PIGA;VHL;PPP3CC;CCT3;CEBPD;CYP2J2;RARS;AFDN;RELB;CDK18;TSPAN31;PPP2R5C;DYNC1I2;TNK1;ENDOG;CUL7;CA9;PCK2;HLA-C;C5orf22;C19orf54;COA6;FAM69A;CENPP;SWSAP1;DNAJC24;TRAF7;AGTRAP;ATF7IP;DNAJC14;PRXL2C;PXK;RPAIN;COA5;PHYKPL;SVBP;FGFRL1;PDPR;MIB2;FAM241B;TMCO6;CALML4;CITED2;EIF2AK1;PAXX;GGACT;LSM14B;OSBPL10;PAIP1;KLHL25;ING2;TAF1D;CDCP1;EPS8L2;CAAP1;CHODL;MAGEF1;ZNF286A;PCMTD2;ATP5IF1;TUBD1;CNOT6;TSC22D4;SALL2;PIAS3,19.05.2026
SRB-0009880,,AJ,v2,SRB-0009880-001,SERAC,FBXO31,HepG2,WildType,24,10,Pw121,1,9,Low (2-10),BNIP3L;FADS1;FADS2;ENDOG;MICA;TTC19;COA7;LRRC58;ZNF639,19.05.2026
SRB-0009879,,AJ,v2,SRB-0009879-001,SERAC,FBXO31,HepG2,WildType,24,10,Pw120,1,5,Low (2-10),SLC2A1;TMEM201;BRWD3;GNPTG;RCE1,19.05.2026
SRB-0009878,,AJ,v2,SRB-0009878-001,SERAC,FBXO31,HepG2,WildType,24,10,Pw116,1,7,Low (2-10),PHC1;MSANTD4;PIGQ;PDCD2L;DEPP1;ZNRF3;ARL5A,19.05.2026
SRB-0009877,,AJ,v2,SRB-0009877-001,SERAC,FBXO31,HepG2,WildType,24,10,Pw115,1,14,Medium (11-25),RARA;ICAM2;B4GALT1;ENDOG;HGSNAT;TTC19;CHST3;LRRC58;CASD1;TM9SF2;BCL7B;BCL2L12;TOR4A;ST3GAL6,19.05.2026
SRB-0009876,,AJ,v2,SRB-0009876-001,SERAC,FBXO31,HepG2,WildType,24,10,Pw126,1,2,Low (2-10),HMOX1;MBNL2,19.05.2026
SRB-0009866,,AJ,v2,SRB-0009866-001,SERAC,FBXO31,HepG2,WildType,24,10,Pw110,1,2,Low (2-10),MSANTD4;RNF34,19.05.2026
SRB-0009865,,AJ,v2,,,,,,,,,,,,,
SRB-0009864,,AJ,v2,SRB-0009864-001,SERAC,FBXO31,HepG2,WildType,24,10,Pw115,1,11,Medium (11-25),SIVA1;DUSP14;PTPRD;DNMT1;ETFB;BASP1;MXRA7;DSC3;TRMT2B;TOR1AIP2;CYP4F12,19.05.2026
SRB-0009863,,AJ,v2,SRB-0009863-001,SERAC,FBXO31,HepG2,WildType,24,10,Pw119,1,5,Low (2-10),CDK2AP1;FOSL2;BTD;TMEM123;ACBD7,19.05.2026
SRB-0009809,,AJ,v2,SRB-0009809-001,SERAC,FBXO31,HepG2,WildType,24,10,Pw106,1,3,Low (2-10),STAT3;TRAF3;DENND5A,19.05.2026
SRB-0009796,,AJ,v2,,,,,,,,,,,,,
SRB-0009795,,AJ,v2,,,,,,,,,,,,,
SRB-0009794,,AJ,v2,,,,,,,,,,,,,
SRB-0009647,,AJ,v2,,,,,,,,,,,,,
SRB-0009646,,AJ,v2,,,,,,,,,,,,,
SRB-0009645,,AJ,v2,,,,,,,,,,,,,
SRB-0009644,,AJ,v2,,,,,,,,,,,,,
SRB-0009643,,AJ,v2,SRB-0009643-001,SERAC,FBXO31,HepG2,WildType,24,10,Pw102,1,4,Low (2-10),PMS2P11;TMEM65;OSBPL3;TOR4A,19.05.2026
SRB-0009642,,AJ,v2,SRB-0009642-001,SERAC,FBXO31,HepG2,WildType,24,10,Pw136,1,8,Low (2-10),CTDSPL;TUBB4A;FDX1;PRKCE;HGFAC;AP1B1;FAM69A;HBS1L,19.05.2026
SRB-0009641,,AJ,v2,,,,,,,,,,,,,
SRB-0009640,,AJ,v2,,,,,,,,,,,,,
SRB-0009639,,AJ,v2,,,,,,,,,,,,,
SRB-0009638,,AJ,v2,SRB-0009638-001,SERAC,FBXO31,HepG2,WildType,24,10,Pw139,1,4,Low (2-10),GORAB;PPP2R2D;PDCD2L;CCPG1,19.05.2026
SRB-0009637,,AJ,v2,SRB-0009637-001,SERAC,FBXO31,HepG2,WildType,24,10,Pw88,1,12,Medium (11-25),POLR3G;HS6ST1;SUPT3H;ATG12;NMB;PML;IDUA;DNAJC24;PTGR2;MTMR9;EIF2AK1;SLC12A4,19.05.2026
SRB-0009636,,AJ,v2,SRB-0009636-001,SERAC,FBXO31,HepG2,WildType,24,10,Pw85,1,4,Low (2-10),TNFRSF21;CYP1A1;FOSL2;CCDC174,19.05.2026
SRB-0009635,,AJ,v2,,,,,,,,,,,,,
SRB-0009634,,AJ,v2,,,,,,,,,,,,,
SRB-0009633,,AJ,v2,,,,,,,,,,,,,
SRB-0009632,,AJ,v2,SRB-0009632-001,SERAC,FBXO31,HepG2,WildType,24,10,Pw83,1,1,Single (1),PDCD2L,19.05.2026
SRB-0009631,,AJ,v2,SRB-0009631-001,SERAC,FBXO31,HepG2,WildType,24,10,Pw93,1,4,Low (2-10),ATG12;CYP1A1;CLDN12;PDCD2L,19.05.2026
SRB-0009630,,AJ,v2,SRB-0009630-001,SERAC,FBXO31,HepG2,WildType,24,10,Pw96,1,4,Low (2-10),FASTK;CLSTN3;TMEM161A;CA14,19.05.2026
SRB-0009629,,AJ,v2,SRB-0009629-001,SERAC,FBXO31,HepG2,WildType,24,10,Pw104,1,7,Low (2-10),JUNB;TGFBR2;KLC1;TNFAIP1;RNF26;MCUB;TOR4A,19.05.2026
SRB-0009628,,AJ,v2,,,,,,,,,,,,,
SRB-0009627,,AJ,v2,SRB-0009627-001,SERAC,FBXO31,HepG2,WildType,24,10,Pw88,1,174,High (>25),E2F8;SLC22A23;LIPT2;HACD1;ESPN;FOXN3;BHLHE40;BACH1;POLR3G;CCP110;COCH;TSPAN6;BNIP3L;COBL;LRP5;TRIM3;NPTXR;HMGN1;ENO1;IGFBP1;SKI;F3;CD59;ZFX;ZNF12;RCC1;BTF3;FGFR2;LOX;HLA-C;SLC6A6;DUT;HNF1B;ETFB;VHL;BCL6;MATR3;MAP2K3;CCT3;CARS;METAP2;BRCA2;CYP2J2;CCR6;PRKX;HNRNPA3;CEBPG;TTC3;TPI1;HIST1H4A;GNAS;LSM11;TFAP4;TGFBR3;EIF4G1;CALD1;TJP1;AES;PABPC4;TNK1;UBAP2L;ZNF268;SLC9A3R2;HLF;CA9;ST3GAL2;CSPP1;KIAA0753;C2orf68;ZNF672;ARHGAP29;RAB6D;HSP90AA5P;DALRD3;KANK2;E4F1;HGSNAT;DENND5A;DNAJC24;CNKSR3;CCDC137;DENND5B;CREB3L2;CEP68;PEX26;MAVS;FBXO33;SLC9B2;RTN4RL2;FAM160B2;UNC93A;COA5;HIST2H2AB;ANKHD1;TP53INP2;PALM2;SPICE1;LCORL;PNKD;PIP4P2;SLC44A3;WDTC1;PTGR2;JMY;TMEM102;MIGA1;PDPR;MSANTD4;SRARP;COP1;DDX54;RNF128;RHBDD1;FNIP1;CHCHD10;FAM168A;ARHGAP45;NKD1;NACC2;LRRC58;CRELD1;GMCL1;C9orf85;CEP63;FAM193B;ATAD5;RBBP8;TM9SF2;CITED2;PDCD2L;TRAIP;C1orf43;OSBPL10;KDM5D;LRRC3;SLC17A9;ZDHHC5;PAIP1;SUV39H2;TAF1D;CAAP1;PANK3;CHODL;ZNF556;BCL2L12;PLEKHA2;TNS1;ZNF331;LTBP3;DEPP1;SLC39A9;PCMTD2;BET1L;GLTP;CRIPT;DNMT3B;KDM5B;MLH3;GTF2IRD1;MRM2;ERRFI1;OSGIN1;ZHX1;MTUS1;CNOT6;FZD4;SUFU;PLAGL2;PRELID1;ST3GAL6;TMED7;ORC6;INSIG2;CHCHD2,19.05.2026
SRB-0009626,,AJ,v2,SRB-0009626-001,SERAC,FBXO31,HepG2,WildType,24,10,Pw102,1,9,Low (2-10),EEF1AKMT4;STAT2;CYP24A1;PCK2;TMEM164;PDCD2L;MCMBP;TOR4A;SLC7A11,19.05.2026
SRB-0009625,,AJ,v2,SRB-0009625-001,SERAC,FBXO31,HepG2,WildType,24,10,Pw101,1,10,Low (2-10),TOX3;ZMYM6;MAP4K4;HLA-E;MAP2K3;TMC7;SMIM14;LMF1;PDCD2L;GLTP,19.05.2026
SRB-0009624,,AJ,v2,SRB-0009624-001,SERAC,FBXO31,HepG2,WildType,24,10,Pw94,1,2,Low (2-10),G6PC;SLCO4A1,19.05.2026
SRB-0009600,,AJ,v2,SRB-0009600-001,SERAC,FBXO31,HepG2,WildType,24,10,Pw101,1,3,Low (2-10),ITGB3BP;ZNF691;DBNDD1,19.05.2026
SRB-0009599,,AJ,v2,SRB-0009599-001,SERAC,FBXO31,HepG2,WildType,24,10,Pw120,1,39,High (>25),KDELR3;SFT2D2;EEF1AKMT4-ECE2;SMARCA1;CDKN1A;SCAND1;SEC61G;SUMO2;PTS;SPIRE1;TRAF3;LRP8;C19orf54;IFFO2;PET117;SLCO4C1;CPEB2;MON1A;CMTM4;PTGR2;MOB3A;SLC25A44;ZNF764;AMDHD1;KLHL5;FAM111A;DEPDC7;PKMYT1;GORASP1;GGACT;SLC38A1;GGNBP2;PANK3;MSL2;SPHK2;C19orf12;GFOD1;FAM53C;CHIC2,19.05.2026
SRB-0009598,,AJ,v2,SRB-0009598-001,SERAC,FBXO31,HepG2,WildType,24,10,Pw158,1,6,Low (2-10),MYO9A;INO80D;ZNF444;FAM241B;POLH;PCDHB2,19.05.2026
SRB-0009597,,AJ,v2,,,,,,,,,,,,,
SRB-0009596,,AJ,v2,,,,,,,,,,,,,
SRB-0009595,,AJ,v2,SRB-0009595-001,SERAC,FBXO31,HepG2,WildType,24,10,Pw89,1,3,Low (2-10),SLC26A2;STON2;SLC9A7,19.05.2026
SRB-0009594,,AJ,v2,,,,,,,,,,,,,
SRB-0009593,,AJ,v2,,,,,,,,,,,,,
SRB-0009592,,AJ,v2,,,,,,,,,,,,,
SRB-0009591,,AJ,v2,,,,,,,,,,,,,
SRB-0009590,,AJ,v2,,,,,,,,,,,,,
SRB-0009589,,AJ,v2,SRB-0009589-001,SERAC,FBXO31,HepG2,WildType,24,10,Pw117,1,5,Low (2-10),COL3A1;C9;KLHL26;TTC17;TOR4A,19.05.2026
SRB-0009549,,AJ,v2,,,,,,,,,,,,,
SRB-0009548,,AJ,v2,SRB-0009548-001,SERAC,FBXO31,HepG2,WildType,24,10,Pw95,1,10,Low (2-10),ITIH1;NFYB;GATA4;TSC22D1;UQCC3;HRNR;MPLKIP;FAT3;EEF1AKMT1;ATP5IF1,19.05.2026
SRB-0009533,,AJ,v2,SRB-0009533-001,SERAC,FBXO31,HepG2,WildType,24,10,Pw117,1,3,Low (2-10),STEAP2;PSD3;RHBDD3,19.05.2026
SRB-0009529,,AJ,v2,,,,,,,,,,,,,
SRB-0009523,,AJ,v2,,,,,,,,,,,,,
SRB-0009522,,AJ,v2,,,,,,,,,,,,,
SRB-0009521,,AJ,v2,,,,,,,,,,,,,
SRB-0009520,,AJ,v2,,,,,,,,,,,,,
SRB-0009519,,AJ,v2,,,,,,,,,,,,,
SRB-0009518,,AJ,v2,,,,,,,,,,,,,
SRB-0009517,,AJ,v2,SRB-0009517-001,SERAC,FBXO31,HepG2,WildType,24,10,Pw95,1,0,Silent,,19.05.2026
SRB-0009516,,AJ,v2,,,,,,,,,,,,,
SRB-0009512,,AJ,v2,,,,,,,,,,,,,
SRB-0009511,,AJ,v2,SRB-0009511-001,SERAC,FBXO31,HepG2,WildType,24,10,Pw120,1,0,Silent,,19.05.2026
SRB-0009505,,AJ,v2,,,,,,,,,,,,,
SRB-0009503,,AJ,v2,,,,,,,,,,,,,
SRB-0009497,,AJ,v2,,,,,,,,,,,,,
SRB-0009495,,AJ,v2,SRB-0009495-001,SERAC,FBXO31,HepG2,WildType,24,10,Pw95,1,2,Low (2-10),SLX4IP;BTBD9,19.05.2026
SRB-0009494,,AJ,v2,SRB-0009494-001,SERAC,FBXO31,HepG2,WildType,24,10,Pw95,1,230,High (>25),TTC26;CASTOR2;HACD1;EEF2K;AGRN;PLOD2;MEIS1;SCD;STX16;CHEK1;APOL1;PHYH;UBD;GSTA4;LAMA5;FANCG;SIVA1;SOX12;TOX3;SPOP;BNIP3L;PHLPP1;FADS1;CUTA;OBSL1;RAB11FIP3;SMIM24;BCAS1;GMNN;PIAS2;SCGN;USP1;TMCC1;KDM4B;DUSP14;NPTXR;SLC2A10;CLIC3;FADS2;GSR;PAH;CP;SERPINA1;FGA;FGA;APOH;TTR;ALB;AFP;TF;HMGCR;ARG1;HMGN1;HMGN2;GJB1;HMOX1;FURIN;CYP19A1;SKI;NID1;TCF3;CD36;SON;EFNA1;LOX;GRN;PCSK6;CDC25B;HNF1B;ETV6;SLC1A2;IREB2;CEBPA;CEBPD;DNA2;AKR1D1;DAPK1;LAMB2;PTEN;CX3CL1;PRR3;EFNB1;RASSF7;HHEX;TYRO3;HYAL1;BNIP3;DHRS2;SKP2;PTPRS;SNTA1;TNK1;EIF4EBP2;NCOA4;DGCR6;TFDP2;SLBP;NEDD9;MELK;HEPACAM;PCLAF;DIXDC1;ZNHIT3;MAPK14;HIF1A;CA9;DUSP6;PFKFB4;TMEM132A;RFX7;ESCO2;CEP78;DGKK;LDLRAP1;KANK4;ZDHHC20;SP5;VASN;CENPP;MZT2A;PSRC1;FAM111B;UQCC3;ABHD15;SLC30A10;SLC39A5;AEBP2;PAQR9;MIGA2;MCM10;CXXC5;PEG10;SAPCD2;RTN4RL2;LRP11;COA5;SLC13A5;KLB;FAM219A;PARP9;ZNF444;C17orf53;ARHGEF39;RNF10;PCSK9;CHST13;VANGL1;SKA2;ATRIP;IFT81;ARHGAP45;PTPRU;PMM1;RAD51AP1;SGK3;RMI2;MAGED4;LRR1;ATAD5;KCTD15;UHRF1;PLIN2;MTERF1;SERPINI1;CDC6;CITED2;PAIP2;LZTS2;CENPK;MKNK1;MKNK1;ABHD14A;C9orf16;C1orf43;CDCA7;BRIP1;BTBD2;BBS2;IFIH1;ZCCHC2;PAIP1;UNC93B1;TXNIP;KDM4C;SEMA6B;PPDPF;LIME1;TOR1AIP2;RANBP3;C1orf115;CLSPN;MAGEF1;TNS1;TNS1;RAVER2;APOBEC3C;HELLS;SALL1;SPTLC3;PCMTD2;ASF1B;TMEM51;ZDHHC7;ANKRD10;ARL15;DTL;C1RL;HMG20B;KLHL42;KDM5B;SEPT3;NARF;MRM2;ATP5IF1;OSGIN1;ZNF580;FBXO9;FBXO5;FZD4;USP18;RABL2B;KLHDC2;BOLA1;SALL2;KDM3A;WIPI2;MMACHC;ORC6;MAGED1;MRFAP1,19.05.2026
SRB-0009492,,AJ,v2,,,,,,,,,,,,,
SRB-0009491,,AJ,v2,SRB-0009491-001,SERAC,FBXO31,HepG2,WildType,24,10,Pw138,1,1,Single (1),C1orf115,19.05.2026
SRB-0009490,,AJ,v2,SRB-0009490-001,SERAC,FBXO31,HepG2,WildType,24,10,Pw100,1,1,Single (1),MYOM3,19.05.2026
SRB-0009489,,AJ,v2,SRB-0009489-001,SERAC,FBXO31,HepG2,WildType,24,10,Pw137,1,3,Low (2-10),RAB11A;PLEKHA3;LYRM2,19.05.2026
SRB-0009487,,AJ,v2,SRB-0009487-001,SERAC,FBXO31,HepG2,WildType,24,10,Pw95,1,0,Silent,,19.05.2026
SRB-0009482,,AJ,v2,SRB-0009482-001,SERAC,FBXO31,HepG2,WildType,24,10,Pw135,1,1,Single (1),RNF138,19.05.2026
SRB-0009481,,AJ,v2,SRB-0009481-001,SERAC,FBXO31,HepG2,WildType,24,10,Pw97,1,2,Low (2-10),GPR108;LTBP3,19.05.2026
SRB-0009480,,AJ,v2,,,,,,,,,,,,,
SRB-0009479,,AJ,v2,,,,,,,,,,,,,
SRB-0009478,,AJ,v2,,,,,,,,,,,,,
SRB-0009477,,AJ,v2,,,,,,,,,,,,,
SRB-0009476,,AJ,v2,,,,,,,,,,,,,
SRB-0009475,,AJ,v2,SRB-0009475-001,SERAC,FBXO31,HepG2,WildType,24,10,Pw93,1,3,Low (2-10),E2F8;ESAM;TBC1D7,19.05.2026
SRB-0009473,,AJ,v2,,,,,,,,,,,,,
SRB-0009472,,AJ,v2,SRB-0009472-001,SERAC,FBXO31,HepG2,WildType,24,10,Pw93,1,1,Single (1),LYRM1,19.05.2026
SRB-0009471,,AJ,v2,SRB-0009471-001,SERAC,FBXO31,HepG2,WildType,24,10,Pw93,1,32,High (>25),SIVA1;FADS1;FADS2;EEF1AKMT4;BTF3;COL4A5;FDFT1;CDKN2C;ENDOG;MSMO1;HLF;RBM48;PPP2R2D;DEF8;DPY19L4;CAMK2N1;ITPRIP;CMTM4;PCSK9;IPMK;PAQR8;WDR34;PLIN2;EPAS1;PDCD2L;PRADC1;ADAT1;TCF7L2;C1orf112;MTMR4;ANGPTL2;C15orf41,19.05.2026
SRB-0009470,,AJ,v2,,,,,,,,,,,,,
SRB-0009469,,AJ,v2,,,,,,,,,,,,,
SRB-0009468,,AJ,v2,,,,,,,,,,,,,
SRB-0009467,,AJ,v2,,,,,,,,,,,,,
SRB-0009466,,AJ,v2,,,,,,,,,,,,,
SRB-0009456,,AJ,v2,,,,,,,,,,,,,
SRB-0009455,,AJ,v2,,,,,,,,,,,,,
SRB-0009454,,AJ,v2,,,,,,,,,,,,,
SRB-0009453,,AJ,v2,SRB-0009453-001,SERAC,FBXO31,HepG2,WildType,24,10,Pw99,1,3,Low (2-10),DNMT1;AVPI1;ZNF417,19.05.2026
SRB-0009452,,AJ,v2,,,,,,,,,,,,,
SRB-0009450,,AJ,v2,,,,,,,,,,,,,
SRB-0009448,,AJ,v2,,,,,,,,,,,,,
SRB-0009447,,AJ,v2,,,,,,,,,,,,,
SRB-0009446,,AJ,v2,SRB-0009446-001,SERAC,FBXO31,HepG2,WildType,24,10,Pw95,1,3,Low (2-10),SMPD2;EIF4G1;ST3GAL4,19.05.2026
SRB-0009445,,AJ,v2,SRB-0009445-001,SERAC,FBXO31,HepG2,WildType,24,10,Pw103,1,1,Single (1),WIPI2,19.05.2026
SRB-0009444,,AJ,v2,,,,,,,,,,,,,
SRB-0009443,,AJ,v2,,,,,,,,,,,,,
SRB-0009436,,AJ,v2,SRB-0009436-001,SERAC,FBXO31,HepG2,WildType,24,10,Pw95,1,0,Silent,,19.05.2026
SRB-0009435,,AJ,v2,,,,,,,,,,,,,
SRB-0009427,,AJ,v2,SRB-0009427-001,SERAC,FBXO31,HepG2,WildType,24,10,Pw99,1,3,Low (2-10),LEPROTL1;HSP90AA5P;MFSD14B,19.05.2026
SRB-0009425,,AJ,v2,,,,,,,,,,,,,
SRB-0009424,,AJ,v2,,,,,,,,,,,,,
SRB-0009423,,AJ,v2,,,,,,,,,,,,,
SRB-0009422,,AJ,v2,,,,,,,,,,,,,
SRB-0009421,,AJ,v2,,,,,,,,,,,,,
SRB-0009419,,AJ,v2,,,,,,,,,,,,,
SRB-0009418,,AJ,v2,SRB-0009418-001,SERAC,FBXO31,HepG2,WildType,24,10,Pw98,1,4,Low (2-10),PABPC4;ZNF655;TMEM222;UCK1,19.05.2026
SRB-0009417,,AJ,v2,SRB-0009417-001,SERAC,FBXO31,HepG2,WildType,24,10,Pw93,1,7,Low (2-10),LYN;RAB28;SLX4IP;HRNR;FAM53C;SSR3;SSX2IP,19.05.2026
SRB-0009415,,AJ,v2,SRB-0009415-001,SERAC,FBXO31,HepG2,WildType,24,10,Pw116,1,1,Single (1),TMEM143,19.05.2026
SRB-0009414,,AJ,v2,,,,,,,,,,,,,
SRB-0009413,,AJ,v2,SRB-0009413-001,SERAC,FBXO31,HepG2,WildType,24,10,Pw93,1,4,Low (2-10),TNFRSF10A;IFITM2;BNIP2;KAT6B,19.05.2026
SRB-0009411,,AJ,v2,,,,,,,,,,,,,
SRB-0009410,,AJ,v2,,,,,,,,,,,,,
SRB-0009409,,AJ,v2,SRB-0009409-001,SERAC,FBXO31,HepG2,WildType,24,10,Pw99,1,5,Low (2-10),ESYT2;UBE2B;ZNF746;DSTYK;EDA,19.05.2026
SRB-0009408,,AJ,v2,,,,,,,,,,,,,
SRB-0009407,,AJ,v2,SRB-0009407-001,SERAC,FBXO31,HepG2,WildType,24,10,Pw138,1,2,Low (2-10),CDKN2C;ZNF524,19.05.2026
SRB-0009406,,AJ,v2,,,,,,,,,,,,,
SRB-0009405,,AJ,v2,,,,,,,,,,,,,
SRB-0009404,,AJ,v2,,,,,,,,,,,,,
SRB-0009403,,AJ,v2,,,,,,,,,,,,,
SRB-0009402,,AJ,v2,SRB-0009402-001,SERAC,FBXO31,HepG2,WildType,24,10,Pw95,1,3,Low (2-10),GPS2;EEF1AKMT2;ARHGAP12,19.05.2026
SRB-0009401,,AJ,v2,,,,,,,,,,,,,
SRB-0009400,,AJ,v2,,,,,,,,,,,,,
SRB-0009399,,AJ,v2,,,,,,,,,,,,,
SRB-0009398,,AJ,v2,,,,,,,,,,,,,
SRB-0009396,,AJ,v2,,,,,,,,,,,,,
SRB-0009395,,AJ,v2,,,,,,,,,,,,,
SRB-0009394,,AJ,v2,SRB-0009394-001,SERAC,FBXO31,HepG2,WildType,24,10,Pw93,1,1,Single (1),LIPT2,19.05.2026
SRB-0009393,,AJ,v2,,,,,,,,,,,,,
SRB-0009392,,AJ,v2,,,,,,,,,,,,,
SRB-0009391,,AJ,v2,,,,,,,,,,,,,
SRB-0009390,,AJ,v2,,,,,,,,,,,,,
SRB-0009387,,AJ,v2,,,,,,,,,,,,,
SRB-0009386,,AJ,v2,,,,,,,,,,,,,
SRB-0009384,,AJ,v2,SRB-0009384-001,SERAC,FBXO31,HepG2,WildType,24,10,Pw99,1,0,Silent,,19.05.2026
SRB-0009383,,AJ,v2,,,,,,,,,,,,,
SRB-0009380,,AJ,v2,,,,,,,,,,,,,
SRB-0009378,,AJ,v2,,,,,,,,,,,,,
SRB-0009376,,AJ,v2,,,,,,,,,,,,,
SRB-0009371,,AJ,v2,,,,,,,,,,,,,
SRB-0009369,,AJ,v2,,,,,,,,,,,,,
SRB-0009364,,AJ,v2,SRB-0009364-001,SERAC,FBXO31,HepG2,WildType,24,10,Pw95,1,0,Silent,,19.05.2026
SRB-0009361,,AJ,v2,SRB-0009361-001,SERAC,FBXO31,HepG2,WildType,24,10,Pw97,1,0,Silent,,19.05.2026
SRB-0009360,,AJ,v2,,,,,,,,,,,,,
SRB-0009358,,AJ,v2,,,,,,,,,,,,,
SRB-0009346,,AJ,v2,SRB-0009346-001,SERAC,FBXO31,HepG2,WildType,24,10,Pw95,1,1,Single (1),SCNM1,19.05.2026
SRB-0009345,,AJ,v2,,,,,,,,,,,,,
SRB-0009335,,AJ,v2,SRB-0009335-001,SERAC,FBXO31,HepG2,WildType,24,10,Pw139,1,1,Single (1),LMBRD1,19.05.2026
SRB-0009333,,AJ,v2,,,,,,,,,,,,,
SRB-0009323,,AJ,v2,,,,,,,,,,,,,
SRB-0009307,,AJ,v2,SRB-0009307-001,SERAC,FBXO31,HepG2,WildType,24,10,Pw101,1,0,Silent,,19.05.2026
SRB-0009303,,AJ,v2,,,,,,,,,,,,,
SRB-0009301,,AJ,v2,,,,,,,,,,,,,
SRB-0009299,,AJ,v2,,,,,,,,,,,,,
SRB-0009297,,AJ,v2,SRB-0009297-001,SERAC,FBXO31,HepG2,WildType,24,10,Pw107,1,3,Low (2-10),NBDY;FZD6;OCC1,19.05.2026
SRB-0009296,,AJ,v2,,,,,,,,,,,,,
SRB-0009295,,AJ,v2,,,,,,,,,,,,,
SRB-0009294,,AJ,v2,,,,,,,,,,,,,
SRB-0009287,,AJ,v2,,,,,,,,,,,,,
SRB-0009286,,AJ,v2,,,,,,,,,,,,,
SRB-0009283,,AJ,v2,,,,,,,,,,,,,
SRB-0009282,,AJ,v2,,,,,,,,,,,,,
SRB-0009279,,AJ,v2,,,,,,,,,,,,,
SRB-0009278,,AJ,v2,,,,,,,,,,,,,
SRB-0009276,,AJ,v2,SRB-0009276-001,SERAC,FBXO31,HepG2,WildType,24,10,Pw102,1,7,Low (2-10),TOX3;CHN1;CYP2J2;TMEM164;B3GALNT2;ZNF395;TOR4A,19.05.2026
SRB-0009275,,AJ,v2,,,,,,,,,,,,,
SRB-0009274,,AJ,v2,,,,,,,,,,,,,
SRB-0009273,,AJ,v2,,,,,,,,,,,,,
SRB-0009271,,AJ,v2,,,,,,,,,,,,,
SRB-0009268,,AJ,v2,SRB-0009268-001,SERAC,FBXO31,HepG2,WildType,24,10,Pw93,1,0,Silent,,19.05.2026
SRB-0009265,,AJ,v2,SRB-0009265-001,SERAC,FBXO31,HepG2,WildType,24,10,Pw95,1,4,Low (2-10),MZT1;CPNE8;PTGR2;MVB12A,19.05.2026
SRB-0009264,,AJ,v2,,,,,,,,,,,,,
SRB-0009263,,AJ,v2,SRB-0009263-001,SERAC,FBXO31,HepG2,WildType,24,10,Pw98,1,0,Silent,,19.05.2026
SRB-0009262,,AJ,v2,,,,,,,,,,,,,
SRB-0009261,,AJ,v2,SRB-0009261-001,SERAC,FBXO31,HepG2,WildType,24,10,Pw102,1,0,Silent,,19.05.2026
SRB-0009260,,AJ,v2,SRB-0009260-001,SERAC,FBXO31,HepG2,WildType,24,10,Pw95,1,3,Low (2-10),APOC1;PML;TOR4A,19.05.2026
SRB-0009258,,AJ,v2,,,,,,,,,,,,,
SRB-0009208,,AJ,v2,,,,,,,,,,,,,
SRB-0009207,,AJ,v2,,,,,,,,,,,,,
SRB-0009203,,AJ,v2,,,,,,,,,,,,,
SRB-0009202,,AJ,v2,,,,,,,,,,,,,
SRB-0009201,,AJ,v2,,,,,,,,,,,,,
SRB-0009200,,AJ,v2,,,,,,,,,,,,,
SRB-0009199,,AJ,v2,,,,,,,,,,,,,
SRB-0009198,,AJ,v2,,,,,,,,,,,,,
SRB-0009197,,AJ,v2,,,,,,,,,,,,,
SRB-0009196,,AJ,v2,,,,,,,,,,,,,
SRB-0009189,,AJ,v2,,,,,,,,,,,,,
SRB-0009185,,AJ,v2,SRB-0009185-001,SERAC,FBXO31,HepG2,WildType,24,10,Pw136,1,1,Single (1),LLPH,19.05.2026
SRB-0009180,,AJ,v2,SRB-0009180-001,SERAC,FBXO31,HepG2,WildType,24,10,Pw138,1,2,Low (2-10),SERAC1;CRAMP1,19.05.2026
SRB-0009179,,AJ,v2,,,,,,,,,,,,,
SRB-0009178,,AJ,v2,,,,,,,,,,,,,
SRB-0009176,,AJ,v2,,,,,,,,,,,,,
SRB-0009175,,AJ,v2,,,,,,,,,,,,,
SRB-0009174,,AJ,v2,SRB-0009174-001,SERAC,FBXO31,HepG2,WildType,24,10,Pw87,1,4,Low (2-10),CYP1A1;C2CD3;SLC51A;MCM9,19.05.2026
SRB-0009173,,AJ,v2,SRB-0009173-001,SERAC,FBXO31,HepG2,WildType,24,10,Pw98,1,2,Low (2-10),FAU;TMEM222,19.05.2026
SRB-0009129,,AJ,v2,,,,,,,,,,,,,
SRB-0009128,,AJ,v2,SRB-0009128-001,SERAC,FBXO31,HepG2,WildType,24,10,Pw100,1,4,Low (2-10),ARID5B;PPP2R2D;CYP4F12;TM7SF3,19.05.2026
SRB-0009127,,AJ,v2,,,,,,,,,,,,,
SRB-0009126,,AJ,v2,SRB-0009126-001,SERAC,FBXO31,HepG2,WildType,24,10,Pw158,1,2,Low (2-10),CD97;ENTR1,19.05.2026
SRB-0009125,,AJ,v2,,,,,,,,,,,,,
SRB-0009124,,AJ,v2,,,,,,,,,,,,,
SRB-0009123,,AJ,v2,,,,,,,,,,,,,
SRB-0009122,,AJ,v2,SRB-0009122-001,SERAC,FBXO31,HepG2,WildType,24,10,Pw87,1,3,Low (2-10),SIVA1;RAB11FIP2;MKRN1,19.05.2026
SRB-0009121,,AJ,v2,SRB-0009121-001,SERAC,FBXO31,HepG2,WildType,24,10,Pw95,1,3,Low (2-10),FOSL1;MZT2A;PHYKPL,19.05.2026
SRB-0009120,,AJ,v2,,,,,,,,,,,,,
SRB-0009119,,AJ,v2,SRB-0009119-001,SERAC,FBXO31,HepG2,WildType,24,10,Pw101,1,6,Low (2-10),LPIN1;UPP1;TRNP1;DNAJC24;PYROXD1;PYM1,19.05.2026
SRB-0009118,,AJ,v2,,,,,,,,,,,,,
SRB-0009117,,AJ,v2,,,,,,,,,,,,,
SRB-0009116,,AJ,v2,,,,,,,,,,,,,
SRB-0009115,,AJ,v2,,,,,,,,,,,,,
SRB-0009114,,AJ,v2,,,,,,,,,,,,,
SRB-0009113,,AJ,v2,,,,,,,,,,,,,
SRB-0009112,,AJ,v2,SRB-0009112-001,SERAC,FBXO31,HepG2,WildType,24,10,Pw87,1,6,Low (2-10),B4GALT5;NDUFA3;ABCB11;MON1A;FAM168A;ZFYVE21,19.05.2026
SRB-0009111,,AJ,v2,SRB-0009111-001,SERAC,FBXO31,HepG2,WildType,24,10,Pw84,1,2,Low (2-10),CD36;TPI1,19.05.2026
SRB-0009110,,AJ,v2,,,,,,,,,,,,,
SRB-0009109,,AJ,v2,SRB-0009109-001,SERAC,FBXO31,HepG2,WildType,24,10,Pw108,1,1,Single (1),PSEN2,19.05.2026
SRB-0009108,,AJ,v2,SRB-0009108-001,SERAC,FBXO31,HepG2,WildType,24,10,Pw87,1,2,Low (2-10),LPIN1;KIAA1551,19.05.2026
SRB-0009107,,AJ,v2,SRB-0009107-001,SERAC,FBXO31,HepG2,WildType,24,10,Pw104,1,6,Low (2-10),MYO1C;KLHL18;TPM3;GORAB;FAM53C;ZSWIM5,19.05.2026
SRB-0009106,,AJ,v2,,,,,,,,,,,,,
SRB-0009105,,AJ,v2,,,,,,,,,,,,,
SRB-0009104,,AJ,v2,,,,,,,,,,,,,
SRB-0009103,,AJ,v2,SRB-0009103-001,SERAC,FBXO31,HepG2,WildType,24,10,Pw87,1,2,Low (2-10),DALRD3;POLR3K,19.05.2026
SRB-0009102,,AJ,v2,SRB-0009102-001,SERAC,FBXO31,HepG2,WildType,24,10,Pw157,1,5,Low (2-10),EFNA2;RPP14;IDNK;ADNP2;KCTD10,19.05.2026
SRB-0009101,,AJ,v2,SRB-0009101-001,SERAC,FBXO31,HepG2,WildType,24,10,Pw109,1,1,Single (1),GAPVD1,19.05.2026
SRB-0009100,,AJ,v2,,,,,,,,,,,,,
SRB-0009099,,AJ,v2,,,,,,,,,,,,,
SRB-0009098,,AJ,v2,SRB-0009098-001,SERAC,FBXO31,HepG2,WildType,24,10,Pw94,1,4,Low (2-10),TTC7B;SPAG4;TOR4A;CLN8,19.05.2026
SRB-0009097,,AJ,v2,,,,,,,,,,,,,
SRB-0009096,,AJ,v2,,,,,,,,,,,,,
SRB-0009095,,AJ,v2,,,,,,,,,,,,,
SRB-0009094,,AJ,v2,SRB-0009094-001,SERAC,FBXO31,HepG2,WildType,24,10,Pw83,1,0,Silent,,19.05.2026
SRB-0009093,,AJ,v2,,,,,,,,,,,,,
SRB-0009092,,AJ,v2,SRB-0009092-001,SERAC,FBXO31,HepG2,WildType,24,10,Pw96,1,2,Low (2-10),NEK4;TTC21B,19.05.2026
SRB-0009091,,AJ,v2,,,,,,,,,,,,,
SRB-0009090,,AJ,v2,SRB-0009090-001,SERAC,FBXO31,HepG2,WildType,24,10,Pw128,1,2,Low (2-10),ADGRG3;PKIG,19.05.2026
SRB-0009089,,AJ,v2,SRB-0009089-001,SERAC,FBXO31,HepG2,WildType,24,10,Pw102,1,9,Low (2-10),SYK;PHC1;TAF1B;MTURN;PTGR2;MCMBP;TMEM109;SSBP4;PLEKHM1,19.05.2026
SRB-0009088,,AJ,v2,,,,,,,,,,,,,
SRB-0009087,,AJ,v2,,,,,,,,,,,,,
SRB-0009086,,AJ,v2,,,,,,,,,,,,,
SRB-0009085,,AJ,v2,,,,,,,,,,,,,
SRB-0009084,,AJ,v2,SRB-0009084-001,SERAC,FBXO31,HepG2,WildType,24,10,Pw84,1,0,Silent,,19.05.2026
SRB-0009083,,AJ,v2,SRB-0009083-001,SERAC,FBXO31,HepG2,WildType,24,10,Pw100,1,2,Low (2-10),HRNR;SMIM8,19.05.2026
SRB-0009082,,AJ,v2,SRB-0009082-001,SERAC,FBXO31,HepG2,WildType,24,10,Pw116,1,7,Low (2-10),EPB41L2;ADGRG3;KDM1B;LIN37;IL17B;FLVCR2;LIPT1,19.05.2026
SRB-0009081,,AJ,v2,,,,,,,,,,,,,
SRB-0009080,,AJ,v2,,,,,,,,,,,,,
SRB-0009079,,AJ,v2,,,,,,,,,,,,,
SRB-0009078,,AJ,v2,SRB-0009078-001,SERAC,FBXO31,HepG2,WildType,24,10,Pw101,1,4,Low (2-10),PGGHG;GTF2H2C;CEP120;IFT57,19.05.2026
SRB-0009077,,AJ,v2,,,,,,,,,,,,,
SRB-0009076,,AJ,v2,,,,,,,,,,,,,
SRB-0009075,,AJ,v2,SRB-0009075-001,SERAC,FBXO31,HepG2,WildType,24,10,Pw102,1,4,Low (2-10),CASK;CYP2J2;CNKSR3;DRAM2,19.05.2026
SRB-0009074,,AJ,v2,,,,,,,,,,,,,
SRB-0009073,,AJ,v2,,,,,,,,,,,,,
SRB-0009072,,AJ,v2,,,,,,,,,,,,,
SRB-0009071,,AJ,v2,SRB-0009071-001,SERAC,FBXO31,HepG2,WildType,24,10,Pw137,1,0,Silent,,19.05.2026
SRB-0009070,,AJ,v2,,,,,,,,,,,,,
SRB-0009069,,AJ,v2,SRB-0009069-001,SERAC,FBXO31,HepG2,WildType,24,10,Pw94,1,1,Single (1),AADAT,19.05.2026
SRB-0009068,,AJ,v2,,,,,,,,,,,,,
SRB-0009067,,AJ,v2,,,,,,,,,,,,,
SRB-0009066,,AJ,v2,,,,,,,,,,,,,
SRB-0009065,,AJ,v2,,,,,,,,,,,,,
SRB-0009064,,AJ,v2,,,,,,,,,,,,,
SRB-0009063,,AJ,v2,,,,,,,,,,,,,
SRB-0009062,,AJ,v2,,,,,,,,,,,,,
SRB-0009061,,AJ,v2,,,,,,,,,,,,,
SRB-0009060,,AJ,v2,,,,,,,,,,,,,
SRB-0009059,,AJ,v2,,,,,,,,,,,,,
SRB-0009058,,AJ,v2,,,,,,,,,,,,,
SRB-0009057,,AJ,v2,SRB-0009057-001,SERAC,FBXO31,HepG2,WildType,24,10,Pw126,1,0,Silent,,19.05.2026
SRB-0009056,,AJ,v2,SRB-0009056-001,SERAC,FBXO31,HepG2,WildType,24,10,Pw114,1,1,Single (1),DGAT2,19.05.2026
SRB-0009055,,AJ,v2,SRB-0009055-001,SERAC,FBXO31,HepG2,WildType,24,10,Pw93,1,2,Low (2-10),CPNE8;G6PC3,19.05.2026
SRB-0009054,,AJ,v2,SRB-0009054-001,SERAC,FBXO31,HepG2,WildType,24,10,Pw87,1,2,Low (2-10),BMPR1A;FAM173A,19.05.2026
SRB-0009053,,AJ,v2,SRB-0009053-001,SERAC,FBXO31,HepG2,WildType,24,10,Pw112,1,3,Low (2-10),MTERF1;NXT1;ZDHHC8,19.05.2026
SRB-0009052,,AJ,v2,SRB-0009052-001,SERAC,FBXO31,HepG2,WildType,24,10,Pw136,1,6,Low (2-10),DUSP14;GM2A;ADIPOR2;FUNDC1;ZNF845;CGREF1,19.05.2026
SRB-0009051,,AJ,v2,,,,,,,,,,,,,
SRB-0009050,,AJ,v2,,,,,,,,,,,,,
SRB-0009049,,AJ,v2,,,,,,,,,,,,,
SRB-0009048,,AJ,v2,,,,,,,,,,,,,
SRB-0009047,,AJ,v2,SRB-0009047-001,SERAC,FBXO31,HepG2,WildType,24,10,Pw134,1,2,Low (2-10),MATR3;TMEM164,19.05.2026
SRB-0009046,,AJ,v2,SRB-0009046-001,SERAC,FBXO31,HepG2,WildType,24,10,Pw147,1,2,Low (2-10),KNG1;FBXO5,19.05.2026
SRB-0009045,,AJ,v2,,,,,,,,,,,,,
SRB-0009044,,AJ,v2,SRB-0009044-001,SERAC,FBXO31,HepG2,WildType,24,10,Pw117,1,2,Low (2-10),EIF1AX;IFT20,19.05.2026
SRB-0009043,,AJ,v2,,,,,,,,,,,,,
SRB-0009042,,AJ,v2,,,,,,,,,,,,,
SRB-0009041,,AJ,v2,,,,,,,,,,,,,
SRB-0009040,,AJ,v2,,,,,,,,,,,,,
SRB-0009039,,AJ,v2,,,,,,,,,,,,,
SRB-0009038,,AJ,v2,,,,,,,,,,,,,
SRB-0009037,,AJ,v2,,,,,,,,,,,,,
SRB-0009036,,AJ,v2,SRB-0009036-001,SERAC,FBXO31,HepG2,WildType,24,10,Pw102,1,2,Low (2-10),MSH4;HGSNAT,19.05.2026
SRB-0009035,,AJ,v2,SRB-0009035-001,SERAC,FBXO31,HepG2,WildType,24,10,Pw139,1,1,Single (1),DPAGT1,19.05.2026
SRB-0009034,,AJ,v2,,,,,,,,,,,,,
SRB-0009033,,AJ,v2,,,,,,,,,,,,,
SRB-0009032,,AJ,v2,SRB-0009032-001,SERAC,FBXO31,HepG2,WildType,24,10,Pw118,1,2,Low (2-10),DGKD;KLHL26,19.05.2026
SRB-0009031,,AJ,v2,SRB-0009031-001,SERAC,FBXO31,HepG2,WildType,24,10,Pw139,1,1,Single (1),DLD,19.05.2026
SRB-0009030,,AJ,v2,SRB-0009030-001,SERAC,FBXO31,HepG2,WildType,24,10,Pw103,1,1,Single (1),OIP5,19.05.2026
SRB-0009029,,AJ,v2,,,,,,,,,,,,,
SRB-0009028,,AJ,v2,,,,,,,,,,,,,
SRB-0009027,,AJ,v2,,,,,,,,,,,,,
SRB-0009026,,AJ,v2,SRB-0009026-001,SERAC,FBXO31,HepG2,WildType,24,10,Pw114,1,1,Single (1),DSC3,19.05.2026
SRB-0009025,,AJ,v2,,,,,,,,,,,,,
SRB-0009024,,AJ,v2,,,,,,,,,,,,,
SRB-0009023,,AJ,v2,SRB-0009023-001,SERAC,FBXO31,HepG2,WildType,24,10,Pw141,1,1,Single (1),MEIS2,19.05.2026
SRB-0009022,,AJ,v2,,,,,,,,,,,,,
SRB-0009021,,AJ,v2,SRB-0009021-001,SERAC,FBXO31,HepG2,WildType,24,10,Pw107,1,3,Low (2-10),NEIL2;ORAI1;CEP72,19.05.2026
SRB-0009020,,AJ,v2,,,,,,,,,,,,,
SRB-0009019,,AJ,v2,SRB-0009019-001,SERAC,FBXO31,HepG2,WildType,24,10,Pw89,1,6,Low (2-10),CYP1A1;CD97;SAT2;VAPA;CEP72;NXT1,19.05.2026
SRB-0009018,,AJ,v2,SRB-0009018-001,SERAC,FBXO31,HepG2,WildType,24,10,Pw88,1,0,Silent,,19.05.2026
SRB-0009017,,AJ,v2,,,,,,,,,,,,,
SRB-0009016,,AJ,v2,,,,,,,,,,,,,
SRB-0009015,,AJ,v2,,,,,,,,,,,,,
SRB-0009014,,AJ,v2,SRB-0009014-001,SERAC,FBXO31,HepG2,WildType,24,10,Pw107,1,1,Single (1),ACIN1,19.05.2026
SRB-0009013,,AJ,v2,,,,,,,,,,,,,
SRB-0009012,,AJ,v2,SRB-0009012-001,SERAC,FBXO31,HepG2,WildType,24,10,Pw100,1,9,Low (2-10),HS6ST1;RARA;ARSD;TMTC4;MINDY2;FAT3;FAM173A;KLF16;AMDHD2,19.05.2026
SRB-0009011,,AJ,v2,SRB-0009011-001,SERAC,FBXO31,HepG2,WildType,24,10,Pw120,1,0,Silent,,19.05.2026
SRB-0009010,,AJ,v2,,,,,,,,,,,,,
SRB-0009009,,AJ,v2,SRB-0009009-001,SERAC,FBXO31,HepG2,WildType,24,10,Pw107,1,1,Single (1),IRAK4,19.05.2026
SRB-0009008,,AJ,v2,SRB-0009008-001,SERAC,FBXO31,HepG2,WildType,24,10,Pw97,1,1,Single (1),CYB561D2,19.05.2026
SRB-0008957,,AJ,v2,SRB-0008957-001,SERAC,FBXO31,HepG2,WildType,24,10,Pw99,1,6,Low (2-10),CYP1A1;TPM3;AREG;ZDHHC14;SVBP;RGPD5,19.05.2026
SRB-0008956,,AJ,v2,,,,,,,,,,,,,
SRB-0008955,,AJ,v2,,,,,,,,,,,,,
SRB-0008954,,AJ,v2,,,,,,,,,,,,,
SRB-0008911,,AJ,v2,,,,,,,,,,,,,
SRB-0008901,,AJ,v2,SRB-0008901-001,SERAC,FBXO31,HepG2,WildType,24,10,Pw86,1,6,Low (2-10),GPRIN1;UBASH3B;FBXW5;MFSD14A;TM9SF2;KLF16,19.05.2026
SRB-0008900,,AJ,v2,,,,,,,,,,,,,
SRB-0008888,,AJ,v2,,,,,,,,,,,,,
SRB-0008887,,AJ,v2,SRB-0008887-001,SERAC,FBXO31,HepG2,WildType,24,10,Pw84,1,0,Silent,,19.05.2026
SRB-0008886,,AJ,v2,SRB-0008886-001,SERAC,FBXO31,HepG2,WildType,24,10,Pw138,1,16,Medium (11-25),CENPX;SIPA1L1;NSA2;CAPZB;WDR25;RPL22L1;NET1;REXO1;FGFRL1;RFLNB;SLC44A1;CENPN;ZMAT2;MAP3K3;TOPORS;SEPT3,19.05.2026
SRB-0008885,,AJ,v2,SRB-0008885-001,SERAC,FBXO31,HepG2,WildType,24,10,Pw97,1,1,Single (1),ATF7IP2,19.05.2026
SRB-0008884,,AJ,v2,SRB-0008884-001,SERAC,FBXO31,HepG2,WildType,24,10,Pw86,1,2,Low (2-10),GOLGB1;BAK1,19.05.2026
SRB-0008883,,AJ,v2,,,,,,,,,,,,,
SRB-0008882,,AJ,v2,,,,,,,,,,,,,
SRB-0008881,,AJ,v2,,,,,,,,,,,,,
SRB-0008880,,AJ,v2,,,,,,,,,,,,,
SRB-0008879,,AJ,v2,,,,,,,,,,,,,
SRB-0008878,,AJ,v2,SRB-0008878-001,SERAC,FBXO31,HepG2,WildType,24,10,Pw114,1,0,Silent,,19.05.2026
SRB-0008877,,AJ,v2,,,,,,,,,,,,,
SRB-0008876,,AJ,v2,,,,,,,,,,,,,
SRB-0008875,,AJ,v2,,,,,,,,,,,,,
SRB-0008874,,AJ,v2,,,,,,,,,,,,,
SRB-0008873,,AJ,v2,SRB-0008873-001,SERAC,FBXO31,HepG2,WildType,24,10,Pw85,1,2,Low (2-10),XPNPEP2;TPM1,19.05.2026
SRB-0008872,,AJ,v2,SRB-0008872-001,SERAC,FBXO31,HepG2,WildType,24,10,Pw118,1,2,Low (2-10),TRIM5;TOR4A,19.05.2026
SRB-0008871,,AJ,v2,,,,,,,,,,,,,
SRB-0008870,,AJ,v2,,,,,,,,,,,,,
SRB-0008869,,AJ,v2,SRB-0008869-001,SERAC,FBXO31,HepG2,WildType,24,10,Pw101,1,3,Low (2-10),MCMBP;ZNF395;TOR4A,19.05.2026
SRB-0008868,,AJ,v2,SRB-0008868-001,SERAC,FBXO31,HepG2,WildType,24,10,Pw103,1,1,Single (1),PYROXD1,19.05.2026
SRB-0008867,,AJ,v2,SRB-0008867-001,SERAC,FBXO31,HepG2,WildType,24,10,Pw128,1,3,Low (2-10),EGR1;SURF2;ARL8A,19.05.2026
SRB-0008866,,AJ,v2,,,,,,,,,,,,,
SRB-0008865,,AJ,v2,SRB-0008865-001,SERAC,FBXO31,HepG2,WildType,24,10,Pw110,1,1,Single (1),MAP3K11,19.05.2026
SRB-0008864,,AJ,v2,,,,,,,,,,,,,
SRB-0008863,,AJ,v2,,,,,,,,,,,,,
SRB-0008862,,AJ,v2,SRB-0008862-001,SERAC,FBXO31,HepG2,WildType,24,10,Pw100,1,1,Single (1),PROCR,19.05.2026
SRB-0008861,,AJ,v2,SRB-0008861-001,SERAC,FBXO31,HepG2,WildType,24,10,Pw136,1,1,Single (1),SIVA1,19.05.2026
SRB-0008860,,AJ,v2,,,,,,,,,,,,,
SRB-0008859,,AJ,v2,SRB-0008859-001,SERAC,FBXO31,HepG2,WildType,24,10,Pw137,1,1,Single (1),C3orf33,19.05.2026
SRB-0008858,,AJ,v2,SRB-0008858-001,SERAC,FBXO31,HepG2,WildType,24,10,Pw120,1,1,Single (1),YPEL5,19.05.2026
SRB-0008857,,AJ,v2,,,,,,,,,,,,,
SRB-0008856,,AJ,v2,,,,,,,,,,,,,
SRB-0008855,,AJ,v2,,,,,,,,,,,,,
SRB-0008854,,AJ,v2,SRB-0008854-001,SERAC,FBXO31,HepG2,WildType,24,10,Pw120,1,1,Single (1),ACBD7,19.05.2026
SRB-0008853,,AJ,v2,SRB-0008853-001,SERAC,FBXO31,HepG2,WildType,24,10,Pw147,1,1,Single (1),STK3,19.05.2026
SRB-0008852,,AJ,v2,,,,,,,,,,,,,
SRB-0008851,,AJ,v2,SRB-0008851-001,SERAC,FBXO31,HepG2,WildType,24,10,Pw147,1,3,Low (2-10),GCNT2;DCAF4;PIGM,19.05.2026
SRB-0008850,,AJ,v2,,,,,,,,,,,,,
SRB-0008849,,AJ,v2,SRB-0008849-001,SERAC,FBXO31,HepG2,WildType,24,10,Pw141,1,0,Silent,,19.05.2026
SRB-0008848,,AJ,v2,,,,,,,,,,,,,
SRB-0008847,,AJ,v2,SRB-0008847-001,SERAC,FBXO31,HepG2,WildType,24,10,Pw137,1,1,Single (1),AP1AR,19.05.2026
SRB-0008846,,AJ,v2,,,,,,,,,,,,,
SRB-0008845,,AJ,v2,,,,,,,,,,,,,
SRB-0008844,,AJ,v2,,,,,,,,,,,,,
SRB-0008792,,AJ,v2,,,,,,,,,,,,,
SRB-0008791,,AJ,v2,SRB-0008791-001,SERAC,FBXO31,HepG2,WildType,24,10,Pw88,1,3,Low (2-10),ABCB11;CROCC;C1QTNF3,19.05.2026
SRB-0008790,,AJ,v2,SRB-0008790-001,SERAC,FBXO31,HepG2,WildType,24,10,Pw119,1,3,Low (2-10),BTN3A3;MYC;ADGRG3,19.05.2026
SRB-0008789,,AJ,v2,SRB-0008789-001,SERAC,FBXO31,HepG2,WildType,24,10,Pw136,1,1,Single (1),OSGIN1,19.05.2026
SRB-0008788,,AJ,v2,,,,,,,,,,,,,
SRB-0008787,,AJ,v2,SRB-0008787-001,SERAC,FBXO31,HepG2,WildType,24,10,Pw125,1,0,Silent,,19.05.2026
SRB-0008786,,AJ,v2,,,,,,,,,,,,,
SRB-0008785,,AJ,v2,SRB-0008785-001,SERAC,FBXO31,HepG2,WildType,24,10,Pw93,1,5,Low (2-10),ZC3H12A;RFLNB;AQP11;EDEM1;SNX10,19.05.2026
SRB-0008784,,AJ,v2,,,,,,,,,,,,,
SRB-0008783,,AJ,v2,SRB-0008783-001,SERAC,FBXO31,HepG2,WildType,24,10,Pw128,1,0,Silent,,19.05.2026
SRB-0008782,,AJ,v2,SRB-0008782-001,SERAC,FBXO31,HepG2,WildType,24,10,Pw107,1,4,Low (2-10),KLC1;CDC42BPG;AGTRAP;EEF1AKMT1,19.05.2026
SRB-0008781,,AJ,v2,,,,,,,,,,,,,
SRB-0008780,,AJ,v2,,,,,,,,,,,,,
SRB-0008779,,AJ,v2,SRB-0008779-001,SERAC,FBXO31,HepG2,WildType,24,10,Pw116,1,3,Low (2-10),FBXO31;CLUAP1;C7orf26,19.05.2026
SRB-0008778,,AJ,v2,SRB-0008778-001,SERAC,FBXO31,HepG2,WildType,24,10,Pw120,1,3,Low (2-10),SMPD1;FBXO31;MLH3,19.05.2026
SRB-0008777,,AJ,v2,,,,,,,,,,,,,
SRB-0008776,,AJ,v2,SRB-0008776-001,SERAC,FBXO31,HepG2,WildType,24,10,Pw102,1,0,Silent,,19.05.2026
SRB-0008775,,AJ,v2,SRB-0008775-001,SERAC,FBXO31,HepG2,WildType,24,10,Pw97,1,3,Low (2-10),STX16;SIVA1;FBXO6,19.05.2026
SRB-0008774,,AJ,v2,SRB-0008774-001,SERAC,FBXO31,HepG2,WildType,24,10,Pw117,1,1,Single (1),LCP1,19.05.2026
SRB-0008773,,AJ,v2,,,,,,,,,,,,,
SRB-0008772,,AJ,v2,SRB-0008772-001,SERAC,FBXO31,HepG2,WildType,24,10,Pw126,1,0,Silent,,19.05.2026
SRB-0008771,,AJ,v2,,,,,,,,,,,,,
SRB-0008770,,AJ,v2,SRB-0008770-001,SERAC,FBXO31,HepG2,WildType,24,10,Pw116,1,1,Single (1),ANGPTL8,19.05.2026
SRB-0008769,,AJ,v2,SRB-0008769-001,SERAC,FBXO31,HepG2,WildType,24,10,Pw100,1,0,Silent,,19.05.2026
SRB-0008768,,AJ,v2,,,,,,,,,,,,,
SRB-0008767,,AJ,v2,SRB-0008767-001,SERAC,FBXO31,HepG2,WildType,24,10,Pw107,1,4,Low (2-10),C17orf100;PIK3IP1;FAM173A;CENPO,19.05.2026
SRB-0008766,,AJ,v2,,,,,,,,,,,,,
SRB-0008765,,AJ,v2,,,,,,,,,,,,,
SRB-0008764,,AJ,v2,,,,,,,,,,,,,
SRB-0008763,,AJ,v2,,,,,,,,,,,,,
SRB-0008762,,AJ,v2,,,,,,,,,,,,,
SRB-0008714,,AJ,v2,,,,,,,,,,,,,
SRB-0008713,,AJ,v2,,,,,,,,,,,,,
SRB-0008712,,AJ,v2,,,,,,,,,,,,,
SRB-0008711,,AJ,v2,SRB-0008711-001,SERAC,FBXO31,HepG2,WildType,24,10,Pw139,1,3,Low (2-10),RAP1GAP2;ADIPOR2;ZBTB9,19.05.2026
SRB-0008710,,AJ,v2,SRB-0008710-001,SERAC,FBXO31,HepG2,WildType,24,10,Pw89,1,1,Single (1),ZDHHC14,19.05.2026
SRB-0008644,,AJ,v2,SRB-0008644-001,SERAC,FBXO31,HepG2,WildType,24,10,Pw119,1,8,Low (2-10),ETV4;ZNF267;STK11;PSMG4;VSIG10L;RNPEPL1;TMEM9B;SEMA3G,19.05.2026
SRB-0008632,,AJ,v2,,,,,,,,,,,,,
SRB-0008631,,AJ,v2,SRB-0008631-001,SERAC,FBXO31,HepG2,WildType,24,10,Pw135,1,2,Low (2-10),SIAH1;DDIT4,19.05.2026
SRB-0008630,,AJ,v2,,,,,,,,,,,,,
SRB-0008629,,AJ,v2,,,,,,,,,,,,,
SRB-0008628,,AJ,v2,SRB-0008628-001,SERAC,FBXO31,HepG2,WildType,24,10,Pw100,1,4,Low (2-10),KLC1;CHST3;KDM1B;CTDSP1,19.05.2026
SRB-0008627,,AJ,v2,SRB-0008627-001,SERAC,FBXO31,HepG2,WildType,24,10,Pw134,1,2,Low (2-10),GGNBP2;TOR4A,19.05.2026
SRB-0008626,,AJ,v2,SRB-0008626-001,SERAC,FBXO31,HepG2,WildType,24,10,Pw107,1,5,Low (2-10),YBEY;DPY19L4;TPRA1;FAM126A;TMEM222,19.05.2026
SRB-0008625,,AJ,v2,,,,,,,,,,,,,
SRB-0008624,,AJ,v2,SRB-0008624-001,SERAC,FBXO31,HepG2,WildType,24,10,Pw95,1,2,Low (2-10),REV3L;CPLANE1,19.05.2026
SRB-0008623,,AJ,v2,SRB-0008623-001,SERAC,FBXO31,HepG2,WildType,24,10,Pw117,1,0,Silent,,19.05.2026
SRB-0008622,,AJ,v2,SRB-0008622-001,SERAC,FBXO31,HepG2,WildType,24,10,Pw152,1,1,Single (1),LIN37,19.05.2026
SRB-0008621,,AJ,v2,SRB-0008621-001,SERAC,FBXO31,HepG2,WildType,24,10,Pw118,1,2,Low (2-10),SPRY2;CYLD,19.05.2026
SRB-0008620,,AJ,v2,,,,,,,,,,,,,
SRB-0008619,,AJ,v2,,,,,,,,,,,,,
SRB-0008618,,AJ,v2,,,,,,,,,,,,,
SRB-0008563,,AJ,v2,,,,,,,,,,,,,
SRB-0008562,,AJ,v2,,,,,,,,,,,,,
SRB-0008561,,AJ,v2,,,,,,,,,,,,,
SRB-0008560,,AJ,v2,,,,,,,,,,,,,
SRB-0008559,,AJ,v2,SRB-0008559-001,SERAC,FBXO31,HepG2,WildType,24,10,Pw157,1,2,Low (2-10),RELB;ARL5A,19.05.2026
SRB-0008558,,AJ,v2,SRB-0008558-001,SERAC,FBXO31,HepG2,WildType,24,10,Pw98,1,3,Low (2-10),HGFAC;SNAPC2;FBXO38,19.05.2026
SRB-0008557,,AJ,v2,SRB-0008557-001,SERAC,FBXO31,HepG2,WildType,24,10,Pw121,1,2,Low (2-10),PEX12;SPRY1,19.05.2026
SRB-0008556,,AJ,v2,SRB-0008556-001,SERAC,FBXO31,HepG2,WildType,24,10,Pw135,1,1,Single (1),NACC2,19.05.2026
SRB-0008555,,AJ,v2,SRB-0008555-001,SERAC,FBXO31,HepG2,WildType,24,10,Pw126,1,1,Single (1),LCP1,19.05.2026
SRB-0008554,,AJ,v2,SRB-0008554-001,SERAC,FBXO31,HepG2,WildType,24,10,Pw109,1,5,Low (2-10),CYB561D2;CD74;UGT8;ARHGAP12;C1orf115,19.05.2026
SRB-0008553,,AJ,v2,SRB-0008553-001,SERAC,FBXO31,HepG2,WildType,24,10,Pw101,1,1,Single (1),IFT20,19.05.2026
SRB-0008552,,AJ,v2,SRB-0008552-001,SERAC,FBXO31,HepG2,WildType,24,10,Pw96,1,6,Low (2-10),EIF4G1;SYNE4;CABLES1;SARG;CPLANE1;ADGRG1,19.05.2026
SRB-0008551,,AJ,v2,,,,,,,,,,,,,
SRB-0008550,,AJ,v2,,,,,,,,,,,,,
SRB-0008549,,AJ,v2,,,,,,,,,,,,,
SRB-0008548,,AJ,v2,SRB-0008548-001,SERAC,FBXO31,HepG2,WildType,24,10,Pw125,1,1,Single (1),AKIRIN2,19.05.2026
SRB-0008547,,AJ,v2,,,,,,,,,,,,,
SRB-0008546,,AJ,v2,SRB-0008546-001,SERAC,FBXO31,HepG2,WildType,24,10,Pw93,1,2,Low (2-10),EIF1AX;UNC50,19.05.2026
SRB-0008545,,AJ,v2,SRB-0008545-001,SERAC,FBXO31,HepG2,WildType,24,10,Pw134,1,1,Single (1),PRELID1,19.05.2026
SRB-0008544,,AJ,v2,SRB-0008544-001,SERAC,FBXO31,HepG2,WildType,24,10,Pw87,1,4,Low (2-10),PUM1;ARHGAP12;TAF1D;TMEM9B,19.05.2026
SRB-0008543,,AJ,v2,,,,,,,,,,,,,
SRB-0008542,,AJ,v2,SRB-0008542-001,SERAC,FBXO31,HepG2,WildType,24,10,Pw134,1,6,Low (2-10),NDUFA1;MPLKIP;FAT3;GHITM;KAT14;GGT7,19.05.2026
SRB-0008541,,AJ,v2,,,,,,,,,,,,,
SRB-0008540,,AJ,v2,,,,,,,,,,,,,
SRB-0008539,,AJ,v2,SRB-0008539-001,SERAC,FBXO31,HepG2,WildType,24,10,Pw106,1,5,Low (2-10),CYP1A1;EPB41;BCORL1;SLC25A29;DDX54,19.05.2026
SRB-0008538,,AJ,v2,SRB-0008538-001,SERAC,FBXO31,HepG2,WildType,24,10,Pw104,1,4,Low (2-10),KLHL18;CRK;CAAP1;TLK1,19.05.2026
SRB-0008537,,AJ,v2,,,,,,,,,,,,,
SRB-0008536,,AJ,v2,,,,,,,,,,,,,
SRB-0008535,,AJ,v2,,,,,,,,,,,,,
SRB-0008534,,AJ,v2,SRB-0008534-001,SERAC,FBXO31,HepG2,WildType,24,10,Pw94,1,0,Silent,,19.05.2026
SRB-0008533,,AJ,v2,,,,,,,,,,,,,
SRB-0008532,,AJ,v2,,,,,,,,,,,,,
SRB-0008531,,AJ,v2,,,,,,,,,,,,,
SRB-0008530,,AJ,v2,SRB-0008530-001,SERAC,FBXO31,HepG2,WildType,24,10,Pw121,1,1,Single (1),BASP1,19.05.2026
SRB-0008529,,AJ,v2,,,,,,,,,,,,,
SRB-0008528,,AJ,v2,SRB-0008528-001,SERAC,FBXO31,HepG2,WildType,24,10,Pw112,1,1,Single (1),MSL2,19.05.2026
SRB-0008527,,AJ,v2,,,,,,,,,,,,,
SRB-0008526,,AJ,v2,SRB-0008526-001,SERAC,FBXO31,HepG2,WildType,24,10,Pw157,1,1,Single (1),HSPA1L,19.05.2026
SRB-0008525,,AJ,v2,SRB-0008525-001,SERAC,FBXO31,HepG2,WildType,24,10,Pw128,1,4,Low (2-10),SUV39H1;RPL39;RPL39P5;IFT20;PYROXD1,19.05.2026
SRB-0008524,,AJ,v2,,,,,,,,,,,,,
SRB-0008523,,AJ,v2,SRB-0008523-001,SERAC,FBXO31,HepG2,WildType,24,10,Pw141,1,0,Silent,,19.05.2026
SRB-0008522,,AJ,v2,SRB-0008522-001,SERAC,FBXO31,HepG2,WildType,24,10,Pw104,1,0,Silent,,19.05.2026
SRB-0008521,,AJ,v2,,,,,,,,,,,,,
SRB-0008520,,AJ,v2,SRB-0008520-001,SERAC,FBXO31,HepG2,WildType,24,10,Pw134,1,0,Silent,,19.05.2026
SRB-0008493,,AJ,v2,SRB-0008493-001,SERAC,FBXO31,HepG2,WildType,24,10,Pw87,1,1,Single (1),NAGS,19.05.2026
SRB-0008492,,AJ,v2,,,,,,,,,,,,,
SRB-0008491,,AJ,v2,SRB-0008491-001,SERAC,FBXO31,HepG2,WildType,24,10,Pw107,1,1,Single (1),VMP1,19.05.2026
SRB-0008490,,AJ,v2,,,,,,,,,,,,,
SRB-0008489,,AJ,v2,,,,,,,,,,,,,
SRB-0008488,,AJ,v2,SRB-0008488-001,SERAC,FBXO31,HepG2,WildType,24,10,Pw96,1,3,Low (2-10),SLX4IP;OPA3;C1RL,19.05.2026
SRB-0008487,,AJ,v2,SRB-0008487-001,SERAC,FBXO31,HepG2,WildType,24,10,Pw120,1,1,Single (1),ANGPTL8,19.05.2026
SRB-0008486,,AJ,v2,,,,,,,,,,,,,
SRB-0008485,,AJ,v2,SRB-0008485-001,SERAC,FBXO31,HepG2,WildType,24,10,Pw126,1,2,Low (2-10),NUDT3;ZNF358,19.05.2026
SRB-0008334,,AJ,v2,SRB-0008334-001,SERAC,FBXO31,HepG2,WildType,24,10,Pw103,1,4,Low (2-10),STAT1;F2RL1;PCOLCE;CLDND1,19.05.2026
SRB-0008333,,AJ,v2,SRB-0008333-001,SERAC,FBXO31,HepG2,WildType,24,10,Pw159,1,1,Single (1),C18orf21,19.05.2026
SRB-0008332,,AJ,v2,SRB-0008332-001,SERAC,FBXO31,HepG2,WildType,24,10,Pw98,1,2,Low (2-10),TRIM36;NEU3,19.05.2026
SRB-0008331,,AJ,v2,,,,,,,,,,,,,
SRB-0008330,,AJ,v2,,,,,,,,,,,,,
SRB-0008329,,AJ,v2,SRB-0008329-001,SERAC,FBXO31,HepG2,WildType,24,10,Pw85,1,2,Low (2-10),DSTYK;CHKB,19.05.2026
SRB-0008328,,AJ,v2,SRB-0008328-001,SERAC,FBXO31,HepG2,WildType,24,10,Pw85,1,1,Single (1),MAPKAPK5,19.05.2026
SRB-0008327,,AJ,v2,SRB-0008327-001,SERAC,FBXO31,HepG2,WildType,24,10,Pw94,1,1,Single (1),KLC1,19.05.2026
SRB-0008326,,AJ,v2,,,,,,,,,,,,,
SRB-0008325,,AJ,v2,,,,,,,,,,,,,
SRB-0008324,,AJ,v2,SRB-0008324-001,SERAC,FBXO31,HepG2,WildType,24,10,Pw121,1,2,Low (2-10),ZFP64;JRKL,19.05.2026
SRB-0008323,,AJ,v2,,,,,,,,,,,,,
SRB-0008322,,AJ,v2,SRB-0008322-001,SERAC,FBXO31,HepG2,WildType,24,10,Pw108,1,2,Low (2-10),CPNE8;ZFP37,19.05.2026
SRB-0008321,,AJ,v2,,,,,,,,,,,,,
SRB-0008320,,AJ,v2,SRB-0008320-001,SERAC,FBXO31,HepG2,WildType,24,10,Pw112,1,3,Low (2-10),DRAM2;ZDHHC18;VPS9D1,19.05.2026
SRB-0008317,,AJ,v2,SRB-0008317-001,SERAC,FBXO31,HepG2,WildType,24,10,Pw115,1,2,Low (2-10),PLEKHO2;CHMP4C,19.05.2026
SRB-0008316,,AJ,v2,,,,,,,,,,,,,
SRB-0008315,,AJ,v2,SRB-0008315-001,SERAC,FBXO31,HepG2,WildType,24,10,Pw134,1,4,Low (2-10),PFKP;MICA;C4orf3;PHF21A,19.05.2026
SRB-0008314,,AJ,v2,SRB-0008314-001,SERAC,FBXO31,HepG2,WildType,24,10,Pw157,1,2,Low (2-10),ARHGAP11A;PTPN18,19.05.2026
SRB-0008313,,AJ,v2,SRB-0008313-001,SERAC,FBXO31,HepG2,WildType,24,10,Pw97,1,1,Single (1),CIZ1,19.05.2026
SRB-0008312,,AJ,v2,,,,,,,,,,,,,
SRB-0008311,,AJ,v2,,,,,,,,,,,,,
SRB-0008296,,AJ,v2,SRB-0008296-001,SERAC,FBXO31,HepG2,WildType,24,10,Pw101,1,0,Silent,,19.05.2026
SRB-0008176,,AJ,v2,SRB-0008176-001,SERAC,FBXO31,HepG2,WildType,24,10,Pw125,1,0,Silent,,19.05.2026
SRB-0008175,,AJ,v2,,,,,,,,,,,,,
SRB-0008174,,AJ,v2,SRB-0008174-001,SERAC,FBXO31,HepG2,WildType,24,10,Pw104,1,0,Silent,,19.05.2026
SRB-0008173,,AJ,v2,SRB-0008173-001,SERAC,FBXO31,HepG2,WildType,24,10,Pw100,1,23,Medium (11-25),PHF20L1;AP4M1;COL1A1;GSN;TSPAN7;FOXA3;SESN2;E2F5;ZSCAN26;MICA;SLC30A6;GDPD3;ANKRD20A12P;ELP5;BTBD9;CPLANE1;ETNK1;KLHL13;CNOT8;MLH3;ZNF639;DENND2A;SLC9A8,19.05.2026
SRB-0008172,,AJ,v2,SRB-0008172-001,SERAC,FBXO31,HepG2,WildType,24,10,Pw111,1,3,Low (2-10),MT1X;CASC1;BTBD9,19.05.2026
SRB-0008171,,AJ,v2,,,,,,,,,,,,,
SRB-0008170,,AJ,v2,,,,,,,,,,,,,
SRB-0008169,,AJ,v2,SRB-0008169-001,SERAC,FBXO31,HepG2,WildType,24,10,Pw119,1,3,Low (2-10),SPRY1;ALDOB;B3GNT2,19.05.2026
SRB-0008168,,AJ,v2,,,,,,,,,,,,,
SRB-0008167,,AJ,v2,,,,,,,,,,,,,
SRB-0008166,,AJ,v2,SRB-0008166-001,SERAC,FBXO31,HepG2,WildType,24,10,Pw136,1,5,Low (2-10),OIP5;MIER3;STEAP2;LRRC8C;GON7,19.05.2026
SRB-0008165,,AJ,v2,,,,,,,,,,,,,
SRB-0008164,,AJ,v2,SRB-0008164-001,SERAC,FBXO31,HepG2,WildType,24,10,Pw88,1,0,Silent,,19.05.2026
SRB-0008163,,AJ,v2,SRB-0008163-001,SERAC,FBXO31,HepG2,WildType,24,10,Pw119,1,0,Silent,,19.05.2026
SRB-0008162,,AJ,v2,,,,,,,,,,,,,
SRB-0008161,,AJ,v2,,,,,,,,,,,,,
SRB-0008160,,AJ,v2,SRB-0008160-001,SERAC,FBXO31,HepG2,WildType,24,10,Pw109,1,0,Silent,,19.05.2026
SRB-0008159,,AJ,v2,,,,,,,,,,,,,
SRB-0008158,,AJ,v2,,,,,,,,,,,,,
SRB-0008157,,AJ,v2,SRB-0008157-001,SERAC,FBXO31,HepG2,WildType,24,10,Pw101,1,8,Low (2-10),CASK;LRBA;PLEC;C5orf22;AGTRAP;BBS7;NABP1;CYP4F12,19.05.2026
SRB-0008156,,AJ,v2,,,,,,,,,,,,,
SRB-0008155,,AJ,v2,,,,,,,,,,,,,
SRB-0008154,,AJ,v2,SRB-0008154-001,SERAC,FBXO31,HepG2,WildType,24,10,Pw97,1,1,Single (1),BRAF,19.05.2026
SRB-0008153,,AJ,v2,,,,,,,,,,,,,
SRB-0008152,,AJ,v2,,,,,,,,,,,,,
SRB-0008151,,AJ,v2,,,,,,,,,,,,,
SRB-0008150,,AJ,v2,SRB-0008150-001,SERAC,FBXO31,HepG2,WildType,24,10,Pw87,1,0,Silent,,19.05.2026
SRB-0008149,,AJ,v2,SRB-0008149-001,SERAC,FBXO31,HepG2,WildType,24,10,Pw96,1,4,Low (2-10),ERN1;RASSF7;HSF2;LPIN1,19.05.2026
SRB-0008148,,AJ,v2,,,,,,,,,,,,,
SRB-0008024,,AJ,v2,,,,,,,,,,,,,
SRB-0008024,,AJ,v2,,,,,,,,,,,,,
SRB-0008023,,AJ,v2,,,,,,,,,,,,,
SRB-0008022,,AJ,v2,,,,,,,,,,,,,
SRB-0007880,,AJ,v2,SRB-0007880-001,SERAC,FBXO31,HepG2,WildType,24,10,Pw119,1,3,Low (2-10),MED13L;TRPT1;SLC25A38,19.05.2026
SRB-0007879,,AJ,v2,,,,,,,,,,,,,
SRB-0007878,,AJ,v2,,,,,,,,,,,,,
SRB-0007877,,AJ,v2,SRB-0007877-001,SERAC,FBXO31,HepG2,WildType,24,10,Pw103,1,2,Low (2-10),AP1B1;KLHL7,19.05.2026
SRB-0007876,,AJ,v2,SRB-0007876-001,SERAC,FBXO31,HepG2,WildType,24,10,Pw99,1,2,Low (2-10),CCR6;FAM199X,19.05.2026
SRB-0007875,,AJ,v2,SRB-0007875-001,SERAC,FBXO31,HepG2,WildType,24,10,Pw128,1,3,Low (2-10),SLC22A3;ZBTB34;SH3TC1,19.05.2026
SRB-0007874,,AJ,v2,SRB-0007874-001,SERAC,FBXO31,HepG2,WildType,24,10,Pw126,1,0,Silent,,19.05.2026
SRB-0007873,,AJ,v2,SRB-0007873-001,SERAC,FBXO31,HepG2,WildType,24,10,Pw102,1,3,Low (2-10),DDX3Y;ATG12;FAM160A1,19.05.2026
SRB-0007872,,AJ,v2,SRB-0007872-001,SERAC,FBXO31,HepG2,WildType,24,10,Pw139,1,2,Low (2-10),FADS1;RPL22L1,19.05.2026
SRB-0007871,,AJ,v2,,,,,,,,,,,,,
SRB-0007870,,AJ,v2,SRB-0007870-001,SERAC,FBXO31,HepG2,WildType,24,10,Pw102,1,4,Low (2-10),TGFB1;DIO1;PLTP;TRIM14,19.05.2026
SRB-0007869,,AJ,v2,,,,,,,,,,,,,
SRB-0007868,,AJ,v2,SRB-0007868-001,SERAC,FBXO31,HepG2,WildType,24,10,Pw136,1,1,Single (1),TMEM143,19.05.2026
SRB-0007867,,AJ,v2,,,,,,,,,,,,,
SRB-0007866,,AJ,v2,,,,,,,,,,,,,
SRB-0007865,,AJ,v2,SRB-0007865-001,SERAC,FBXO31,HepG2,WildType,24,10,Pw101,1,4,Low (2-10),KLF10;B3GALNT2;EIF2AK1;NXT2,19.05.2026
SRB-0007864,,AJ,v2,,,,,,,,,,,,,
SRB-0007863,,AJ,v2,SRB-0007863-001,SERAC,FBXO31,HepG2,WildType,24,10,Pw94,1,4,Low (2-10),TNFRSF10A;HGFAC;GLIPR2;PRELID1,19.05.2026
SRB-0007862,,AJ,v2,SRB-0007862-001,SERAC,FBXO31,HepG2,WildType,24,10,Pw126,1,1,Single (1),PHETA1,19.05.2026
SRB-0007861,,AJ,v2,SRB-0007861-001,SERAC,FBXO31,HepG2,WildType,24,10,Pw121,1,1,Single (1),CLCN3,19.05.2026
SRB-0007860,,AJ,v2,,,,,,,,,,,,,
SRB-0007859,,AJ,v2,SRB-0007859-001,SERAC,FBXO31,HepG2,WildType,24,10,Pw97,1,2,Low (2-10),MYO1C;RNF8,19.05.2026
SRB-0007858,,AJ,v2,SRB-0007858-001,SERAC,FBXO31,HepG2,WildType,24,10,Pw137,1,3,Low (2-10),CYP1A1;PDLIM4;PNPLA8,19.05.2026
SRB-0007858,,AJ,v2,,,,,,,,,,,,,
SRB-0007857,,AJ,v2,,,,,,,,,,,,,
SRB-0007856,,AJ,v2,SRB-0007856-001,SERAC,FBXO31,HepG2,WildType,24,10,Pw87,1,0,Silent,,19.05.2026
SRB-0007855,,AJ,v2,SRB-0007855-001,SERAC,FBXO31,HepG2,WildType,24,10,Pw110,1,4,Low (2-10),CYP1A1;MYL6;TJP1;TMEM260,19.05.2026
SRB-0007855,,AJ,v2,,,,,,,,,,,,,
SRB-0007854,,AJ,v2,SRB-0007854-001,SERAC,FBXO31,HepG2,WildType,24,10,Pw121,1,4,Low (2-10),TTPA;TSPAN31;ANGPTL8;R3HDM4,19.05.2026
SRB-0007853,,AJ,v2,,,,,,,,,,,,,
SRB-0007852,,AJ,v2,SRB-0007852-001,SERAC,FBXO31,HepG2,WildType,24,10,Pw135,1,8,Low (2-10),ITGB1BP1;SIVA1;FADS1;SPP1;SCAND1;TNS4;PIMREG;TUBD1,19.05.2026
SRB-0007851,,AJ,v2,,,,,,,,,,,,,
SRB-0007850,,AJ,v2,,,,,,,,,,,,,
SRB-0007849,,AJ,v2,,,,,,,,,,,,,
SRB-0007848,,AJ,v2,SRB-0007848-001,SERAC,FBXO31,HepG2,WildType,24,10,Pw157,1,0,Silent,,19.05.2026
SRB-0007847,,AJ,v2,SRB-0007847-001,SERAC,FBXO31,HepG2,WildType,24,10,Pw93,1,5,Low (2-10),APIP;ENTPD7;C1RL;SLC23A1;SLC27A5,19.05.2026
SRB-0007846,,AJ,v2,SRB-0007846-001,SERAC,FBXO31,HepG2,WildType,24,10,Pw83,1,0,Silent,,19.05.2026
SRB-0007845,,AJ,v2,SRB-0007845-001,SERAC,FBXO31,HepG2,WildType,24,10,Pw101,1,3,Low (2-10),PER2;TMEM65;KXD1,19.05.2026
SRB-0007844,,AJ,v2,SRB-0007844-001,SERAC,FBXO31,HepG2,WildType,24,10,Pw99,1,5,Low (2-10),CYP1A1;DPYSL3;APTX;TTC21A;GPR108,19.05.2026
SRB-0007843,,AJ,v2,,,,,,,,,,,,,
SRB-0007842,,AJ,v2,,,,,,,,,,,,,
SRB-0007841,,AJ,v2,,,,,,,,,,,,,
SRB-0007840,,AJ,v2,,,,,,,,,,,,,
SRB-0007839,,AJ,v2,,,,,,,,,,,,,
SRB-0007838,,AJ,v2,,,,,,,,,,,,,
SRB-0007832,,AJ,v2,,,,,,,,,,,,,
SRB-0007692,,AJ,v2,SRB-0007692-001,SERAC,FBXO31,HepG2,WildType,24,10,Pw87,1,0,Silent,,19.05.2026
SRB-0007691,,AJ,v2,,,,,,,,,,,,,
SRB-0007690,,AJ,v2,SRB-0007690-001,SERAC,FBXO31,HepG2,WildType,24,10,Pw104,1,0,Silent,,19.05.2026
SRB-0007689,,AJ,v2,,,,,,,,,,,,,
SRB-0007688,,AJ,v2,SRB-0007688-001,SERAC,FBXO31,HepG2,WildType,24,10,Pw98,1,0,Silent,,19.05.2026
SRB-0007687,,AJ,v2,SRB-0007687-001,SERAC,FBXO31,HepG2,WildType,24,10,Pw93,1,1,Single (1),BCORL1,19.05.2026
SRB-0007686,,AJ,v2,,,,,,,,,,,,,
SRB-0007685,,AJ,v2,SRB-0007685-001,SERAC,FBXO31,HepG2,WildType,24,10,Pw138,1,0,Silent,,19.05.2026
SRB-0007684,,AJ,v2,,,,,,,,,,,,,
SRB-0007684,,AJ,v2,,,,,,,,,,,,,
SRB-0007683,,AJ,v2,SRB-0007683-001,SERAC,FBXO31,HepG2,WildType,24,10,Pw110,1,3,Low (2-10),CYP1A1;VPS9D1;IGF2BP2,19.05.2026
SRB-0007682,,AJ,v2,,,,,,,,,,,,,
SRB-0007681,,AJ,v2,SRB-0007681-001,SERAC,FBXO31,HepG2,WildType,24,10,Pw86,1,5,Low (2-10),FZD6;SPTAN1;CROCC;HDAC10;FEZ2,19.05.2026
SRB-0007680,,AJ,v2,,,,,,,,,,,,,
SRB-0007679,,AJ,v2,,,,,,,,,,,,,
SRB-0007678,,AJ,v2,,,,,,,,,,,,,
SRB-0007677,,AJ,v2,SRB-0007677-001,SERAC,FBXO31,HepG2,WildType,24,10,Pw135,1,4,Low (2-10),SMPD1;SLC25A30;GDPD3;GPCPD1,19.05.2026
SRB-0007676,,AJ,v2,SRB-0007676-001,SERAC,FBXO31,HepG2,WildType,24,10,Pw110,1,1,Single (1),PLEKHJ1,19.05.2026
SRB-0007676,,AJ,v2,SRB-0007676-002,SERAC,FBXO31,HepG2,WildType,24,10,Pw128,1,1,Single (1),DGKD,19.05.2026
SRB-0007675,,AJ,v2,,,,,,,,,,,,,
SRB-0007674,,AJ,v2,,,,,,,,,,,,,
SRB-0007673,,AJ,v2,,,,,,,,,,,,,
SRB-0007672,,AJ,v2,,,,,,,,,,,,,
SRB-0007671,,AJ,v2,,,,,,,,,,,,,
SRB-0007670,,AJ,v2,,,,,,,,,,,,,
SRB-0007669,,AJ,v2,,,,,,,,,,,,,
SRB-0007668,,AJ,v2,SRB-0007668-001,SERAC,FBXO31,HepG2,WildType,24,10,Pw135,1,2,Low (2-10),KPNA5;SMIM11A,19.05.2026
SRB-0007667,,AJ,v2,,,,,,,,,,,,,
SRB-0007666,,AJ,v2,,,,,,,,,,,,,
SRB-0007665,,AJ,v2,SRB-0007665-001,SERAC,FBXO31,HepG2,WildType,24,10,Pw141,1,0,Silent,,19.05.2026
SRB-0007664,,AJ,v2,,,,,,,,,,,,,
SRB-0007663,,AJ,v2,,,,,,,,,,,,,
SRB-0007662,,AJ,v2,SRB-0007662-001,SERAC,FBXO31,HepG2,WildType,24,10,Pw112,1,0,Silent,,19.05.2026
SRB-0007661,,AJ,v2,SRB-0007661-001,SERAC,FBXO31,HepG2,WildType,24,10,Pw83,1,6,Low (2-10),HNRNPR;AAGAB;PPIP5K1;ABHD14A;CYP4F12;RTN4,19.05.2026
SRB-0007660,,AJ,v2,,,,,,,,,,,,,
SRB-0007659,,AJ,v2,,,,,,,,,,,,,
SRB-0007658,,AJ,v2,,,,,,,,,,,,,
SRB-0007657,,AJ,v2,,,,,,,,,,,,,
SRB-0007656,,AJ,v2,,,,,,,,,,,,,
SRB-0007655,,AJ,v2,,,,,,,,,,,,,
SRB-0007654,,AJ,v2,,,,,,,,,,,,,
SRB-0007653,,AJ,v2,,,,,,,,,,,,,
SRB-0007652,,AJ,v2,,,,,,,,,,,,,
SRB-0007651,,AJ,v2,,,,,,,,,,,,,
SRB-0007650,,AJ,v2,,,,,,,,,,,,,
SRB-0007649,,AJ,v2,SRB-0007649-001,SERAC,FBXO31,HepG2,WildType,24,10,Pw106,1,6,Low (2-10),SUV39H1;HLA-C;DNMT1;PITX1;EIF4G1;TRAIP,19.05.2026
SRB-0007648,,AJ,v2,,,,,,,,,,,,,
SRB-0007647,,AJ,v2,SRB-0007647-001,SERAC,FBXO31,HepG2,WildType,24,10,Pw159,1,2,Low (2-10),TSPAN13;MARVELD3,19.05.2026
SRB-0007646,,AJ,v2,,,,,,,,,,,,,
SRB-0007645,,AJ,v2,,,,,,,,,,,,,
SRB-0007644,,AJ,v2,,,,,,,,,,,,,
SRB-0007643,,AJ,v2,SRB-0007643-001,SERAC,FBXO31,HepG2,WildType,24,10,Pw119,1,2,Low (2-10),FADS1;SNRK,19.05.2026
SRB-0007642,,AJ,v2,SRB-0007642-001,SERAC,FBXO31,HepG2,WildType,24,10,Pw104,1,2,Low (2-10),EIF4G1;GDPD3,19.05.2026
SRB-0007641,,AJ,v2,SRB-0007641-001,SERAC,FBXO31,HepG2,WildType,24,10,Pw118,1,0,Silent,,19.05.2026
SRB-0007640,,AJ,v2,,,,,,,,,,,,,
SRB-0007639,,AJ,v2,,,,,,,,,,,,,
SRB-0007638,,AJ,v2,SRB-0007638-001,SERAC,FBXO31,HepG2,WildType,24,10,Pw87,1,0,Silent,,19.05.2026
SRB-0007637,,AJ,v2,,,,,,,,,,,,,
SRB-0007636,,AJ,v2,SRB-0007636-001,SERAC,FBXO31,HepG2,WildType,24,10,Pw114,1,1,Single (1),TTC26,19.05.2026
SRB-0007635,,AJ,v2,,,,,,,,,,,,,
SRB-0007634,,AJ,v2,SRB-0007634-001,SERAC,FBXO31,HepG2,WildType,24,10,Pw119,1,2,Low (2-10),HMGN2;DPH6,19.05.2026
SRB-0007633,,AJ,v2,SRB-0007633-001,SERAC,FBXO31,HepG2,WildType,24,10,Pw88,1,3,Low (2-10),AREG;LUM;BAP18,19.05.2026
SRB-0007632,,AJ,v2,,,,,,,,,,,,,
SRB-0007631,,AJ,v2,,,,,,,,,,,,,
SRB-0007630,,AJ,v2,SRB-0007630-001,SERAC,FBXO31,HepG2,WildType,24,10,Pw97,1,1,Single (1),HLA-C,19.05.2026
SRB-0007629,,AJ,v2,SRB-0007629-001,SERAC,FBXO31,HepG2,WildType,24,10,Pw138,1,2,Low (2-10),SLC25A26;CCDC138,19.05.2026
SRB-0007628,,AJ,v2,SRB-0007628-001,SERAC,FBXO31,HepG2,WildType,24,10,Pw103,1,4,Low (2-10),FADS1;TRNP1;LAPTM4B;PYROXD1,19.05.2026
SRB-0007627,,AJ,v2,,,,,,,,,,,,,
SRB-0007626,,AJ,v2,SRB-0007626-001,SERAC,FBXO31,HepG2,WildType,24,10,Pw86,1,2,Low (2-10),TFDP2;SSX2IP,19.05.2026
SRB-0007625,,AJ,v2,SRB-0007625-001,SERAC,FBXO31,HepG2,WildType,24,10,Pw99,1,3,Low (2-10),SPRY1;RPAIN;PLAGL2,19.05.2026
SRB-0007624,,AJ,v2,,,,,,,,,,,,,
SRB-0007623,,AJ,v2,SRB-0007623-001,SERAC,FBXO31,HepG2,WildType,24,10,Pw89,1,0,Silent,,19.05.2026
SRB-0007622,,AJ,v2,,,,,,,,,,,,,
SRB-0007621,,AJ,v2,SRB-0007621-001,SERAC,FBXO31,HepG2,WildType,24,10,Pw87,1,3,Low (2-10),TPD52;EPB41L1;CAAP1,19.05.2026
SRB-0007620,,AJ,v2,,,,,,,,,,,,,
SRB-0007619,,AJ,v2,SRB-0007619-001,SERAC,FBXO31,HepG2,WildType,24,10,Pw126,1,4,Low (2-10),BNIP3L;BNIP3;PAQR9;PLAGL2,19.05.2026
SRB-0007618,,AJ,v2,,,,,,,,,,,,,
SRB-0007617,,AJ,v2,,,,,,,,,,,,,
SRB-0007616,,AJ,v2,SRB-0007616-001,SERAC,FBXO31,HepG2,WildType,24,10,Pw119,1,3,Low (2-10),MT2A;CD58;HELB,19.05.2026
SRB-0007615,,AJ,v2,,,,,,,,,,,,,
SRB-0007614,,AJ,v2,,,,,,,,,,,,,
SRB-0007613,,AJ,v2,,,,,,,,,,,,,
SRB-0007612,,AJ,v2,SRB-0007612-001,SERAC,FBXO31,HepG2,WildType,24,10,Pw102,1,2,Low (2-10),JMJD4;RAB9B,19.05.2026
SRB-0007611,,AJ,v2,,,,,,,,,,,,,
SRB-0007610,,AJ,v2,SRB-0007610-001,SERAC,FBXO31,HepG2,WildType,24,10,Pw114,1,2,Low (2-10),SLC25A40;CDCA7,19.05.2026
SRB-0007607,,AJ,v2,SRB-0007607-001,SERAC,FBXO31,HepG2,WildType,24,10,Pw100,1,183,High (>25),FBLL1;SMCHD1;MPHOSPH10;NOP56;PEX12;CHD2;WDR46;RRP8;URB1;HIST1H2BK;DKC1;PHF2;H2AFY;UTP20;RSL1D1;SUN1;PRPF6;NSA2;BRD1;ZMYM6;LMNA;LMNA;LMNA;H1F0;HIST1H1E;TOP2A;HIST1H1B;HIST1H1C;UBTF;SON;SON;LMNB1;FBL;KDM5A;MYH9;MYH11;RBM34;NOP2;CENPA;BRPF1;HIST1H4A;TOP2B;CENPC;LMNB2;CEBPZ;CYP24A1;SSRP1;TBL3;IK;DDX10;ORC1;PPIG;PRPF4B;KRR1;PMS2P11;BOP1;URB2;WRN;PDCD11;BMS1;RRS1;PLEC;PLEC;PWP2;RNPS1;ZMYND11;TTF1;PUM3;ZNF800;C18orf21;DNTTIP2;TMEM201;SPOUT1;PRPF38B;DIEXF;RPL7L1;NEPRO;MIS18BP1;KCTD18;FBXO38;ATAD2;WDR74;BRWD3;MPRIP;HIST2H3A;CENPU;NOL8;BHLHA15;CENPV;WDR75;SMC5;FTSJ3;ZCCHC7;ZCCHC9;DDX51;KRI1;PRPF38A;ZNF280C;SRFBP1;NGDN;SUPT20H;NAV1;NUP35;WDR36;DDX54;BRIX1;UTP15;NOC3L;PHIP;AHCTF1;UTP4;RRP36;IMP4;DDX27;ZNF845;ZNF512;TEPSIN;ATAD5;PHF12;SMC6;TMEM209;KIR2DL4;EBNA1BP2;PKP2;VRK1;DDX50;SRSF8;NOL10;DDX23;NOC4L;UTP14A;MAK16;NIFK;GTPBP4;REXO4;NAT10;DDX47;HEATR1;TAF1D;DHX33;NOL6;RPF2;NOL11;DDX31;ISG20L2;RPF1;CLK4;SP110;NOP10;PPAN;JADE2;UTP3;DDX21;ASH1L;BRWD1;DCAF13;IMP3;DDX18;RBM28;ARGLU1;GAR1;AATF;UTP6;NOP53;H2AFY2;SENP1;CPNE7;BAZ1B;ATAD2B;WDR3;RCL1;DDX52;NOP58;FCF1;RBMX2;UTP11;RRP7A;NOC2L;TRRAP;RBM19;SUPT16H;UTP18;DDX49,19.05.2026
SRB-0007332,,AJ,v2,SRB-0007332-001,SERAC,FBXO31,HepG2,WildType,24,10,Pw99,1,8,Low (2-10),ITGB1BP1;TPM3;POLR2F;TRAF3;BAK1;PHLDA2;DALRD3;LSM5,19.05.2026
SRB-0007331,,AJ,v2,SRB-0007331-001,SERAC,FBXO31,HepG2,WildType,24,10,Pw118,1,9,Low (2-10),TNFRSF21;STAU1;KRT5;TUBB8;CEP120;ZDHHC12;ZSWIM3;GPN2;FBXO5,19.05.2026
SRB-0007326,,AJ,v2,SRB-0007326-001,SERAC,FBXO31,HepG2,WildType,24,10,Pw159,1,2,Low (2-10),IQCB1;E4F1,19.05.2026
SRB-0007320,,AJ,v2,,,,,,,,,,,,,
SRB-0007317,,AJ,v2,SRB-0007317-001,SERAC,FBXO31,HepG2,WildType,24,10,Pw128,1,3,Low (2-10),IFRD2;CENPS;ANAPC11,19.05.2026
SRB-0007316,,AJ,v2,,,,,,,,,,,,,
SRB-0007299,,AJ,v2,,,,,,,,,,,,,
SRB-0007298,,AJ,v2,,,,,,,,,,,,,
SRB-0007295,,AJ,v2,SRB-0007295-001,SERAC,FBXO31,HepG2,WildType,24,10,Pw135,1,1,Single (1),MT2A,19.05.2026
SRB-0007294,,AJ,v2,,,,,,,,,,,,,
SRB-0007271,,AJ,v2,,,,,,,,,,,,,
SRB-0007270,,AJ,v2,,,,,,,,,,,,,
SRB-0007269,,AJ,v2,,,,,,,,,,,,,
SRB-0007268,,AJ,v2,SRB-0007268-001,SERAC,FBXO31,HepG2,WildType,24,10,Pw121,1,2,Low (2-10),FAM168A;STK36,19.05.2026
SRB-0007267,,AJ,v2,,,,,,,,,,,,,
SRB-0006976,,AJ,v2,SRB-0006976-001,SERAC,FBXO31,HepG2,WildType,24,10,Pw93,1,1,Single (1),MYO9A,19.05.2026
SRB-0006975,,AJ,v2,SRB-0006975-001,SERAC,FBXO31,HepG2,WildType,24,10,Pw138,1,0,Silent,,19.05.2026
SRB-0006915,,AJ,v2,,,,,,,,,,,,,
SRB-0006912,,AJ,v2,,,,,,,,,,,,,
SRB-0006892,,AJ,v2,SRB-0006892-001,SERAC,FBXO31,HepG2,WildType,24,10,Pw85,1,5,Low (2-10),TSPAN3;STAT1;KLF10;TBC1D1;MSRB2,19.05.2026
SRB-0006891,,AJ,v2,SRB-0006891-001,SERAC,FBXO31,HepG2,WildType,24,10,Pw102,1,2,Low (2-10),EEF1AKMT4;TRIM14,19.05.2026
SRB-0006890,,AJ,v2,SRB-0006890-001,SERAC,FBXO31,HepG2,WildType,24,10,Pw85,1,4,Low (2-10),MYO1B;HSPA6;SLC9B2;RBM41,19.05.2026
SRB-0006889,,AJ,v2,SRB-0006889-001,SERAC,FBXO31,HepG2,WildType,24,10,Pw137,1,2,Low (2-10),STAT1;RFWD3,19.05.2026
SRB-0006888,,AJ,v2,SRB-0006888-001,SERAC,FBXO31,HepG2,WildType,24,10,Pw121,1,6,Low (2-10),ZNHIT1;PLEC;ORMDL2;VSIG10L;PIP4P2;ZNF114,19.05.2026
SRB-0006887,,AJ,v2,,,,,,,,,,,,,
SRB-0006886,,AJ,v2,,,,,,,,,,,,,
SRB-0006885,,AJ,v2,SRB-0006885-001,SERAC,FBXO31,HepG2,WildType,24,10,Pw159,1,1,Single (1),ZNF28,19.05.2026
SRB-0006884,,AJ,v2,SRB-0006884-001,SERAC,FBXO31,HepG2,WildType,24,10,Pw106,1,7,Low (2-10),ZBED4;SLC22A5;ATG12;MAP2K3;C6orf136;MEGF8;TMEM167B,19.05.2026
SRB-0006883,,AJ,v2,,,,,,,,,,,,,
SRB-0006882,,AJ,v2,,,,,,,,,,,,,
SRB-0006881,,AJ,v2,SRB-0006881-001,SERAC,FBXO31,HepG2,WildType,24,10,Pw98,1,22,Medium (11-25),MAP1LC3B2;MAP1LC3B;SDCBP;TPM3;NDUFV3;GNAS;GAPVD1;VMA21;CPNE8;CMTR2;FITM2;ENAH;NLGN4Y;TMEM167A;SMIM4;SLC44A1;ACOT11;APH1A;RGPD5;UNC93B1;GPAM;ARL15;GOLT1B,19.05.2026
SRB-0006880,,AJ,v2,,,,,,,,,,,,,
SRB-0006879,,AJ,v2,,,,,,,,,,,,,
SRB-0006878,,AJ,v2,SRB-0006878-001,SERAC,FBXO31,HepG2,WildType,24,10,Pw107,1,3,Low (2-10),SLC25A16;C6orf132;DRAM2,19.05.2026
SRB-0006877,,AJ,v2,SRB-0006877-001,SERAC,FBXO31,HepG2,WildType,24,10,Pw104,1,6,Low (2-10),AREG;HSPA1L;ENOX2;CENPP;RTN4;IPP,19.05.2026
SRB-0006876,,AJ,v2,SRB-0006876-001,SERAC,FBXO31,HepG2,WildType,24,10,Pw127,1,2,Low (2-10),CYP1A1;ADGRG1,19.05.2026
SRB-0006875,,AJ,v2,SRB-0006875-001,SERAC,FBXO31,HepG2,WildType,24,10,Pw157,1,1,Single (1),STAT1,19.05.2026
SRB-0006874,,AJ,v2,SRB-0006874-001,SERAC,FBXO31,HepG2,WildType,24,10,Pw95,1,2,Low (2-10),C9;CALCOCO1,19.05.2026
SRB-0006873,,AJ,v2,SRB-0006873-001,SERAC,FBXO31,HepG2,WildType,24,10,Pw134,1,7,Low (2-10),PLSCR1;IGFBP5;CYP24A1;GRB10;SRGAP1;STARD4;GLIPR2,19.05.2026
SRB-0006866,,AJ,v2,SRB-0006866-001,SERAC,FBXO31,HepG2,WildType,24,10,Pw159,1,2,Low (2-10),PDCD2L;ANKRD50,19.05.2026
SRB-0006864,,AJ,v2,SRB-0006864-001,SERAC,FBXO31,HepG2,WildType,24,10,Pw138,1,2,Low (2-10),CYP24A1;FAM173A,19.05.2026
SRB-0006863,,AJ,v2,SRB-0006863-001,SERAC,FBXO31,HepG2,WildType,24,10,Pw152,1,0,Silent,,19.05.2026
SRB-0006862,,AJ,v2,,,,,,,,,,,,,
SRB-0006861,,AJ,v2,,,,,,,,,,,,,
SRB-0006859,,AJ,v2,,,,,,,,,,,,,
SRB-0006858,,AJ,v2,SRB-0006858-001,SERAC,FBXO31,HepG2,WildType,24,10,Pw89,1,0,Silent,,19.05.2026
SRB-0006857,,AJ,v2,,,,,,,,,,,,,
SRB-0006857,,AJ,v2,,,,,,,,,,,,,
SRB-0006813,,AJ,v2,,,,,,,,,,,,,
SRB-0006812,,AJ,v2,SRB-0006812-001,SERAC,FBXO31,HepG2,WildType,24,10,Pw95,1,1,Single (1),HSPA6,19.05.2026
SRB-0006811,,AJ,v2,SRB-0006811-001,SERAC,FBXO31,HepG2,WildType,24,10,Pw101,1,2,Low (2-10),PABPC4;ZNF709,19.05.2026
SRB-0006810,,AJ,v2,,,,,,,,,,,,,
SRB-0006809,,AJ,v2,,,,,,,,,,,,,
SRB-0006808,,AJ,v2,,,,,,,,,,,,,
SRB-0006807,,AJ,v2,,,,,,,,,,,,,
SRB-0006806,,AJ,v2,,,,,,,,,,,,,
SRB-0006805,,AJ,v2,SRB-0006805-001,SERAC,FBXO31,HepG2,WildType,24,10,Pw158,1,5,Low (2-10),CETN3;MAPKBP1;EPHB4;TVP23C;TVP23B;CCDC32,19.05.2026
SRB-0006804,,AJ,v2,,,,,,,,,,,,,
SRB-0006803,,AJ,v2,SRB-0006803-001,SERAC,FBXO31,HepG2,WildType,24,10,Pw96,1,7,Low (2-10),GC;CKMT1A;CD59;AMD1;BASP1;CHMP4C;LYSMD1,19.05.2026
SRB-0006802,,AJ,v2,,,,,,,,,,,,,
SRB-0006801,,AJ,v2,SRB-0006801-001,SERAC,FBXO31,HepG2,WildType,24,10,Pw96,1,2,Low (2-10),STAT6;MID1IP1,19.05.2026
SRB-0006800,,AJ,v2,SRB-0006800-001,SERAC,FBXO31,HepG2,WildType,24,10,Pw111,1,2,Low (2-10),PIP5K1C;MT1G,19.05.2026
SRB-0006734,,AJ,v2,,,,,,,,,,,,,
SRB-0006733,,AJ,v2,,,,,,,,,,,,,
SRB-0006479,,AJ,v2,,,,,,,,,,,,,
SRB-0006397,,AJ,v2,SRB-0006397-001,SERAC,FBXO31,HepG2,WildType,24,10,Pw88,1,30,High (>25),TMEM88B;CAPN15;MIF;RCC1;CTGF;LIFR;FMO5;DIO1;NDST1;TGFBR3;DPYD;PUM1;GREB1;FBXO31;B3GNTL1;TRIM65;CERS6;TTC21B;PEG10;ZBTB38;PAQR8;BRF1;MTBP;LRRC3;MIXL1;TUBB1;NRBP2;PLEKHB1;ATP23;CEPT1,19.05.2026
SRB-0006382,,AJ,v2,SRB-0006382-001,SERAC,FBXO31,HepG2,WildType,24,10,Pw79,1,7,Low (2-10),SLC16A6;TIMP1;CYP1A1;AREG;S100A3;RNF138;COQ2,15.04.2026
SRB-0006381,,AJ,v2,SRB-0006381-001,SERAC,FBXO31,HepG2,WildType,24,10,Pw79,1,3,Low (2-10),CYP1A1;SGMS1;TM2D3,15.04.2026
SRB-0006380,,AJ,v2,SRB-0006380-001,SERAC,FBXO31,HepG2,WildType,24,10,Pw79,1,4,Low (2-10),CYP1A1;PSRC1;CRACR2B;PDCD2L,15.04.2026
SRB-0006379,,AJ,v2,SRB-0006379-001,SERAC,FBXO31,HepG2,WildType,24,10,Pw79,1,4,Low (2-10),SLC16A6;CYP1A1;PLEC;ADAT2,15.04.2026
SRB-0006378,,AJ,v2,SRB-0006378-001,SERAC,FBXO31,HepG2,WildType,24,10,Pw79,1,4,Low (2-10),CYP1A1;CREB1;MICA;GAL3ST2,15.04.2026
SRB-0006377,,AJ,v2,SRB-0006377-001,SERAC,FBXO31,HepG2,WildType,24,10,Pw79,1,5,Low (2-10),SLC16A6;CYP1A1;PLTP;DNAJB9;NIPSNAP3A,15.04.2026
SRB-0006376,,AJ,v2,SRB-0006376-001,SERAC,FBXO31,HepG2,WildType,24,10,Pw79,1,5,Low (2-10),SLC16A6;CYP1A1;ANGPTL8;DGAT2;C1orf43,15.04.2026
SRB-0006375,,AJ,v2,SRB-0006375-001,SERAC,FBXO31,HepG2,WildType,24,10,Pw79,1,6,Low (2-10),RGS10;CYP1A1;FBXO42;GPRIN1;CMTM4;EIF2AK1,15.04.2026
SRB-0006374,,AJ,v2,SRB-0006374-001,SERAC,FBXO31,HepG2,WildType,24,10,Pw79,1,11,Medium (11-25),CYP1A1;KRT5;PXDC1;PAQR7;GCNT2;COQ2;SAV1;RNPEPL1;SPON1;S100A14;TOR4A,15.04.2026
SRB-0006373,,AJ,v2,SRB-0006373-001,SERAC,FBXO31,HepG2,WildType,24,10,Pw58,1,243,High (>25),E2F8;SLC22A23;C17orf100;ESPN;FOXN3;APOL1;SIVA1;PHF1;BNIP3L;LZTS3;MAPKBP1;LY75;COBL;TACC1;LRP6;OFD1;SBF1;NPTXR;WIZ;TGFA;COL4A1;MT1F;HMGN2;ENO1;IGFBP1;CHTF8;POLR1D;SKI;CD59;ZNF3;HMGA1;ATF7;RCC1;CCNA2;BTF3;EFNA1;EPHA1;ERBB3;LOX;COL4A5;CDC25B;HLA-C;RRM2;SDC2;ETFB;VHL;LIFR;SLC1A2;RAD52;MAP2K3;CCT3;DIO1;CYP2J2;PRKX;NEK4;CEBPG;TTC3;MFAP3;SIRPA;PRR3;LSM11;TFAP4;CALD1;TJP1;CD47;DPYD;BNIP3;PABPC4;ITGB3BP;GAB1;UBAP2L;NPAT;FASTK;NEDD9;HNF4G;CBX2;PCLAF;SLC9A3R2;DIXDC1;HMGN3;HIF1A;CA9;CSPP1;KIAA0753;ZNF672;ZNF385B;ESCO2;HSP90AA5P;COA6;CEP78;PPM1L;MANEAL;MYOM3;MBNL2;KANK2;E4F1;ZNF518A;AMMECR1L;VASN;ZNF770;HMBOX1;MRNIP;DNAJC24;CNKSR3;CCDC137;ATAD2;ANGPTL8;SLC39A5;MCM10;CXXC5;LYSMD3;MAVS;TTC21B;MEGF8;PEG10;SLC9B2;RTN4RL2;LRP11;COA5;CEP57;XYLT1;RAB11FIP4;CAMK1D;HIST2H2AB;CCDC71;NAV2;FAM219A;ADGRA3;ARHGAP12;ANKHD1;SLF2;TP53INP2;BAP18;PALM2;ZC3H3;CCDC36;RNF168;MAML2;HIST3H2BB;LNX2;RFLNB;SREK1IP1;MIGA1;ZBTB38;ZFP62;SPRYD3;ZBTB34;PDPR;PPHLN1;ZNF417;HM13;DDX54;RNF128;PAQR8;GDPD5;BBX;FAM168A;ARHGAP45;JARID2;NKD1;CLUAP1;HOOK2;ZNF799;TRMT2B;WDYHV1;GMCL1;RBM41;MFSD14A;TCEANC2;RILP;FOPNL;ARHGEF17;ATAD5;SMIM14;TUBGCP5;TRIB3;GPHA2;MNT;EPAS1;PTPN18;CITED2;LZTS2;C1orf43;CARD10;CDK19;PLA2G12B;SLC26A6;KDM5D;LRRC3;FAM126A;ZDHHC5;TINAGL1;PAIP1;SEMA6A;MIXL1;MFSD1;PPDPF;TAF1D;EPS8L2;WDR76;ZNF556;CLSPN;PLEKHA2;TNS1;CELSR2;ZDHHC4;SLC35C2;TCIM;PRTFDC1;KIF15;TM7SF3;SLC39A9;PCMTD2;SLC38A7;RLIM;DDIT4;MTMR4;CRIPT;FOXJ2;SENP1;HMG20B;ONECUT1;DNMT3B;KDM5B;CIDEB;SEPT9;NAT8;DCDC2;BCAP29;ERRFI1;ZHX1;HEG1;CNOT6;ZNRF3;C19orf53;EXO1;ST3GAL6;MYRF;ORC6;INSIG2;SNX8;POMT1;CHCHD2,19.05.2026
SRB-0006372,,AJ,v2,SRB-0006372-001,SERAC,FBXO31,HepG2,WildType,24,10,Pw58,1,2,Low (2-10),GSKIP;TSPYL4,19.05.2026
SRB-0006371,,AJ,v2,SRB-0006371-001,SERAC,FBXO31,HepG2,WildType,24,10,Pw58,1,0,Silent,,19.05.2026
SRB-0006370,,AJ,v2,SRB-0006370-001,SERAC,FBXO31,HepG2,WildType,24,10,Pw58,1,1,Single (1),RHBDD1,19.05.2026
SRB-0006369,,AJ,v2,SRB-0006369-001,SERAC,FBXO31,HepG2,WildType,24,10,Pw58,1,7,Low (2-10),QSOX1;DNM1L;ATG12;ANAPC15;ADGB;ATXN7L3B;SEPT3,19.05.2026
SRB-0006367,,AJ,v2,SRB-0006367-001,SERAC,FBXO31,HepG2,WildType,24,10,Pw58,1,1,Single (1),G6PC3,19.05.2026
SRB-0006366,,AJ,v2,SRB-0006366-001,SERAC,FBXO31,HepG2,WildType,24,10,Pw58,1,0,Silent,,19.05.2026
SRB-0006365,,AJ,v2,SRB-0006365-001,SERAC,FBXO31,HepG2,WildType,24,10,Pw58,1,1,Single (1),CLN8,19.05.2026
SRB-0006364,,AJ,v2,SRB-0006364-001,SERAC,FBXO31,HepG2,WildType,24,10,Pw58,1,1,Single (1),STAT1,19.05.2026
SRB-0006363,,AJ,v2,SRB-0006363-001,SERAC,FBXO31,HepG2,WildType,24,10,Pw58,1,0,Silent,,19.05.2026
SRB-0006362,,AJ,v2,SRB-0006362-001,SERAC,FBXO31,HepG2,WildType,24,10,Pw58,1,2,Low (2-10),CYP2J2;EPB41L1,19.05.2026
SRB-0006361,,AJ,v2,SRB-0006361-001,SERAC,FBXO31,HepG2,WildType,24,10,Pw58,1,1,Single (1),KNG1,19.05.2026
SRB-0006360,,AJ,v2,SRB-0006360-001,SERAC,FBXO31,HepG2,WildType,24,10,Pw58,1,2,Low (2-10),STAT1;DYNC1I2,19.05.2026
SRB-0006359,,AJ,v2,SRB-0006359-001,SERAC,FBXO31,HepG2,WildType,24,10,Pw58,1,2,Low (2-10),PROX2;MOB3A,19.05.2026
SRB-0006358,,AJ,v2,SRB-0006358-001,SERAC,FBXO31,HepG2,WildType,24,10,Pw58,1,0,Silent,,19.05.2026
SRB-0006357,,AJ,v2,SRB-0006357-001,SERAC,FBXO31,HepG2,WildType,24,10,Pw58,1,0,Silent,,19.05.2026
SRB-0006356,,AJ,v2,SRB-0006356-001,SERAC,FBXO31,HepG2,WildType,24,10,Pw58,1,2,Low (2-10),RPL37;MSLN,19.05.2026
SRB-0006355,,AJ,v2,SRB-0006355-001,SERAC,FBXO31,HepG2,WildType,24,10,Pw58,1,1,Single (1),HPX,19.05.2026
SRB-0006354,,AJ,v2,SRB-0006354-001,SERAC,FBXO31,HepG2,WildType,24,10,Pw58,1,1,Single (1),ZNF518A,19.05.2026
SRB-0006353,,AJ,v2,SRB-0006353-001,SERAC,FBXO31,HepG2,WildType,24,10,Pw58,1,71,High (>25),TNFRSF10A;IFRD1;NRP1;UBD;BCAS1;PPP1R3D;CAVIN2;CP;APOH;ORM1;ANG;ARG1;SERPINA7;C8A;F7;SPP1;SPP1;LIPC;MBL2;TNFRSF1A;ORM2;BCL3;C4BPB;EPHA1;CASP1;RNASE4;SAA4;ETFB;SLC1A2;AKR1D1;FUT6;CLDN12;TFAP4;DDR1;CAPS;IL18;HEPACAM;GFOD2;DGKK;TMEM164;ISM2;PKN3;BHLHA15;SERPINA11;RTN4RL2;LAPTM4B;CEP57;APOBEC3F;NAV2;GCNT2;SPART;AADAT;ZFAND2A;SLC37A3;CALML4;NR1H4;TRIB3;GPHA2;REEP2;ANTXR1;WDR76;TCIM;SALL1;SPTLC3;CFAP97;PLEKHB1;CIDEB;NAT8;UST;MMACHC;PHLDA3,19.05.2026
SRB-0006352,,AJ,v2,SRB-0006352-001,SERAC,FBXO31,HepG2,WildType,24,10,Pw58,1,2,Low (2-10),AQP11;WASH6P,19.05.2026
SRB-0006351,,AJ,v2,SRB-0006351-001,SERAC,FBXO31,HepG2,WildType,24,10,Pw58,1,2,Low (2-10),CD151;TSPAN31,19.05.2026
SRB-0006350,,AJ,v2,SRB-0006350-001,SERAC,FBXO31,HepG2,WildType,24,10,Pw58,1,0,Silent,,19.05.2026
SRB-0006349,,AJ,v2,SRB-0006349-001,SERAC,FBXO31,HepG2,WildType,24,10,Pw58,1,0,Silent,,19.05.2026
SRB-0006348,,AJ,v2,SRB-0006348-001,SERAC,FBXO31,HepG2,WildType,24,10,Pw58,1,3,Low (2-10),PSEN2;UNC119;PROX2,19.05.2026
SRB-0006347,,AJ,v2,SRB-0006347-001,SERAC,FBXO31,HepG2,WildType,24,10,Pw58,1,26,High (>25),LBHD2;DNM1L;NDUFA1;SNAPC5;RTN3;GBA;SERPING1;TFPI;COX7B;POLR2J;SUMO3;RAB15;SERINC3;PROX2;ADAT2;SERINC5;HOGA1;ENAH;ZNF428;RGPD5;EPAS1;TOR1AIP2;RANBP3;OSTC;SLC38A7;GGT7,19.05.2026
SRB-0006346,,AJ,v2,SRB-0006346-001,SERAC,FBXO31,HepG2,WildType,24,10,Pw58,1,0,Silent,,19.05.2026
SRB-0006345,,AJ,v2,SRB-0006345-001,SERAC,FBXO31,HepG2,WildType,24,10,Pw58,1,0,Silent,,19.05.2026
SRB-0006344,,AJ,v2,SRB-0006344-001,SERAC,FBXO31,HepG2,WildType,24,10,Pw58,1,0,Silent,,19.05.2026
SRB-0006343,,AJ,v2,SRB-0006343-001,SERAC,FBXO31,HepG2,WildType,24,10,Pw59,1,8,Low (2-10),CRK;FXYD2;UBAP2L;MEX3C;DCLRE1A;MAP7D3;NUP35;SLC25A46,23.04.2026
SRB-0006342,,AJ,v2,SRB-0006342-001,SERAC,FBXO31,HepG2,WildType,24,10,Pw59,1,9,Low (2-10),MEX3A;UTY;CEP290;NR1H2;CRY2;SP5;OCC1;PANX1;SLC9A8,23.04.2026
SRB-0006341,,AJ,v2,SRB-0006341-001,SERAC,FBXO31,HepG2,WildType,24,10,Pw59,1,4,Low (2-10),RAB3B;NAXD;LARGE2;B3GALNT2,23.04.2026
SRB-0006340,,AJ,v2,SRB-0006340-001,SERAC,FBXO31,HepG2,WildType,24,10,Pw59,1,11,Medium (11-25),MRAS;BET1;HNRNPC;HIST1H1D;NFIA;PGGHG;DTWD2;PYROXD1;OTUD5;FAM20A;CDCA7,23.04.2026
SRB-0006339,,AJ,v2,SRB-0006339-001,SERAC,FBXO31,HepG2,WildType,24,10,Pw59,1,4,Low (2-10),CCNE1;STAT1;KLC1;SLC30A5,23.04.2026
SRB-0006338,,AJ,v2,SRB-0006338-001,SERAC,FBXO31,HepG2,WildType,24,10,Pw59,1,6,Low (2-10),LMNA;NT5E;ETFB;TEPSIN;WARS2;FOXA2,23.04.2026
SRB-0006337,,AJ,v2,SRB-0006337-001,SERAC,FBXO31,HepG2,WildType,24,10,Pw59,1,1,Single (1),DHRSX,23.04.2026
SRB-0006330,,AJ,v2,SRB-0006330-001,SERAC,FBXO31,HepG2,WildType,24,10,Pw95,1,2,Low (2-10),ACTA2;EIF4G1,19.05.2026
SRB-0006329,,AJ,v2,,,,,,,,,,,,,
SRB-0006287,,AJ,v2,SRB-0006287-001,SERAC,FBXO31,HepG2,WildType,24,10,Pw59,1,10,Low (2-10),LBHD2;SIVA1;CTNND1;CYP2J2;CEBPG;PCK2;RPL22L1;TTC17;EPB41L1;MSL2,23.04.2026
SRB-0006286,,AJ,v2,SRB-0006286-001,SERAC,FBXO31,HepG2,WildType,24,10,Pw59,1,4,Low (2-10),MT-ND2;GOLGB1;UNC93A;TNS1,23.04.2026
SRB-0006285,,AJ,v2,SRB-0006285-001,SERAC,FBXO31,HepG2,WildType,24,10,Pw59,1,12,Medium (11-25),ELOVL7;ALDOB;MAP4;NAAA;IFRD2;SERINC3;SURF1;KLHL22;CARMIL2;MAP7D3;MAL2;SNF8,23.04.2026
SRB-0006284,,AJ,v2,SRB-0006284-001,SERAC,FBXO31,HepG2,WildType,24,10,Pw59,1,6,Low (2-10),UNG;DCAF12;PTGR2;EXT2;SLC17A5;ABRACL,23.04.2026
SRB-0006283,,AJ,v2,SRB-0006283-001,SERAC,FBXO31,HepG2,WildType,24,10,Pw59,1,7,Low (2-10),GPT;PCGF3;MAVS;TLK2;KIF18B;RNF138;FBXL3,23.04.2026
SRB-0006282,,AJ,v2,SRB-0006282-001,SERAC,FBXO31,HepG2,WildType,24,10,Pw59,1,2,Low (2-10),PBX3;SRGAP1,23.04.2026
SRB-0006272,,AJ,v2,SRB-0006272-001,SERAC,FBXO31,HepG2,WildType,24,10,Pw59,1,4,Low (2-10),SOWAHA;OTUD5;LIPT1;RHBDD3,23.04.2026
SRB-0006271,,AJ,v2,SRB-0006271-001,SERAC,FBXO31,HepG2,WildType,24,10,Pw59,1,4,Low (2-10),METTL2B;SLC25A40;TMEM147;RAB9B,23.04.2026
SRB-0006270,,AJ,v2,SRB-0006270-001,SERAC,FBXO31,HepG2,WildType,24,10,Pw59,1,3,Low (2-10),MYL9;DIRC2;MTMR4,23.04.2026
SRB-0006269,,AJ,v2,SRB-0006269-001,SERAC,FBXO31,HepG2,WildType,24,10,Pw59,1,3,Low (2-10),ARSD;MFSD4B;SLC25A32,23.04.2026
SRB-0006268,,AJ,v2,SRB-0006268-001,SERAC,FBXO31,HepG2,WildType,24,10,Pw59,1,5,Low (2-10),DCTN6;TMEM128;FAM76A;ANTXR1;MLH3,23.04.2026
SRB-0006267,,AJ,v2,SRB-0006267-001,SERAC,FBXO31,HepG2,WildType,24,10,Pw59,1,6,Low (2-10),TMEM127;JAK3;SNAPC3;LIME1;C14orf93;MAGEF1,23.04.2026
SRB-0006266,,AJ,v2,SRB-0006266-001,SERAC,FBXO31,HepG2,WildType,24,10,Pw59,1,3,Low (2-10),FTL;IFITM2;FBXL19,23.04.2026
SRB-0006265,,AJ,v2,SRB-0006265-001,SERAC,FBXO31,HepG2,WildType,24,10,Pw59,1,3,Low (2-10),COX17;LSM14B;REXO2,23.04.2026
SRB-0006264,,AJ,v2,SRB-0006264-001,SERAC,FBXO31,HepG2,WildType,24,10,Pw60,1,4,Low (2-10),DSC3;RPGRIP1L;DHX30;GTF2IRD1,19.05.2026
SRB-0006263,,AJ,v2,SRB-0006263-001,SERAC,FBXO31,HepG2,WildType,24,10,Pw60,1,1,Single (1),RNF138,19.05.2026
SRB-0006262,,AJ,v2,SRB-0006262-001,SERAC,FBXO31,HepG2,WildType,24,10,Pw60,1,1,Single (1),ATXN1,19.05.2026
SRB-0006261,,AJ,v2,SRB-0006261-001,SERAC,FBXO31,HepG2,WildType,24,10,Pw60,1,1,Single (1),MAP7D3,19.05.2026
SRB-0006260,,AJ,v2,SRB-0006260-001,SERAC,FBXO31,HepG2,WildType,24,10,Pw60,1,1,Single (1),MAN2B1,19.05.2026
SRB-0006259,,AJ,v2,SRB-0006259-001,SERAC,FBXO31,HepG2,WildType,24,10,Pw60,1,0,Silent,,19.05.2026
SRB-0006258,,AJ,v2,SRB-0006258-001,SERAC,FBXO31,HepG2,WildType,24,10,Pw60,1,6,Low (2-10),PTMA;PTMS;MXRA7;HNRNPD;TIMM17A;APBA2,19.05.2026
SRB-0006257,,AJ,v2,SRB-0006257-001,SERAC,FBXO31,HepG2,WildType,24,10,Pw60,1,1,Single (1),ZNF184,19.05.2026
SRB-0006256,,AJ,v2,SRB-0006256-001,SERAC,FBXO31,HepG2,WildType,24,10,Pw60,1,2,Low (2-10),ESYT2;UBE2Q1,19.05.2026
SRB-0006255,,AJ,v2,SRB-0006255-001,SERAC,FBXO31,HepG2,WildType,24,10,Pw60,1,0,Silent,,19.05.2026
SRB-0006254,,AJ,v2,SRB-0006254-001,SERAC,FBXO31,HepG2,WildType,24,10,Pw60,1,0,Silent,,19.05.2026
SRB-0006253,,AJ,v2,SRB-0006253-001,SERAC,FBXO31,HepG2,WildType,24,10,Pw60,1,1,Single (1),SLC25A44,19.05.2026
SRB-0006252,,AJ,v2,SRB-0006252-001,SERAC,FBXO31,HepG2,WildType,24,10,Pw60,1,1,Single (1),ACTG1,19.05.2026
SRB-0006251,,AJ,v2,SRB-0006251-001,SERAC,FBXO31,HepG2,WildType,24,10,Pw60,1,0,Silent,,19.05.2026
SRB-0006250,,AJ,v2,SRB-0006250-001,SERAC,FBXO31,HepG2,WildType,24,10,Pw60,1,1,Single (1),PROSER1,19.05.2026
SRB-0006249,,AJ,v2,SRB-0006249-001,SERAC,FBXO31,HepG2,WildType,24,10,Pw60,1,1,Single (1),DIP2C,19.05.2026
SRB-0006248,,AJ,v2,SRB-0006248-001,SERAC,FBXO31,HepG2,WildType,24,10,Pw60,1,0,Silent,,19.05.2026
SRB-0006247,,AJ,v2,SRB-0006247-001,SERAC,FBXO31,HepG2,WildType,24,10,Pw60,1,2,Low (2-10),DENND5A;PCGF1,19.05.2026
SRB-0006246,,AJ,v2,SRB-0006246-001,SERAC,FBXO31,HepG2,WildType,24,10,Pw60,1,3,Low (2-10),ATP1A3;SCAND1;UBE2E3,19.05.2026
SRB-0006245,,AJ,v2,SRB-0006245-001,SERAC,FBXO31,HepG2,WildType,24,10,Pw60,1,0,Silent,,19.05.2026
SRB-0006234,,AJ,v2,SRB-0006234-001,SERAC,FBXO31,HepG2,WildType,24,10,Pw60,1,1,Single (1),WASF3,19.05.2026
SRB-0006233,,AJ,v2,SRB-0006233-001,SERAC,FBXO31,HepG2,WildType,24,10,Pw60,1,0,Silent,,19.05.2026
SRB-0006232,,AJ,v2,SRB-0006232-001,SERAC,FBXO31,HepG2,WildType,24,10,Pw60,1,4,Low (2-10),PET100;TTC21A;TRIM44;BAIAP2,19.05.2026
SRB-0006231,,AJ,v2,SRB-0006231-001,SERAC,FBXO31,HepG2,WildType,24,10,Pw60,1,1,Single (1),C15orf61,19.05.2026
SRB-0006230,,AJ,v2,SRB-0006230-001,SERAC,FBXO31,HepG2,WildType,24,10,Pw60,1,0,Silent,,19.05.2026
SRB-0006229,,AJ,v2,SRB-0006229-001,SERAC,FBXO31,HepG2,WildType,24,10,Pw60,1,0,Silent,,19.05.2026
SRB-0006228,,AJ,v2,SRB-0006228-001,SERAC,FBXO31,HepG2,WildType,24,10,Pw60,1,0,Silent,,19.05.2026
SRB-0006227,,AJ,v2,SRB-0006227-001,SERAC,FBXO31,HepG2,WildType,24,10,Pw60,1,1,Single (1),RFLNB,19.05.2026
SRB-0006226,,AJ,v2,SRB-0006226-001,SERAC,FBXO31,HepG2,WildType,24,10,Pw60,1,1,Single (1),PHYKPL,19.05.2026
SRB-0006225,,AJ,v2,SRB-0006225-001,SERAC,FBXO31,HepG2,WildType,24,10,Pw60,1,2,Low (2-10),CD151;TLK1,19.05.2026
SRB-0006224,,AJ,v2,SRB-0006224-001,SERAC,FBXO31,HepG2,WildType,24,10,Pw61,1,3,Low (2-10),MYC;ORMDL2;RHBDD1,19.05.2026
SRB-0006223,,AJ,v2,SRB-0006223-001,SERAC,FBXO31,HepG2,WildType,24,10,Pw61,1,0,Silent,,19.05.2026
SRB-0006222,,AJ,v2,SRB-0006222-001,SERAC,FBXO31,HepG2,WildType,24,10,Pw61,1,2,Low (2-10),KAT5;GBP3,19.05.2026
SRB-0006221,,AJ,v2,SRB-0006221-001,SERAC,FBXO31,HepG2,WildType,24,10,Pw61,1,1,Single (1),DNLZ,19.05.2026
SRB-0006220,,AJ,v2,SRB-0006220-001,SERAC,FBXO31,HepG2,WildType,24,10,Pw61,1,1,Single (1),AP4S1,19.05.2026
SRB-0006219,,AJ,v2,SRB-0006219-001,SERAC,FBXO31,HepG2,WildType,24,10,Pw61,1,0,Silent,,19.05.2026
SRB-0006218,,AJ,v2,SRB-0006218-001,SERAC,FBXO31,HepG2,WildType,24,10,Pw61,1,1,Single (1),PPIA,19.05.2026
SRB-0006217,,AJ,v2,SRB-0006217-001,SERAC,FBXO31,HepG2,WildType,24,10,Pw61,1,0,Silent,,19.05.2026
SRB-0006216,,AJ,v2,SRB-0006216-001,SERAC,FBXO31,HepG2,WildType,24,10,Pw61,1,1,Single (1),AMMECR1L,19.05.2026
SRB-0006215,,AJ,v2,SRB-0006215-001,SERAC,FBXO31,HepG2,WildType,24,10,Pw61,1,4,Low (2-10),YBX3;XBP1;H3F3A;TP53INP2,19.05.2026
SRB-0006214,,AJ,v2,SRB-0006214-001,SERAC,FBXO31,HepG2,WildType,24,10,Pw61,1,1,Single (1),FBXW4,19.05.2026
SRB-0006213,,AJ,v2,SRB-0006213-001,SERAC,FBXO31,HepG2,WildType,24,10,Pw61,1,2,Low (2-10),HCFC1;PCBP2,19.05.2026
SRB-0006212,,AJ,v2,SRB-0006212-001,SERAC,FBXO31,HepG2,WildType,24,10,Pw61,1,0,Silent,,19.05.2026
SRB-0006211,,AJ,v2,SRB-0006211-001,SERAC,FBXO31,HepG2,WildType,24,10,Pw61,1,1,Single (1),RABGAP1L,19.05.2026
SRB-0006210,,AJ,v2,SRB-0006210-001,SERAC,FBXO31,HepG2,WildType,24,10,Pw61,1,0,Silent,,19.05.2026
SRB-0006209,,AJ,v2,SRB-0006209-001,SERAC,FBXO31,HepG2,WildType,24,10,Pw61,1,1,Single (1),NT5DC1,19.05.2026
SRB-0006208,,AJ,v2,SRB-0006208-001,SERAC,FBXO31,HepG2,WildType,24,10,Pw61,1,2,Low (2-10),ADAR;SLC25A29,19.05.2026
SRB-0006207,,AJ,v2,SRB-0006207-001,SERAC,FBXO31,HepG2,WildType,24,10,Pw61,1,0,Silent,,19.05.2026
SRB-0006206,,AJ,v2,SRB-0006206-001,SERAC,FBXO31,HepG2,WildType,24,10,Pw61,1,1,Single (1),LSM14B,19.05.2026
SRB-0006205,,AJ,v2,SRB-0006205-001,SERAC,FBXO31,HepG2,WildType,24,10,Pw61,1,1,Single (1),AMDHD2,19.05.2026
SRB-0006204,,AJ,v2,SRB-0006204-001,SERAC,FBXO31,HepG2,WildType,24,10,Pw61,1,2,Low (2-10),MT1F;ENTPD7,19.05.2026
SRB-0006203,,AJ,v2,SRB-0006203-001,SERAC,FBXO31,HepG2,WildType,24,10,Pw61,1,1,Single (1),LMF1,19.05.2026
SRB-0006202,,AJ,v2,SRB-0006202-001,SERAC,FBXO31,HepG2,WildType,24,10,Pw61,1,2,Low (2-10),PHF14;UBE2E1,19.05.2026
SRB-0006192,,AJ,v2,SRB-0006192-001,SERAC,FBXO31,HepG2,WildType,24,10,Pw61,1,6,Low (2-10),HNRNPD;ALG10;FAM111B;RPL36AL;EPB41L1;SLC39A9,19.05.2026
SRB-0006191,,AJ,v2,SRB-0006191-001,SERAC,FBXO31,HepG2,WildType,24,10,Pw61,1,2,Low (2-10),POLR2F;LDLRAP1,19.05.2026
SRB-0006190,,AJ,v2,SRB-0006190-001,SERAC,FBXO31,HepG2,WildType,24,10,Pw61,1,5,Low (2-10),QSOX1;ITGA6;JAK3;SMUG1;IER3IP1,19.05.2026
SRB-0006189,,AJ,v2,SRB-0006189-001,SERAC,FBXO31,HepG2,WildType,24,10,Pw61,1,6,Low (2-10),DNM1L;TNFSF10;SUPT4H1;CCDC71;ZDHHC4;TUBD1,19.05.2026
SRB-0006188,,AJ,v2,SRB-0006188-001,SERAC,FBXO31,HepG2,WildType,24,10,Pw61,1,2,Low (2-10),RAB28;DYNC1I2,19.05.2026
SRB-0006187,,AJ,v2,SRB-0006187-001,SERAC,FBXO31,HepG2,WildType,24,10,Pw61,1,0,Silent,,19.05.2026
SRB-0006186,,AJ,v2,SRB-0006186-001,SERAC,FBXO31,HepG2,WildType,24,10,Pw61,1,2,Low (2-10),ADGB;FAM168A,19.05.2026
SRB-0006185,,AJ,v2,SRB-0006185-001,SERAC,FBXO31,HepG2,WildType,24,10,Pw62,1,1,Single (1),TMEM230,19.05.2026
SRB-0006184,,AJ,v2,SRB-0006184-001,SERAC,FBXO31,HepG2,WildType,24,10,Pw62,1,3,Low (2-10),ATP7A;GCNT2;ADD3,19.05.2026
SRB-0006183,,AJ,v2,SRB-0006183-001,SERAC,FBXO31,HepG2,WildType,24,10,Pw62,1,0,Silent,,19.05.2026
SRB-0006182,,AJ,v2,SRB-0006182-001,SERAC,FBXO31,HepG2,WildType,24,10,Pw62,1,5,Low (2-10),STAT1;UBE2D1;UBE2D4;DSC3;TP53INP2;FAM168A,19.05.2026
SRB-0006181,,AJ,v2,SRB-0006181-001,SERAC,FBXO31,HepG2,WildType,24,10,Pw62,1,1,Single (1),PET100,19.05.2026
SRB-0006180,,AJ,v2,SRB-0006180-001,SERAC,FBXO31,HepG2,WildType,24,10,Pw62,1,3,Low (2-10),LIPT2;QSOX1;PRPF40A,19.05.2026
SRB-0006179,,AJ,v2,SRB-0006179-001,SERAC,FBXO31,HepG2,WildType,24,10,Pw62,1,0,Silent,,19.05.2026
SRB-0006178,,AJ,v2,SRB-0006178-001,SERAC,FBXO31,HepG2,WildType,24,10,Pw62,1,0,Silent,,19.05.2026
SRB-0006177,,AJ,v2,SRB-0006177-001,SERAC,FBXO31,HepG2,WildType,24,10,Pw62,1,1,Single (1),STAT1,19.05.2026
SRB-0006176,,AJ,v2,SRB-0006176-001,SERAC,FBXO31,HepG2,WildType,24,10,Pw62,1,0,Silent,,19.05.2026
SRB-0006175,,AJ,v2,SRB-0006175-001,SERAC,FBXO31,HepG2,WildType,24,10,Pw62,1,0,Silent,,19.05.2026
SRB-0006174,,AJ,v2,SRB-0006174-001,SERAC,FBXO31,HepG2,WildType,24,10,Pw62,1,2,Low (2-10),SYK;PRKCE,19.05.2026
SRB-0006173,,AJ,v2,SRB-0006173-001,SERAC,FBXO31,HepG2,WildType,24,10,Pw62,1,0,Silent,,19.05.2026
SRB-0006172,,AJ,v2,SRB-0006172-001,SERAC,FBXO31,HepG2,WildType,24,10,Pw62,1,9,Low (2-10),IFITM2;STRN3;ALCAM;MAD2L1BP;DUSP6;CCDC71;PTGR2;TTC21A;TXNDC15,19.05.2026
SRB-0006171,,AJ,v2,SRB-0006171-001,SERAC,FBXO31,HepG2,WildType,24,10,Pw62,1,3,Low (2-10),STX16;YBX3;CFAP74,19.05.2026
SRB-0006170,,AJ,v2,SRB-0006170-001,SERAC,FBXO31,HepG2,WildType,24,10,Pw62,1,2,Low (2-10),MPHOSPH9;BAIAP2,19.05.2026
SRB-0006169,,AJ,v2,SRB-0006169-001,SERAC,FBXO31,HepG2,WildType,24,10,Pw79,1,5,Low (2-10),CYP1A1;JUNB;CEBPB;USP41;DNAJC15,15.04.2026
SRB-0006168,,AJ,v2,,,,,,,,,,,,,
SRB-0006076,,AJ,v2,SRB-0006076-001,SERAC,FBXO31,HepG2,WildType,24,10,Pw48,1,0,Silent,,23.04.2026
SRB-0006075,,AJ,v2,SRB-0006075-001,SERAC,FBXO31,HepG2,WildType,24,10,Pw48,1,0,Silent,,23.04.2026
SRB-0006074,,AJ,v2,SRB-0006074-001,SERAC,FBXO31,HepG2,WildType,24,10,Pw48,1,0,Silent,,23.04.2026
SRB-0006073,,AJ,v2,SRB-0006073-001,SERAC,FBXO31,HepG2,WildType,24,10,Pw48,1,5,Low (2-10),SLC22A5;STK40;GAS2L1;P2RX4;WIPI2,23.04.2026
SRB-0006072,,AJ,v2,SRB-0006072-001,SERAC,FBXO31,HepG2,WildType,24,10,Pw48,1,1,Single (1),ARL6IP4,23.04.2026
SRB-0006071,,AJ,v2,SRB-0006071-001,SERAC,FBXO31,HepG2,WildType,24,10,Pw48,1,6,Low (2-10),PPFIA2;MT-ND4;DNM2;SMO;SERINC1;ASB1,23.04.2026
SRB-0006070,,AJ,v2,SRB-0006070-001,SERAC,FBXO31,HepG2,WildType,24,10,Pw48,1,3,Low (2-10),EEF1A2;OSMR;AP5M1,23.04.2026
SRB-0006069,,AJ,v2,SRB-0006069-001,SERAC,FBXO31,HepG2,WildType,24,10,Pw48,1,4,Low (2-10),COL9A3;TMEM97;GORAB;ZNF639,23.04.2026
SRB-0006068,,AJ,v2,SRB-0006068-001,SERAC,FBXO31,HepG2,WildType,24,10,Pw48,1,4,Low (2-10),SELENOF;PIGA;RNF141;TMED5,23.04.2026
SRB-0006067,,AJ,v2,SRB-0006067-001,SERAC,FBXO31,HepG2,WildType,24,10,Pw48,1,2,Low (2-10),HLA-E;AES,23.04.2026
SRB-0006066,,AJ,v2,SRB-0006066-001,SERAC,FBXO31,HepG2,WildType,24,10,Pw48,1,0,Silent,,23.04.2026
SRB-0006065,,AJ,v2,SRB-0006065-001,SERAC,FBXO31,HepG2,WildType,24,10,Pw48,1,1,Single (1),RTL10,23.04.2026
SRB-0006064,,AJ,v2,SRB-0006064-001,SERAC,FBXO31,HepG2,WildType,24,10,Pw48,1,5,Low (2-10),C1S;IL32;ANGPTL8;FBXO25;ZSWIM5,23.04.2026
SRB-0006063,,AJ,v2,SRB-0006063-001,SERAC,FBXO31,HepG2,WildType,24,10,Pw48,1,56,High (>25),MGST3;NDUFA1;CYTH3;NDUFS5;HS6ST1;CREG1;NEBL;STC2;LMNA;HNRNPC;COX6A1;SLC25A16;COX7B;CTSS;PFN2;CDKN2A;FHIT;POLR2J;NKX2-5;TLE3;XRCC4;TAF11;TRIP10;HIF1A;LIN52;ALG10;ALG10B;ABHD15;ARMC8;SLC44A2;BBS7;STAG2;PSD4;MCPH1;MCFD2;DDX54;SLC39A7;EDEM1;HTRA1;SNAPC3;RILPL2;VMP1;WDYHV1;TRIB3;SMAD5;HDAC8;DOCK9;ABCA2;CERS4;FAM118A;TXNL4B;DDIT4;B3GNT2;WDR35;UXT;LAMTOR3;MRPS17,23.04.2026
SRB-0006062,,AJ,v2,SRB-0006062-001,SERAC,FBXO31,HepG2,WildType,24,10,Pw48,1,4,Low (2-10),LIMK2;F2RL1;XRCC4;DPP9,23.04.2026
SRB-0006061,,AJ,v2,SRB-0006061-001,SERAC,FBXO31,HepG2,WildType,24,10,Pw48,1,4,Low (2-10),SLC25A26;BBS7;MFSD9;RXYLT1,23.04.2026
SRB-0006060,,AJ,v2,SRB-0006060-001,SERAC,FBXO31,HepG2,WildType,24,10,Pw48,1,13,Medium (11-25),DPYSL4;SPARC;CRYM;SLC25A26;COX15;JAGN1;DOCK9;CDIP1;RASSF1;ATP11B;ZBTB1;WDR45;USP15,23.04.2026
SRB-0006059,,AJ,v2,SRB-0006059-001,SERAC,FBXO31,HepG2,WildType,24,10,Pw48,1,4,Low (2-10),SLC22A5;HIF1A;SLC44A3;XPR1,23.04.2026
SRB-0006058,,AJ,v2,SRB-0006058-001,SERAC,FBXO31,HepG2,WildType,24,10,Pw48,1,11,Medium (11-25),PYGM;PKM;AKAP5;SWSAP1;OSTM1;THAP3;RHBDF1;VMP1;FAM173A;DOCK9;USP15,23.04.2026
SRB-0006057,,AJ,v2,SRB-0006057-001,SERAC,FBXO31,HepG2,WildType,24,10,Pw48,1,0,Silent,,23.04.2026
SRB-0006056,,AJ,v2,SRB-0006056-001,SERAC,FBXO31,HepG2,WildType,24,10,Pw48,1,12,Medium (11-25),MASP2;IGFBP2;F2RL1;DMWD;XRCC4;HIF1A;VMP1;ZC3H12C;CERS4;KMT5A;DDIT4;ZNF330,23.04.2026
SRB-0006055,,AJ,v2,SRB-0006055-001,SERAC,FBXO31,HepG2,WildType,24,10,Pw49,1,2,Low (2-10),STAT6;CNST,23.04.2026
SRB-0006054,,AJ,v2,SRB-0006054-001,SERAC,FBXO31,HepG2,WildType,24,10,Pw49,1,0,Silent,,23.04.2026
SRB-0006053,,AJ,v2,SRB-0006053-001,SERAC,FBXO31,HepG2,WildType,24,10,Pw49,1,0,Silent,,23.04.2026
SRB-0006052,,AJ,v2,SRB-0006052-001,SERAC,FBXO31,HepG2,WildType,24,10,Pw49,1,0,Silent,,23.04.2026
SRB-0006051,,AJ,v2,SRB-0006051-001,SERAC,FBXO31,HepG2,WildType,24,10,Pw49,1,0,Silent,,23.04.2026
SRB-0006050,,AJ,v2,SRB-0006050-001,SERAC,FBXO31,HepG2,WildType,24,10,Pw49,1,1,Single (1),TSC22D1,23.04.2026
SRB-0006048,,AJ,v2,SRB-0006048-001,SERAC,FBXO31,HepG2,WildType,24,10,Pw86,1,1,Single (1),TGFB1,19.05.2026
SRB-0006039,,AJ,v2,,,,,,,,,,,,,
SRB-0006038,,AJ,v2,,,,,,,,,,,,,
SRB-0006028,,AJ,v2,SRB-0006028-001,SERAC,FBXO31,HepG2,WildType,24,10,Pw49,1,1,Single (1),LECT2,23.04.2026
SRB-0006027,,AJ,v2,SRB-0006027-001,SERAC,FBXO31,HepG2,WildType,24,10,Pw49,1,3,Low (2-10),PLOD2;MPZ;FOXA3,23.04.2026
SRB-0006026,,AJ,v2,SRB-0006026-001,SERAC,FBXO31,HepG2,WildType,24,10,Pw49,1,1,Single (1),TMEM164,23.04.2026
SRB-0006025,,AJ,v2,SRB-0006025-001,SERAC,FBXO31,HepG2,WildType,24,10,Pw49,1,1,Single (1),STEAP1,23.04.2026
SRB-0006024,,AJ,v2,SRB-0006024-001,SERAC,FBXO31,HepG2,WildType,24,10,Pw49,1,1,Single (1),S100A3,23.04.2026
SRB-0006023,,AJ,v2,SRB-0006023-001,SERAC,FBXO31,HepG2,WildType,24,10,Pw49,1,1,Single (1),BCL7A,23.04.2026
SRB-0006022,,AJ,v2,SRB-0006022-001,SERAC,FBXO31,HepG2,WildType,24,10,Pw49,1,2,Low (2-10),CAPZB;PMS2P11,23.04.2026
SRB-0006021,,AJ,v2,SRB-0006021-001,SERAC,FBXO31,HepG2,WildType,24,10,Pw49,1,0,Silent,,23.04.2026
SRB-0006020,,AJ,v2,SRB-0006020-001,SERAC,FBXO31,HepG2,WildType,24,10,Pw49,1,0,Silent,,23.04.2026
SRB-0006019,,AJ,v2,SRB-0006019-001,SERAC,FBXO31,HepG2,WildType,24,10,Pw49,1,0,Silent,,23.04.2026
SRB-0006018,,AJ,v2,SRB-0006018-001,SERAC,FBXO31,HepG2,WildType,24,10,Pw49,1,0,Silent,,23.04.2026
SRB-0006017,,AJ,v2,SRB-0006017-001,SERAC,FBXO31,HepG2,WildType,24,10,Pw49,1,0,Silent,,23.04.2026
SRB-0006016,,AJ,v2,SRB-0006016-001,SERAC,FBXO31,HepG2,WildType,24,10,Pw49,1,1,Single (1),SCML1,23.04.2026
SRB-0006015,,AJ,v2,SRB-0006015-001,SERAC,FBXO31,HepG2,WildType,24,10,Pw49,1,2,Low (2-10),SYS1;BBS2,23.04.2026
SRB-0006014,,AJ,v2,SRB-0006014-001,SERAC,FBXO31,HepG2,WildType,24,10,Pw49,1,0,Silent,,23.04.2026
SRB-0006013,,AJ,v2,SRB-0006013-001,SERAC,FBXO31,HepG2,WildType,24,10,Pw49,1,0,Silent,,23.04.2026
SRB-0006012,,AJ,v2,SRB-0006012-001,SERAC,FBXO31,HepG2,WildType,24,10,Pw49,1,1,Single (1),PLA2G4D,23.04.2026
SRB-0006011,,AJ,v2,SRB-0006011-001,SERAC,FBXO31,HepG2,WildType,24,10,Pw49,1,0,Silent,,23.04.2026
SRB-0006010,,AJ,v2,SRB-0006010-001,SERAC,FBXO31,HepG2,WildType,24,10,Pw49,1,1,Single (1),ALCAM,23.04.2026
SRB-0006009,,AJ,v2,SRB-0006009-001,SERAC,FBXO31,HepG2,WildType,24,10,Pw49,1,7,Low (2-10),MBP;PLCD1;CAP1;PRR15;API5;MAFF;SH3BP1,23.04.2026
SRB-0006008,,AJ,v2,SRB-0006008-001,SERAC,FBXO31,HepG2,WildType,24,10,Pw49,1,2,Low (2-10),SMARCC2;FAM168A,23.04.2026
SRB-0006007,,AJ,v2,SRB-0006007-001,SERAC,FBXO31,HepG2,WildType,24,10,Pw49,1,3,Low (2-10),ETS2;LRBA;SLC2A13,23.04.2026
SRB-0006006,,AJ,v2,SRB-0006006-001,SERAC,FBXO31,HepG2,WildType,24,10,Pw49,1,0,Silent,,23.04.2026
SRB-0006005,,AJ,v2,SRB-0006005-001,SERAC,FBXO31,HepG2,WildType,24,10,Pw49,1,1,Single (1),CEBPG,23.04.2026
SRB-0006004,,AJ,v2,SRB-0006004-001,SERAC,FBXO31,HepG2,WildType,24,10,Pw50,1,2,Low (2-10),SLC3A2;ATF7IP,23.04.2026
SRB-0006003,,AJ,v2,SRB-0006003-001,SERAC,FBXO31,HepG2,WildType,24,10,Pw50,1,0,Silent,,23.04.2026
SRB-0006002,,AJ,v2,SRB-0006002-001,SERAC,FBXO31,HepG2,WildType,24,10,Pw50,1,2,Low (2-10),INPP5J;LMF1,23.04.2026
SRB-0006001,,AJ,v2,SRB-0006001-001,SERAC,FBXO31,HepG2,WildType,24,10,Pw50,1,0,Silent,,23.04.2026
SRB-0006000,,AJ,v2,SRB-0006000-001,SERAC,FBXO31,HepG2,WildType,24,10,Pw50,1,3,Low (2-10),GOLGB1;CA14;AMMECR1,23.04.2026
SRB-0005999,,AJ,v2,SRB-0005999-001,SERAC,FBXO31,HepG2,WildType,24,10,Pw50,1,1,Single (1),UBE2B,23.04.2026
SRB-0005998,,AJ,v2,SRB-0005998-001,SERAC,FBXO31,HepG2,WildType,24,10,Pw50,1,0,Silent,,23.04.2026
SRB-0005997,,AJ,v2,SRB-0005997-001,SERAC,FBXO31,HepG2,WildType,24,10,Pw50,1,1,Single (1),GRK3,23.04.2026
SRB-0005996,,AJ,v2,SRB-0005996-001,SERAC,FBXO31,HepG2,WildType,24,10,Pw50,1,1,Single (1),TMTC4,23.04.2026
SRB-0005995,,AJ,v2,SRB-0005995-001,SERAC,FBXO31,HepG2,WildType,24,10,Pw50,1,0,Silent,,23.04.2026
SRB-0005967,,AJ,v2,SRB-0005967-001,SERAC,FBXO31,HepG2,WildType,24,10,Pw50,1,1,Single (1),TJP1,23.04.2026
SRB-0005966,,AJ,v2,SRB-0005966-001,SERAC,FBXO31,HepG2,WildType,24,10,Pw50,1,0,Silent,,23.04.2026
SRB-0005965,,AJ,v2,SRB-0005965-001,SERAC,FBXO31,HepG2,WildType,24,10,Pw50,1,0,Silent,,23.04.2026
SRB-0005964,,AJ,v2,SRB-0005964-001,SERAC,FBXO31,HepG2,WildType,24,10,Pw50,1,1,Single (1),MAP7D3,23.04.2026
SRB-0005963,,AJ,v2,SRB-0005963-001,SERAC,FBXO31,HepG2,WildType,24,10,Pw50,1,2,Low (2-10),CXXC5;COA5,23.04.2026
SRB-0005962,,AJ,v2,SRB-0005962-001,SERAC,FBXO31,HepG2,WildType,24,10,Pw50,1,1,Single (1),AP5M1,23.04.2026
SRB-0005961,,AJ,v2,SRB-0005961-001,SERAC,FBXO31,HepG2,WildType,24,10,Pw50,1,0,Silent,,23.04.2026
SRB-0005960,,AJ,v2,SRB-0005960-001,SERAC,FBXO31,HepG2,WildType,24,10,Pw50,1,1,Single (1),SPP1,23.04.2026
SRB-0005959,,AJ,v2,SRB-0005959-001,SERAC,FBXO31,HepG2,WildType,24,10,Pw50,1,0,Silent,,23.04.2026
SRB-0005958,,AJ,v2,SRB-0005958-001,SERAC,FBXO31,HepG2,WildType,24,10,Pw50,1,1,Single (1),RHBDD3,23.04.2026
SRB-0005957,,AJ,v2,SRB-0005957-001,SERAC,FBXO31,HepG2,WildType,24,10,Pw50,1,21,Medium (11-25),NOL4;CKMT1A;RCC1;RPL35;CRK;NAAA;OS9;DESI1;DCUN1D2;ZFHX4;SLC37A3;PYROXD1;ATXN7L3B;KXD1;CD320;OSTC;FZD4;POLR3K;COQ4;MED31;INSIG2,23.04.2026
SRB-0005956,,AJ,v2,SRB-0005956-001,SERAC,FBXO31,HepG2,WildType,24,10,Pw50,1,1,Single (1),PIK3IP1,23.04.2026
SRB-0005955,,AJ,v2,SRB-0005955-001,SERAC,FBXO31,HepG2,WildType,24,10,Pw50,1,5,Low (2-10),GLOD5;TGFB1;IFFO1;MPLKIP;C1orf112,23.04.2026
SRB-0005954,,AJ,v2,SRB-0005954-001,SERAC,FBXO31,HepG2,WildType,24,10,Pw50,1,2,Low (2-10),LPIN1;DNAJC24,23.04.2026
SRB-0005953,,AJ,v2,SRB-0005953-001,SERAC,FBXO31,HepG2,WildType,24,10,Pw50,1,1,Single (1),RASSF8,23.04.2026
SRB-0005952,,AJ,v2,SRB-0005952-001,SERAC,FBXO31,HepG2,WildType,24,10,Pw50,1,2,Low (2-10),INPP5J;WDTC1,23.04.2026
SRB-0005951,,AJ,v2,SRB-0005951-001,SERAC,FBXO31,HepG2,WildType,24,10,Pw50,1,0,Silent,,23.04.2026
SRB-0005950,,AJ,v2,SRB-0005950-001,SERAC,FBXO31,HepG2,WildType,24,10,Pw50,1,0,Silent,,23.04.2026
SRB-0005949,,AJ,v2,SRB-0005949-001,SERAC,FBXO31,HepG2,WildType,24,10,Pw50,1,2,Low (2-10),PTGR2;PRIMPOL,23.04.2026
SRB-0005948,,AJ,v2,SRB-0005948-001,SERAC,FBXO31,HepG2,WildType,24,10,Pw51,1,0,Silent,,23.04.2026
SRB-0005947,,AJ,v2,SRB-0005947-001,SERAC,FBXO31,HepG2,WildType,24,10,Pw51,1,1,Single (1),GTF2H2C,23.04.2026
SRB-0005946,,AJ,v2,SRB-0005946-001,SERAC,FBXO31,HepG2,WildType,24,10,Pw51,1,0,Silent,,23.04.2026
SRB-0005945,,AJ,v2,SRB-0005945-001,SERAC,FBXO31,HepG2,WildType,24,10,Pw51,1,0,Silent,,23.04.2026
SRB-0005944,,AJ,v2,SRB-0005944-001,SERAC,FBXO31,HepG2,WildType,24,10,Pw51,1,2,Low (2-10),HSPA2;RAB11FIP2,23.04.2026
SRB-0005943,,AJ,v2,SRB-0005943-001,SERAC,FBXO31,HepG2,WildType,24,10,Pw51,1,0,Silent,,23.04.2026
SRB-0005942,,AJ,v2,SRB-0005942-001,SERAC,FBXO31,HepG2,WildType,24,10,Pw51,1,2,Low (2-10),TJP1;SS18L2,23.04.2026
SRB-0005941,,AJ,v2,SRB-0005941-001,SERAC,FBXO31,HepG2,WildType,24,10,Pw51,1,0,Silent,,23.04.2026
SRB-0005940,,AJ,v2,SRB-0005940-001,SERAC,FBXO31,HepG2,WildType,24,10,Pw51,1,1,Single (1),ENTR1,23.04.2026
SRB-0005939,,AJ,v2,SRB-0005939-001,SERAC,FBXO31,HepG2,WildType,24,10,Pw51,1,1,Single (1),CXCL16,23.04.2026
SRB-0005938,,AJ,v2,SRB-0005938-001,SERAC,FBXO31,HepG2,WildType,24,10,Pw51,1,1,Single (1),CEBPG,23.04.2026
SRB-0005937,,AJ,v2,SRB-0005937-001,SERAC,FBXO31,HepG2,WildType,24,10,Pw51,1,0,Silent,,23.04.2026
SRB-0005936,,AJ,v2,SRB-0005936-001,SERAC,FBXO31,HepG2,WildType,24,10,Pw51,1,0,Silent,,23.04.2026
SRB-0005935,,AJ,v2,SRB-0005935-001,SERAC,FBXO31,HepG2,WildType,24,10,Pw51,1,2,Low (2-10),DBNDD1;TMEM184C,23.04.2026
SRB-0005934,,AJ,v2,SRB-0005934-001,SERAC,FBXO31,HepG2,WildType,24,10,Pw51,1,1,Single (1),FBXO38,23.04.2026
SRB-0005933,,AJ,v2,SRB-0005933-001,SERAC,FBXO31,HepG2,WildType,24,10,Pw51,1,3,Low (2-10),PPM1K;STARD4;FEZ2,23.04.2026
SRB-0005932,,AJ,v2,SRB-0005932-001,SERAC,FBXO31,HepG2,WildType,24,10,Pw51,1,3,Low (2-10),EPHB4;KCTD21;RANBP3,23.04.2026
SRB-0005931,,AJ,v2,SRB-0005931-001,SERAC,FBXO31,HepG2,WildType,24,10,Pw51,1,0,Silent,,23.04.2026
SRB-0005919,,AJ,v2,,,,,,,,,,,,,
SRB-0005914,,AJ,v2,SRB-0005914-001,SERAC,FBXO31,HepG2,WildType,24,10,Pw158,1,0,Silent,,19.05.2026
SRB-0005904,,AJ,v2,SRB-0005904-001,SERAC,FBXO31,HepG2,WildType,24,10,Pw93,1,4,Low (2-10),POLR3G;TMSB4X;CERS6;SMIM4,19.05.2026
SRB-0005904,,AJ,v2,SRB-0005904-002,SERAC,FBXO31,HepG2,WildType,24,10,Pw62,1,1,Single (1),CD151,19.05.2026
SRB-0005899,,AJ,v2,SRB-0005899-001,SERAC,FBXO31,HepG2,WildType,24,10,Pw62,1,2,Low (2-10),KBTBD7;ARL8A,19.05.2026
SRB-0005895,,AJ,v2,SRB-0005895-001,SERAC,FBXO31,HepG2,WildType,24,10,Pw51,1,1,Single (1),PANK3,23.04.2026
SRB-0005894,,AJ,v2,SRB-0005894-001,SERAC,FBXO31,HepG2,WildType,24,10,Pw51,1,0,Silent,,23.04.2026
SRB-0005893,,AJ,v2,SRB-0005893-001,SERAC,FBXO31,HepG2,WildType,24,10,Pw51,1,80,High (>25),ESYT2;ESPN;SAP18;HMGN4;TGOLN2;ALDH1A2;ATG12;RTN3;SFT2D2;MT-CO3;KRT6A;HMGN1;HMGN2;PTMA;H1F0;CLTA;CLTB;COL11A1;CEACAM1;BTF3;PTMS;FDXR;EIF4B;MPST;MARCKS;DUT;MAP2K3;HNRNPA3;HMGA2;FXYD2;RHOA;GNG5;ERH;RPL19;SERF2;TSPAN31;TCOF1;UBAP2L;EIF4A2;FKBP8;HABP2;GANAB;NOMO1;HMGN3;USF2;TMEM41B;TMEM128;CRELD2;OTOA;C6orf120;SLC35F6;SREK1IP1;PPHLN1;ZNF417;C18orf32;DDX54;SLC16A10;SLC35F5;SLC39A7;KRT35;LENG1;SLC46A1;HRH4;AAMDC;CERS4;NXT2;WASH6P;SPATS2L;ARGLU1;VAPA;DPM3;LIMA1;ATP5IF1;DBNL;CFAP45;RPL26L1;C19orf53;REXO2;CHTOP;INSIG2,23.04.2026
SRB-0005892,,AJ,v2,SRB-0005892-001,SERAC,FBXO31,HepG2,WildType,24,10,Pw51,1,0,Silent,,23.04.2026
SRB-0005891,,AJ,v2,SRB-0005891-001,SERAC,FBXO31,HepG2,WildType,24,10,Pw51,1,5,Low (2-10),HMGN1;COL4A5;C12orf73;POLR2M;FZD4,23.04.2026
SRB-0005848,,AJ,v2,SRB-0005848-001,SERAC,FBXO31,HepG2,WildType,24,10,Pw64,1,2,Low (2-10),ACVR2A;SMURF1,23.04.2026
SRB-0005847,,AJ,v2,SRB-0005847-001,SERAC,FBXO31,HepG2,WildType,24,10,Pw64,1,10,Low (2-10),GSN;ATP5F1E;ATP5EP2;RPL37;OS9;DCUN1D2;PHYKPL;APBA2;SEMA6A;EPB41L1;HIGD1A,23.04.2026
SRB-0005817,,AJ,v2,SRB-0005817-001,SERAC,FBXO31,HepG2,WildType,24,10,Pw65,1,2,Low (2-10),KPNA5;TRIM22,26.03.2026
SRB-0005816,,AJ,v2,SRB-0005816-001,SERAC,FBXO31,HepG2,WildType,24,10,Pw65,1,2,Low (2-10),ARMCX5;MARVELD3,26.03.2026
SRB-0005804,,AJ,v2,SRB-0005804-001,SERAC,FBXO31,HepG2,WildType,24,10,Pw65,1,3,Low (2-10),HACD1;C1D;GEN1,26.03.2026
SRB-0005763,,AJ,v2,SRB-0005763-001,SERAC,FBXO31,HepG2,WildType,24,10,Pw66,1,0,Silent,,26.03.2026
SRB-0005762,,AJ,v2,SRB-0005762-001,SERAC,FBXO31,HepG2,WildType,24,10,Pw66,1,0,Silent,,26.03.2026
SRB-0005761,,AJ,v2,SRB-0005761-001,SERAC,FBXO31,HepG2,WildType,24,10,Pw66,1,4,Low (2-10),RAB28;EIF4G1;HLA-C;DESI1,26.03.2026
SRB-0005759,,AJ,v2,SRB-0005759-001,SERAC,FBXO31,HepG2,WildType,24,10,Pw66,1,1,Single (1),B4GALT5,26.03.2026
SRB-0005758,,AJ,v2,SRB-0005758-001,SERAC,FBXO31,HepG2,WildType,24,10,Pw66,1,1,Single (1),STAU1,26.03.2026
SRB-0005757,,AJ,v2,SRB-0005757-001,SERAC,FBXO31,HepG2,WildType,24,10,Pw66,1,0,Silent,,26.03.2026
SRB-0005756,,AJ,v2,SRB-0005756-001,SERAC,FBXO31,HepG2,WildType,24,10,Pw66,1,4,Low (2-10),ARSD;TMEM45B;MPHOSPH9;CIDEB,26.03.2026
SRB-0005755,,AJ,v2,SRB-0005755-001,SERAC,FBXO31,HepG2,WildType,24,10,Pw66,1,1,Single (1),SIVA1,26.03.2026
SRB-0005754,,AJ,v2,SRB-0005754-001,SERAC,FBXO31,HepG2,WildType,24,10,Pw66,1,0,Silent,,26.03.2026
SRB-0005751,,AJ,v2,SRB-0005751-001,SERAC,FBXO31,HepG2,WildType,24,10,Pw66,1,1,Single (1),CES2,26.03.2026
SRB-0005750,,AJ,v2,SRB-0005750-001,SERAC,FBXO31,HepG2,WildType,24,10,Pw66,1,0,Silent,,26.03.2026
SRB-0005749,,AJ,v2,SRB-0005749-001,SERAC,FBXO31,HepG2,WildType,24,10,Pw66,1,2,Low (2-10),ORMDL2;CENPP;STAT1,26.03.2026
SRB-0005747,,AJ,v2,SRB-0005747-001,SERAC,FBXO31,HepG2,WildType,24,10,Pw66,1,1,Single (1),SRR,26.03.2026
SRB-0005746,,AJ,v2,SRB-0005746-001,SERAC,FBXO31,HepG2,WildType,24,10,Pw66,1,0,Silent,,26.03.2026
SRB-0005745,,AJ,v2,SRB-0005745-001,SERAC,FBXO31,HepG2,WildType,24,10,Pw67,1,1,Single (1),GFOD2,26.03.2026
SRB-0005744,,AJ,v2,SRB-0005744-001,SERAC,FBXO31,HepG2,WildType,24,10,Pw67,1,0,Silent,,26.03.2026
SRB-0005743,,AJ,v2,SRB-0005743-001,SERAC,FBXO31,HepG2,WildType,24,10,Pw67,1,1,Single (1),MOGAT3,26.03.2026
SRB-0005742,,AJ,v2,SRB-0005742-001,SERAC,FBXO31,HepG2,WildType,24,10,Pw67,1,1,Single (1),NRBP2,26.03.2026
SRB-0005741,,AJ,v2,SRB-0005741-001,SERAC,FBXO31,HepG2,WildType,24,10,Pw67,1,1,Single (1),PGGHG,26.03.2026
SRB-0005739,,AJ,v2,SRB-0005739-001,SERAC,FBXO31,HepG2,WildType,24,10,Pw67,1,1,Single (1),TRIM37,26.03.2026
SRB-0005738,,AJ,v2,SRB-0005738-001,SERAC,FBXO31,HepG2,WildType,24,10,Pw67,1,0,Silent,,26.03.2026
SRB-0005737,,AJ,v2,SRB-0005737-001,SERAC,FBXO31,HepG2,WildType,24,10,Pw67,1,1,Single (1),PIGX,26.03.2026
SRB-0005736,,AJ,v2,SRB-0005736-001,SERAC,FBXO31,HepG2,WildType,24,10,Pw67,1,0,Silent,,26.03.2026
SRB-0005735,,AJ,v2,SRB-0005735-001,SERAC,FBXO31,HepG2,WildType,24,10,Pw67,1,3,Low (2-10),ZNF639;EPDR1;COQ4;HEBP1,26.03.2026
SRB-0005734,,AJ,v2,SRB-0005734-001,SERAC,FBXO31,HepG2,WildType,24,10,Pw67,1,3,Low (2-10),ARHGAP10;MPZ;BAIAP2L2,26.03.2026
SRB-0005733,,AJ,v2,SRB-0005733-001,SERAC,FBXO31,HepG2,WildType,24,10,Pw67,1,2,Low (2-10),FRK;HEBP1,26.03.2026
SRB-0005732,,AJ,v2,SRB-0005732-001,SERAC,FBXO31,HepG2,WildType,24,10,Pw67,1,0,Silent,,26.03.2026
SRB-0005731,,AJ,v2,SRB-0005731-001,SERAC,FBXO31,HepG2,WildType,24,10,Pw67,1,3,Low (2-10),MYC;APOH;DGKK,26.03.2026
SRB-0005730,,AJ,v2,SRB-0005730-001,SERAC,FBXO31,HepG2,WildType,24,10,Pw67,1,0,Silent,,26.03.2026
SRB-0005729,,AJ,v2,SRB-0005729-001,SERAC,FBXO31,HepG2,WildType,24,10,Pw67,1,0,Silent,,26.03.2026
SRB-0005728,,AJ,v2,SRB-0005728-001,SERAC,FBXO31,HepG2,WildType,24,10,Pw67,1,0,Silent,,26.03.2026
SRB-0005727,,AJ,v2,SRB-0005727-001,SERAC,FBXO31,HepG2,WildType,24,10,Pw67,1,0,Silent,,26.03.2026
SRB-0005713,,AJ,v2,,,,,,,,,,,,,
SRB-0005709,,AJ,v2,SRB-0005709-001,SERAC,FBXO31,HepG2,WildType,24,10,Pw67,1,1,Single (1),BTN3A3,26.03.2026
SRB-0005395,,AJ,v2,,,,,,,,,,,,,
SRB-0005381,,AJ,v2,,,,,,,,,,,,,
SRB-0005380,,AJ,v2,,,,,,,,,,,,,
SRB-0005379,,AJ,v2,,,,,,,,,,,,,
SRB-0005378,,AJ,v2,SRB-0005378-001,SERAC,FBXO31,HepG2,WildType,24,10,Pw141,1,0,Silent,,19.05.2026
SRB-0005377,,AJ,v2,,,,,,,,,,,,,
SRB-0005376,,AJ,v2,,,,,,,,,,,,,
SRB-0005375,,AJ,v2,,,,,,,,,,,,,
SRB-0005374,,AJ,v2,,,,,,,,,,,,,
SRB-0005373,,AJ,v2,SRB-0005373-001,SERAC,FBXO31,HepG2,WildType,24,10,Pw139,1,1,Single (1),ZFP64,19.05.2026
SRB-0005372,,AJ,v2,,,,,,,,,,,,,
SRB-0005371,,AJ,v2,,,,,,,,,,,,,
SRB-0005370,,AJ,v2,SRB-0005370-001,SERAC,FBXO31,HepG2,WildType,24,10,Pw104,1,16,Medium (11-25),PEX12;DNAJB6;SOAT2;ETV3;ELAVL2;TMEM97;N4BP2L1;ZNF691;CHST3;SKA2;TMBIM1;RBM18;SLC17A9;DBNDD1;ZFP64;TUBD1,19.05.2026
SRB-0005369,,AJ,v2,,,,,,,,,,,,,
SRB-0005368,,AJ,v2,SRB-0005368-001,SERAC,FBXO31,HepG2,WildType,24,10,Pw120,1,1,Single (1),HNRNPC,19.05.2026
SRB-0005367,,AJ,v2,,,,,,,,,,,,,
SRB-0005366,,AJ,v2,,,,,,,,,,,,,
SRB-0005365,,AJ,v2,,,,,,,,,,,,,
SRB-0005364,,AJ,v2,,,,,,,,,,,,,
SRB-0005363,,AJ,v2,SRB-0005363-001,SERAC,FBXO31,HepG2,WildType,24,10,Pw83,1,0,Silent,,19.05.2026
SRB-0005363,,AJ,v2,SRB-0005363-002,SERAC,FBXO31,HepG2,WildType,24,10,Pw94,1,1,Single (1),STAT3,19.05.2026
SRB-0005362,,AJ,v2,SRB-0005362-001,SERAC,FBXO31,HepG2,WildType,24,10,Pw88,1,1,Single (1),TMEM242,19.05.2026
SRB-0005361,,AJ,v2,,,,,,,,,,,,,
SRB-0005360,,AJ,v2,,,,,,,,,,,,,
SRB-0005359,,AJ,v2,SRB-0005359-001,SERAC,FBXO31,HepG2,WildType,24,10,Pw116,1,6,Low (2-10),CYP1A1;TRIM14;PCGF3;C20orf194;CRTC1;TSPYL2,19.05.2026
SRB-0005358,,AJ,v2,SRB-0005358-001,SERAC,FBXO31,HepG2,WildType,24,10,Pw104,1,10,Low (2-10),ITGB1BP1;PRPF40A;SPP2;C5orf22;SLC51A;TWSG1;FNIP2;CIDEB;NAT8;B3GNT3,19.05.2026
SRB-0005324,,AJ,v2,SRB-0005324-001,SERAC,FBXO31,HepG2,WildType,24,10,Pw118,1,3,Low (2-10),GAS2L3;UVRAG;ZNF639,19.05.2026
SRB-0005320,,AJ,v2,,,,,,,,,,,,,
SRB-0005319,,AJ,v2,SRB-0005319-001,SERAC,FBXO31,HepG2,WildType,24,10,Pw158,1,20,Medium (11-25),DDX11L8;PER2;CYBA;PSMB5;GCHFR;QPRT;ZRANB3;SDHAF4;B3GNTL1;MFSD8;LRRC8C;ALG3;HPS1;MFSD3;PIGM;BRMS1;TMEM161A;FBXL17;LIPT1;RFNG,19.05.2026
SRB-0005319,,AJ,v2,SRB-0005319-002,SERAC,FBXO31,HepG2,WildType,24,10,Pw99,1,3,Low (2-10),CYP1A1;SAA4;ZSCAN29,19.05.2026
SRB-0005318,,AJ,v2,,,,,,,,,,,,,
SRB-0005317,,AJ,v2,,,,,,,,,,,,,
SRB-0005316,,AJ,v2,,,,,,,,,,,,,
SRB-0005315,,AJ,v2,SRB-0005315-001,SERAC,FBXO31,HepG2,WildType,24,10,Pw141,1,0,Silent,,19.05.2026
SRB-0005315,,AJ,v2,,,,,,,,,,,,,
SRB-0005314,,AJ,v2,SRB-0005314-001,SERAC,FBXO31,HepG2,WildType,24,10,Pw152,1,112,High (>25),TMEM129;MAP1LC3B2;MAP1LC3B;CCDC69;HACD1;EIF1AY;TSPAN4;GYG2;ADCY6;KRT86;TRIM13;TMEM127;E2F6;STK16;DXO;MT-CO3;MT-ND4;F7;ABHD2;TRAPPC2;TRAPPC2;TRAPPC2B;EEF1AKMT4;DGKA;GCH1;GATA4;PLTP;MFAP3;AFDN;TMEM33;FBXW4;SESN2;DAD1;SNRPE;KRT17;ARHGEF5;QPRT;AP5B1;ADCK5;MPV17L2;TMEM128;DALRD3;MEST;SLC25A30;IDNK;MFSD5;PPP4R4;UQCC3;ANGPTL8;SLC35D2;LYSMD3;PXK;MON1A;HOGA1;CBWD2;TRAPPC5;AMN1;TRIM22;CCNQ;PNKD;CERS5;FAM57A;SLC35F5;SMIM4;PALLD;ACOT11;GTF2H4;EDA;NEIL2;SLC35C1;MCUR1;ISG20;APH1A;ORAI1;MFSD3;BORCS8;MED30;TMEM101;C7orf26;DIRC2;IMMP2L;AGPAT1;FAM173A;TINF2;PAXX;G6PC3;DERL1;EFHD1;TMEM147;DERL2;CYSTM1;SLC25A32;MFSD1;SMDT1;ELOVL6;ASB7;OPA3;ZNF430;RNF121;SMURF2;C19orf12;PLEKHJ1;PDP2;KLHL42;DPM3;PEMT;TNFRSF10D;CLN8;UQCR10;APOBEC3B;ANGEL1;SATB2;NIP7;BCS1L;PLLP,19.05.2026
SRB-0005313,,AJ,v2,,,,,,,,,,,,,
SRB-0005312,,AJ,v2,,,,,,,,,,,,,
SRB-0005311,,AJ,v2,,,,,,,,,,,,,
SRB-0005311,,AJ,v2,,,,,,,,,,,,,
SRB-0005310,,AJ,v2,,,,,,,,,,,,,
SRB-0005309,,AJ,v2,,,,,,,,,,,,,
SRB-0005308,,AJ,v2,,,,,,,,,,,,,
SRB-0005307,,AJ,v2,SRB-0005307-001,SERAC,FBXO31,HepG2,WildType,24,10,Pw141,1,0,Silent,,19.05.2026
SRB-0005306,,AJ,v2,,,,,,,,,,,,,
SRB-0005305,,AJ,v2,,,,,,,,,,,,,
SRB-0005304,,AJ,v2,,,,,,,,,,,,,
SRB-0005237,,AJ,v2,,,,,,,,,,,,,
SRB-0005235,,AJ,v2,,,,,,,,,,,,,
SRB-0005016,,AJ,v2,,,,,,,,,,,,,
SRB-0005015,,AJ,v2,,,,,,,,,,,,,
SRB-0003731,,AJ,v2,,,,,,,,,,,,,
SRB-0003553,,AJ,v2,,,,,,,,,,,,,
SRB-0003552,,AJ,v2,,,,,,,,,,,,,
SRB-0003550,,AJ,v2,,,,,,,,,,,,,
SRB-0003547,,AJ,v2,SRB-0003547-001,SERAC,FBXO31,HepG2,WildType,24,10,Pw97,1,3,Low (2-10),ZNF12;DNAJC21;METTL2B,19.05.2026
SRB-0003545,,AJ,v2,SRB-0003545-001,SERAC,FBXO31,HepG2,WildType,24,10,Pw115,1,3,Low (2-10),AP1B1;E2F5;TP53INP2,19.05.2026
SRB-0003541,,AJ,v2,,,,,,,,,,,,,
SRB-0003540,,AJ,v2,,,,,,,,,,,,,
SRB-0003539,,AJ,v2,SRB-0003539-001,SERAC,FBXO31,HepG2,WildType,24,10,Pw100,1,7,Low (2-10),HACD1;STARD3;FUT11;PNKD;MARVELD3;R3HDM4;SLC2A8,19.05.2026
SRB-0003538,,AJ,v2,,,,,,,,,,,,,
SRB-0003536,,AJ,v2,,,,,,,,,,,,,
SRB-0003533,,AJ,v2,,,,,,,,,,,,,
SRB-0003532,,AJ,v2,SRB-0003532-001,SERAC,FBXO31,HepG2,WildType,24,10,Pw95,1,0,Silent,,19.05.2026
SRB-0003531,,AJ,v2,,,,,,,,,,,,,
SRB-0003530,,AJ,v2,,,,,,,,,,,,,
SRB-0003512,,AJ,v2,SRB-0003512-001,SERAC,FBXO31,HepG2,WildType,24,10,Pw158,1,0,Silent,,19.05.2026
SRB-0003510,,AJ,v2,SRB-0003510-001,SERAC,FBXO31,HepG2,WildType,24,10,Pw158,1,1,Single (1),RNF146,19.05.2026
SRB-0003508,,AJ,v2,,,,,,,,,,,,,
SRB-0003507,,AJ,v2,SRB-0003507-001,SERAC,FBXO31,HepG2,WildType,24,10,Pw84,1,4,Low (2-10),VWCE;C1QTNF3;GPCPD1;SERPINA10,19.05.2026
SRB-0003504,,AJ,v2,,,,,,,,,,,,,
SRB-0003503,,AJ,v2,,,,,,,,,,,,,
SRB-0003496,,AJ,v2,,,,,,,,,,,,,
SRB-0003495,,AJ,v2,,,,,,,,,,,,,
SRB-0003491,,AJ,v2,,,,,,,,,,,,,
SRB-0003486,,AJ,v2,,,,,,,,,,,,,
SRB-0003482,,AJ,v2,,,,,,,,,,,,,
SRB-0003481,,AJ,v2,,,,,,,,,,,,,
SRB-0003480,,AJ,v2,,,,,,,,,,,,,
SRB-0003479,,AJ,v2,SRB-0003479-001,SERAC,FBXO31,HepG2,WildType,24,10,Pw157,1,2,Low (2-10),TRIM13;NET1,19.05.2026
SRB-0003478,,AJ,v2,SRB-0003478-001,SERAC,FBXO31,HepG2,WildType,24,10,Pw103,1,0,Silent,,19.05.2026
SRB-0003477,,AJ,v2,SRB-0003477-001,SERAC,FBXO31,HepG2,WildType,24,10,Pw86,1,1,Single (1),IFT20,19.05.2026
SRB-0003476,,AJ,v2,SRB-0003476-001,SERAC,FBXO31,HepG2,WildType,24,10,Pw97,1,7,Low (2-10),CLTA;CD58;S100A4;GCHFR;MFAP3;KMT5B;CCNQ,19.05.2026
SRB-0003475,,AJ,v2,,,,,,,,,,,,,
SRB-0003474,,AJ,v2,SRB-0003474-001,SERAC,FBXO31,HepG2,WildType,24,10,Pw159,1,0,Silent,,19.05.2026
SRB-0003473,,AJ,v2,SRB-0003473-001,SERAC,FBXO31,HepG2,WildType,24,10,Pw99,1,319,High (>25),FXYD1;EEF2K;AGRN;SCD;PLPP1;ITGB1BP1;APOL1;PHYH;ZBTB5;UBD;GSTA4;LAMA5;SIVA1;SOX12;PJA2;COCH;OIP5;SSNA1;BNIP3L;PHLPP1;FADS1;CTSV;LRP4;OBSL1;KDM4A;LRP5;SMIM24;BCAS1;LGR5;SLC22A5;USP1;KDM4B;NPTXR;SLC2A10;PPP1R3D;FADS2;DHFR;CP;HPR;F12;SERPINA1;AGT;A2M;C3;CST3;APOA1;FGA;APOH;FN1;AMBP;AHSG;TTR;ALB;AFP;LCAT;GAPDH;TP53;MT1F;ARG1;HMGN1;GJB1;SERPINA6;HMOX1;POLR1D;LIPC;SLC2A2;MBL2;FGFR1;CYP19A1;SKI;MT1G;NID1;IL1R1;ZNF12;PAM;BTF3;EFNA1;NF1;EPHA1;FGFR2;ERBB3;FGFR4;FGFR3;IL32;CCND1;CCNE1;MPZ;ACVR2A;LOX;SMARCA1;PCSK6;SERPINA4;PPP2R1B;CDC25B;HLA-C;PRKAR1B;HPD;DUT;SDC2;ADD2;SERPINF1;ETFB;IL6ST;SLC1A2;IREB2;CEBPA;DNA2;AFF1;AKR1D1;SLC7A2;NDST1;DAPK1;TTC3;MFAP3;LAMB2;DLX6;KLF3;HIST1H4A;CX3CL1;SERF2;SP3;NUCB1;HHEX;AES;TMEM94;HYAL1;DPYD;TRIM26;BNIP3;DHRS2;PTPRS;DYNC1I2;ORC1;EIF4EBP2;PMS2P11;NCOA4;HNRNPD;VGLL4;NEDD9;ZNF268;CBX2;PCLAF;TNIP1;SNX17;SLC39A14;DIXDC1;MSMO1;MAPK14;HIF1A;CA9;PCK2;TMEM132A;RFX7;SLC5A9;KMT5B;GREB1;PDCD4;DGKK;ATXN7L2;GORAB;TSTD2;OBSCN;CD276;SP5;VASN;RHBDD2;PSRC1;APOA5;FAM111B;ATF7IP;ZNF813;FRRS1;CREB3L2;HIST2H3A;CXXC5;CHST15;TTC21B;ZER1;MEGF8;SERPINA11;LDB1;SAPCD2;OAF;RTN4RL2;LAPTM4B;LRP11;COA5;ZNF761;FRAS1;RAB11FIP4;SLC13A5;KLB;IGDCC3;ADGRA3;SMYD4;CHPF;ZDHHC14;ZNF444;SVBP;FGFRL1;BPIFB2;ARHGEF39;PTGR2;ANKS4B;PCSK9;CHST14;CHST13;MFSD8;PATJ;ZNF563;VANGL1;DQX1;RNF128;CEP192;USP33;PAQR8;TNFAIP8L1;KBTBD7;IFT81;ZCCHC14;FAM168A;EDEM1;APPBP2;SORL1;NRGN;PTPRU;JARID2;NEO1;PMM1;RILPL2;ADIPOR1;TMEM45B;SARAF;ZBTB9;RMI2;PIK3IP1;CEP95;LRIG1;MAGED4;PRAP1;DCBLD2;FAM193B;CITED2;CLSTN3;MXRA8;LZTS2;PRADC1;SARG;BRIP1;BBS2;AMN;DGCR6L;UBL5;FAM117A;ZCCHC2;TTYH3;PAIP1;CDT1;ABCG8;MIXL1;TXNIP;KDM4C;SEMA6B;PPDPF;LIME1;TUBB1;FBXO44;C1orf115;MAGEF1;ZNF286A;CELSR2;MID1IP1;IFT46;ITM2C;ARHGEF3;IL17RB;APOBEC3C;HELLS;TOPORS;TNFRSF19;TM7SF3;ZDHHC18;PCMTD2;ASF1B;TMEM51;ANKRD10;ETAA1;MTMR4;STMN3;C1RL;CRIPT;PLEKHB1;IFT172;KDM5B;CIDEB;DCDC2;PCSK1N;SLC23A1;NARF;MUTYH;TSR3;ZNF580;FBXO9;AKAP11;AMFR;FZD4;USP18;ST3GAL6;ITM2B;BTRC;PKIG;SSX2IP;MYRF;KLHDC2;TMEM98;COQ4;MMACHC;PHLDA3;MAGED1,19.05.2026
SRB-0003471,,AJ,v2,,,,,,,,,,,,,
SRB-0003470,,AJ,v2,,,,,,,,,,,,,
SRB-0003469,,AJ,v2,SRB-0003469-001,SERAC,FBXO31,HepG2,WildType,24,10,Pw103,1,3,Low (2-10),CELF2;WDSUB1;TTN,19.05.2026
SRB-0003468,,AJ,v2,,,,,,,,,,,,,
SRB-0003467,,AJ,v2,,,,,,,,,,,,,
SRB-0003466,,AJ,v2,SRB-0003466-001,SERAC,FBXO31,HepG2,WildType,24,10,Pw157,1,272,High (>25),CASTOR2;LIPT2;FOXN3;EEF2K;SCD;PLPP1;DPYSL4;NDC80;APOL1;PHYH;AGPAT2;UBD;FANCG;SIVA1;PJA2;BNIP3L;PHLPP1;FADS1;JAK2;LRP4;ZBED4;OBSL1;NPHP4;KDM4A;LRP5;LGR5;USP1;KDM4B;CLSTN1;NPTXR;SLC2A10;PPP1R3D;CLIC3;TSPAN13;FADS2;CP;F12;SERPINA1;FN1;RBP4;AHSG;ALB;AFP;LCAT;ARG1;HPN;GJB1;SERPINA6;GUSB;HMOX1;PTPRF;CYP19A1;BMP4;SKI;EFNA1;NF1;EPHA1;FGFR3;PTPRD;LOX;SMARCA1;GRN;PCSK6;CDC25B;CDC25C;DUT;HNF1B;KDM5C;HAL;LIFR;SLC1A2;GRK6;CEBPA;TNFSF10;DNA2;BRCA2;SLC7A2;DAPK1;MFAP3;LAMB2;DLX6;PHC1;CX3CL1;EFNB1;NUCB1;HHEX;ATP7A;COL16A1;DDR1;ABHD18;HYAL1;DPYD;TRIM26;BNIP3;MAP3K1;DHRS2;PTPRS;EIF4EBP2;NCOA4;VGLL4;NEDD9;CBX2;PCLAF;SNX17;NR6A1;DIXDC1;MAPK14;CA9;DUSP6;PFKFB3;TMEM132A;RFX7;C2orf68;BBS9;CRY2;GREB1;PDCD4;ESCO2;DGKK;LDLRAD1;TSTD2;SP5;VASN;ISM2;ZNF770;PSRC1;LCN15;ATF7IP;SLC39A5;AATK;DENND5B;CREB3L2;CEP68;CHST15;TTC21B;ZER1;MEGF8;TRPT1;SERPINA11;SAPCD2;RTN4RL2;LRP11;TTC30A;COA5;CHSY1;FRAS1;KLB;IGDCC3;KBTBD2;CMTR2;ZNF444;SIX5;REXO1;ZNF664;BEND7;ZNF579;PCSK9;CHST13;TTC8;SPPL2B;DQX1;RNF128;USP33;GDPD5;PYROXD1;STYX;TNFAIP8L1;FAM168A;APPBP2;SORL1;PTPRU;JARID2;NEO1;PMM1;ADIPOR1;ZNF428;NACC2;ALKBH8;MOB3A;SARAF;RUNDC1;LRRC58;RMI2;THAP11;IL17RA;SLC47A1;EEF2KMT;SNF8;LRIG1;MAGED4;SPATA13;C8orf37;SMIM14;LYSMD1;PLEKHF1;MTR;ATF6B;CITED2;PAIP2;CCDC77;MXRA8;LIMD2;CENPO;BTBD2;LGR4;KDM5D;IFIH1;TRIM5;SETD5;TTYH3;SENP6;PEG3;AP5M1;CDT1;ALDH8A1;MIXL1;TXNIP;KDM4C;SEMA6B;PPDPF;SAV1;BICC1;KAT14;MAGEF1;PLEKHA2;IFT122;TNS1;ETNK1;NEK6;CELSR2;CD320;ZNF331;ITM2C;IL17RB;DUSP22;HELLS;TOPORS;DEPP1;BLOC1S4;PCMTD2;FANCL;TMEM51;ANKRD10;MTMR4;CRIPT;KLHL9;IMPACT;ONECUT1;CNOT8;NIPSNAP3A;IFT172;KDM5B;SEPT9;DCDC2;NARF;MUTYH;FBXO9;AKAP11;DNAJC12;CASP8AP2;AMFR;FZD4;RABL2B;MYRF;KLHDC2;COQ4;MMACHC;LRRC42;MAGED1;SNX10;MRFAP1;RFNG,19.05.2026
SRB-0003465,,AJ,v2,,,,,,,,,,,,,
SRB-0003464,,AJ,v2,,,,,,,,,,,,,
SRB-0003463,,AJ,v2,SRB-0003463-001,SERAC,FBXO31,HepG2,WildType,24,10,Pw99,1,2,Low (2-10),PHF1;C1orf43,19.05.2026
SRB-0003462,,AJ,v2,SRB-0003462-001,SERAC,FBXO31,HepG2,WildType,24,10,Pw84,1,13,Medium (11-25),LEPROT;ARG1;BRWD3;PEG10;TET1;ELP5;LRRC58;PIK3IP1;CALML4;TRIOBP;TNS1;CIDEB;LIPT1,19.05.2026
SRB-0003461,,AJ,v2,,,,,,,,,,,,,
SRB-0003460,,AJ,v2,,,,,,,,,,,,,
SRB-0003459,,AJ,v2,,,,,,,,,,,,,
SRB-0003458,,AJ,v2,,,,,,,,,,,,,
SRB-0003456,,AJ,v2,,,,,,,,,,,,,
SRB-0003443,,AJ,v2,,,,,,,,,,,,,
SRB-0003442,,AJ,v2,,,,,,,,,,,,,
SRB-0003315,,AJ,v2,SRB-0003315-001,SERAC,FBXO31,HepG2,WildType,24,10,Pw97,1,6,Low (2-10),ABCB11;PML;NUP35;ZBTB9;PRADC1;GNPTG,19.05.2026
SRB-0003314,,AJ,v2,SRB-0003314-001,SERAC,FBXO31,HepG2,WildType,24,10,Pw104,1,4,Low (2-10),ATG12;TTC21A;C8orf37;GAL3ST2,19.05.2026
SRB-0003312,,AJ,v2,SRB-0003312-001,SERAC,FBXO31,HepG2,WildType,24,10,Pw103,1,1,Single (1),TIMM17A,19.05.2026
SRB-0003311,,AJ,v2,,,,,,,,,,,,,
SRB-0003310,,AJ,v2,SRB-0003310-001,SERAC,FBXO31,HepG2,WildType,24,10,Pw97,1,10,Low (2-10),EPM2A;PFN2;SLC6A9;UNC50;FIGN;PEG10;LIN37;PAIP2;CCDC77;STN1,19.05.2026
SRB-0003309,,AJ,v2,SRB-0003309-001,SERAC,FBXO31,HepG2,WildType,24,10,Pw85,1,1,Single (1),BAK1,19.05.2026
SRB-0003308,,AJ,v2,,,,,,,,,,,,,
SRB-0003307,,AJ,v2,,,,,,,,,,,,,
SRB-0003306,,AJ,v2,,,,,,,,,,,,,
SRB-0003305,,AJ,v2,,,,,,,,,,,,,
SRB-0003304,,AJ,v2,SRB-0003304-001,SERAC,FBXO31,HepG2,WildType,24,10,Pw157,1,31,High (>25),POLR3G;ATP8B1;BCL2L11;GNG7;ALDH1A2;SORBS2;DUSP14;GOT2;MBP;TFRC;DPEP1;GOT1;GALNS;COMP;EXOSC9;PDIA2;HABP2;HNF4G;RABGAP1L;SLC39A5;DPY19L4;DOLPP1;NPW;R3HDM4;TMEM141;SIKE1;CCDC32;TMEM39B;LRMDA;TMEM38B;GGT7,19.05.2026
SRB-0003303,,AJ,v2,,,,,,,,,,,,,
SRB-0003302,,AJ,v2,SRB-0003302-001,SERAC,FBXO31,HepG2,WildType,24,10,Pw98,1,2,Low (2-10),CD74;SELENOH,19.05.2026
SRB-0003301,,AJ,v2,SRB-0003301-001,SERAC,FBXO31,HepG2,WildType,24,10,Pw83,1,0,Silent,,19.05.2026
SRB-0003300,,AJ,v2,,,,,,,,,,,,,
SRB-0003299,,AJ,v2,,,,,,,,,,,,,
SRB-0003298,,AJ,v2,SRB-0003298-001,SERAC,FBXO31,HepG2,WildType,24,10,Pw98,1,2,Low (2-10),ZRSR2P1;ZRSR2;FAM126A,19.05.2026
SRB-0003297,,AJ,v2,SRB-0003297-001,SERAC,FBXO31,HepG2,WildType,24,10,Pw97,1,1,Single (1),CFAP74,19.05.2026
SRB-0003296,,AJ,v2,,,,,,,,,,,,,
SRB-0003295,,AJ,v2,,,,,,,,,,,,,
SRB-0003294,,AJ,v2,SRB-0003294-001,SERAC,FBXO31,HepG2,WildType,24,10,Pw77,1,2,Low (2-10),CYP1A1;LHFPL2,13.04.2026
SRB-0003293,,AJ,v2,,,,,,,,,,,,,
SRB-0003292,,AJ,v2,SRB-0003292-001,SERAC,FBXO31,HepG2,WildType,24,10,Pw84,1,3,Low (2-10),IGFBP5;ZNF691;OPA3,19.05.2026
SRB-0003291,,AJ,v2,,,,,,,,,,,,,
SRB-0003290,,AJ,v2,,,,,,,,,,,,,
SRB-0003289,,AJ,v2,,,,,,,,,,,,,
SRB-0003288,,AJ,v2,,,,,,,,,,,,,
SRB-0003287,,AJ,v2,SRB-0003287-001,SERAC,FBXO31,HepG2,WildType,24,10,Pw101,1,0,Silent,,19.05.2026
SRB-0003286,,AJ,v2,,,,,,,,,,,,,
SRB-0003285,,AJ,v2,SRB-0003285-001,SERAC,FBXO31,HepG2,WildType,24,10,Pw84,1,2,Low (2-10),MYO1C;E2F3,19.05.2026
SRB-0003284,,AJ,v2,SRB-0003284-001,SERAC,FBXO31,HepG2,WildType,24,10,Pw104,1,2,Low (2-10),SLC25A30;PMS2CL,19.05.2026
SRB-0003283,,AJ,v2,,,,,,,,,,,,,
SRB-0003282,,AJ,v2,,,,,,,,,,,,,
SRB-0003281,,AJ,v2,SRB-0003281-001,SERAC,FBXO31,HepG2,WildType,24,10,Pw157,1,1,Single (1),MED31,19.05.2026
SRB-0003280,,AJ,v2,,,,,,,,,,,,,
SRB-0003275,,AJ,v2,,,,,,,,,,,,,
SRB-0003274,,AJ,v2,,,,,,,,,,,,,
SRB-0003273,,AJ,v2,,,,,,,,,,,,,
SRB-0003272,,AJ,v2,SRB-0003272-001,SERAC,FBXO31,HepG2,WildType,24,10,Pw94,1,15,Medium (11-25),BNIP3L;PIP5K1C;HPR;NMB;BNIP3;SLC30A10;MAPKAPK5;ACBD7;PCSK9;ZBTB34;CINP;TXNIP;ZC4H2;SS18L2;WASF3,19.05.2026
SRB-0003271,,AJ,v2,SRB-0003271-001,SERAC,FBXO31,HepG2,WildType,24,10,Pw159,1,2,Low (2-10),SDHD;MIOX,19.05.2026
SRB-0003270,,AJ,v2,,,,,,,,,,,,,
SRB-0003268,,AJ,v2,SRB-0003268-001,SERAC,FBXO31,HepG2,WildType,24,10,Pw158,1,1,Single (1),PTMS,19.05.2026
SRB-0003267,,AJ,v2,,,,,,,,,,,,,
SRB-0003265,,AJ,v2,SRB-0003265-001,SERAC,FBXO31,HepG2,WildType,24,10,Pw99,1,17,Medium (11-25),DNM1L;ZBTB43;GBA;SERPING1;TPM3;TFPI;YBEY;ZNF460;PCGF3;AVPI1;C6orf120;FGFRL1;NACC2;ATXN7L3B;CRBN;RANBP3;OSTC,19.05.2026
SRB-0003264,,AJ,v2,,,,,,,,,,,,,
SRB-0003263,,AJ,v2,,,,,,,,,,,,,
SRB-0003262,,AJ,v2,,,,,,,,,,,,,
SRB-0003261,,AJ,v2,,,,,,,,,,,,,
SRB-0003260,,AJ,v2,,,,,,,,,,,,,
SRB-0003259,,AJ,v2,,,,,,,,,,,,,
SRB-0003258,,AJ,v2,,,,,,,,,,,,,
SRB-0003250,,AJ,v2,,,,,,,,,,,,,
SRB-0003210,,AJ,v2,SRB-0003210-001,BMS,FBXO31,HepG2,WildType,24,10,Plate14,1,3,Low (2-10),FHL2;TK2;ACTB,31.07.2025
SRB-0003206,,AJ,v2,SRB-0003206-001,BMS,FBXO31,HepG2,WildType,24,10,Plate13,1,50,High (>25),PHF8;PROS1;SERPINA3;NR2F1;RBM15B;H2BC12;TTR;SMOC1;PET117;ALDOC;TUBE1;RYBP;PFKFB4;EBAG9;CCN2;PCK1;CETN2;FHIT;FCSK;FASTKD3;N4BP2;ALKBH6;FREM1;GRTP1;SLCO4C1;ARG1;HAL;LRRC3;EFNA1;SDCCAG8;LOX;MAST4;PLEKHA2;PCSK9;CFB;IGFBP1;DEPDC5;DAP;RPS15;CTBS;F7;CFLAR;ANG;GNG7;SYS1;RINL;TMED2;CA9;BMI1;RCBTB1,31.07.2025
SRB-0003206,,AJ,v2,,,,,,,,,,,,,
SRB-0003201,,AJ,v2,,,,,,,,,,,,,
SRB-0003200,,AJ,v2,SRB-0003200-001,SERAC,FBXO31,HepG2,WildType,24,10,Pw85,1,3,Low (2-10),RPS6KA5;ADGB;ING1,19.05.2026
SRB-0003199,,AJ,v2,,,,,,,,,,,,,
SRB-0003153,,AJ,v2,SRB-0003153-001,BMS,FBXO31,HepG2,WildType,24,10,Plate11,1,18,Medium (11-25),MRPL21;MTIF2;SDHAF3;ZNFX1;MTRF1;WDFY3;CSRP2;NDUFAF2;C17orf80;ASB6;LIX1L;SUPT7L;ANXA9;SMIM11;ZNF443;MSRB2;TMEM256;FDX1,31.07.2025
SRB-0003152,,AJ,v2,SRB-0003152-001,BMS,FBXO31,HepG2,WildType,24,10,Plate10,1,5,Low (2-10),UBTD2;STEEP1;FBXO4;MEF2D;SEC61G,31.07.2025
SRB-0003145,,AJ,v2,,,,,,,,,,,,,
SRB-0003144,,AJ,v2,SRB-0003144-001,SERAC,FBXO31,HepG2,WildType,24,10,Pw85,1,3,Low (2-10),SLC16A6;CAAP1;RNF14,19.05.2026
SRB-0003141,,AJ,v2,,,,,,,,,,,,,
SRB-0003140,,AJ,v2,,,,,,,,,,,,,
SRB-0003139,,AJ,v2,,,,,,,,,,,,,
SRB-0003138,,AJ,v2,,,,,,,,,,,,,
SRB-0003132,,AJ,v2,SRB-0003132-001,SERAC,FBXO31,HepG2,WildType,24,10,Plate47_Pw3,1,1,Single (1),KDM1B,15.07.2025
SRB-0003099,,AJ,v2,,,,,,,,,,,,,
SRB-0003098,,AJ,v2,SRB-0003098-001,BMS,FBXO31,HepG2,WildType,24,10,Plate12,1,7,Low (2-10),ARID4A;TMEM41B;PPCDC;COPS9;RNF10;KCTD2;H3-3A,31.07.2025
SRB-0003089,,AJ,v2,SRB-0003089-001,SERAC,FBXO31,HepG2,WildType,24,10,Pw43,1,3,Low (2-10),PTPRE;HNRNPU;KDM1B,16.04.2026
SRB-0003089,,AJ,v2,SRB-0003089-001,BMS,FBXO31,HepG2,WildType,24,10,Plate13,1,14,Medium (11-25),BDH1;PIAS1;PHYHD1;CDKN1B;IGFBP1;EFNA1;TLE5;SBF2;R3HDM4;PALM3;MINDY1;KDM1B;NUDT12;SNX24,31.07.2025
SRB-0003088,,AJ,v2,SRB-0003088-001,SERAC,FBXO31,HepG2,WildType,24,10,Plate77_Pw12,1,7,Low (2-10),OXR1;KDM1B;THAP3;CCDC102A;FIZ1;ZNF649;ABCD2,22.09.2025
SRB-0003083,,AJ,v2,SRB-0003083-001,BMS,FBXO31,HepG2,WildType,24,10,Plate12,1,7,Low (2-10),FCSK;ARL6IP6;TMEM102;FRA10AC1;UROS;ATG14;H3-3A,31.07.2025
SRB-0003082,,AJ,v2,SRB-0003082-001,BMS,FBXO31,HepG2,WildType,24,10,Plate12,1,9,Low (2-10),GOLPH3L;GNAI1;DUSP19;TMEM14C;IQANK1;KCMF1;ZNF428;COPS9;TBC1D12,31.07.2025
SRB-0003081,,AJ,v2,SRB-0003081-001,SERAC,FBXO31,HepG2,WildType,24,10,Pw39,1,2,Low (2-10),DLX6;KDM1B,16.04.2026
SRB-0003080,,AJ,v2,SRB-0003080-001,BMS,FBXO31,HepG2,WildType,24,10,Plate12,1,6,Low (2-10),C1orf52;PDE6D;ABTB3;DXO;NEK1;ALKBH8,31.07.2025
SRB-0003064,,AJ,v2,SRB-0003064-001,BMS,FBXO31,HepG2,WildType,24,10,Plate12,1,0,Silent,,31.07.2025
SRB-0003063,,AJ,v2,SRB-0003063-001,BMS,FBXO31,HepG2,WildType,24,10,Plate12,1,0,Silent,,31.07.2025
SRB-0003062,,AJ,v2,SRB-0003062-001,BMS,FBXO31,HepG2,WildType,24,10,Plate11,1,5,Low (2-10),EXOSC1;PIK3AP1;MXRA8;MAP2K5;VPS9D1,31.07.2025
SRB-0003061,,AJ,v2,SRB-0003061-001,SERAC,FBXO31,HepG2,WildType,24,10,Pw103,1,9,Low (2-10),TRIM13;SMPD1;CYP2J2;RAC3;EID2;POC1A;DDB2;PLCXD1;TSC22D4,19.05.2026
SRB-0003060,,AJ,v2,SRB-0003060-001,BMS,FBXO31,HepG2,WildType,24,10,Plate11,1,45,High (>25),TF;FGA;ALDOC;SLC43A1;VASN;PMM1;TXNIP;PROS1;PDCD4;ANG;WDR37;NAXD;KDM5B;NDRG1;CCN2;IFT20;PLOD2;HOOK2;PTPN3;APOA5;SLCO4C1;PFKFB4;RNASE4;DQX1;BOLA1;SC5D;HDAC8;BNIP3;PLEKHA2;RABAC1;STK19;BNIP3L;SERPINA6;IRAK4;SIX4;ZNF652;GC;LOX;GTF2A2;IGFBP1;KCTD18;CA9;MREG;PGC;EFNA1,31.07.2025
SRB-0003059,,AJ,v2,SRB-0003059-001,BMS,FBXO31,HepG2,WildType,24,10,Plate11,1,5,Low (2-10),HBA1;PRAG1;TMEM168;LIX1L;ST3GAL6,31.07.2025
SRB-0003058,,AJ,v2,SRB-0003058-001,BMS,FBXO31,HepG2,WildType,24,10,Plate11,1,5,Low (2-10),CDKN2AIPNL;PIK3AP1;RINL;BNIP3L;FRA10AC1,31.07.2025
SRB-0003057,,AJ,v2,,,,,,,,,,,,,
SRB-0003056,,AJ,v2,,,,,,,,,,,,,
SRB-0003055,,AJ,v2,,,,,,,,,,,,,
SRB-0003054,,AJ,v2,SRB-0003054-001,BMS,FBXO31,HepG2,WildType,24,10,Plate10,1,4,Low (2-10),FUT6;INPP5K;WWP1;KBTBD4,31.07.2025
SRB-0003053,,AJ,v2,,,,,,,,,,,,,
SRB-0003052,,AJ,v2,SRB-0003052-001,SERAC,FBXO31,HepG2,WildType,24,10,Pw152,1,3,Low (2-10),C20orf204;CSF3R;PLEKHM1,19.05.2026
SRB-0003051,,AJ,v2,SRB-0003051-001,BMS,FBXO31,HepG2,WildType,24,10,Plate10,1,7,Low (2-10),FAAP100;OTUD7B;MEF2D;ADA;PRDM2;LDB1;SH2B1,31.07.2025
SRB-0003050,,AJ,v2,,,,,,,,,,,,,
SRB-0003049,,AJ,v2,,,,,,,,,,,,,
SRB-0003048,,AJ,v2,SRB-0003048-001,BMS,FBXO31,HepG2,WildType,24,10,Plate10,1,6,Low (2-10),TLCD4;STK38L;ALG10;SMPD2;CENATAC;SMIM19,31.07.2025
SRB-0003047,,AJ,v2,SRB-0003047-001,SERAC,FBXO31,HepG2,WildType,24,10,Pw102,1,2,Low (2-10),ARHGAP19;PCYOX1L,19.05.2026
SRB-0003046,,AJ,v2,,,,,,,,,,,,,
SRB-0003027,,AJ,v2,SRB-0003027-001,BMS,FBXO31,HepG2,WildType,24,10,Plate13,1,13,Medium (11-25),SLC2A3;SYNE1;PEX1;P2RX4;RNASE4;SPRED2;SNX24;ZNF24;ZNF316;R3HDM4;ITPRIPL2;HDAC7;SYS1,31.07.2025
SRB-0003025,,AJ,v2,SRB-0003025-001,BMS,FBXO31,HepG2,WildType,24,10,Plate12,1,1,Single (1),CD302,31.07.2025
SRB-0003024,,AJ,v2,SRB-0003024-001,BMS,FBXO31,HepG2,WildType,24,10,Plate12,1,4,Low (2-10),CGGBP1;EHBP1L1;RNF10;DLG5,31.07.2025
SRB-0003023,,AJ,v2,SRB-0003023-001,BMS,FBXO31,HepG2,WildType,24,10,Plate12,1,8,Low (2-10),TNFAIP8;CHURC1;ZBTB43;TMEM14C;JTB;DNAJC25;H3-3A;CDON,31.07.2025
SRB-0003022,,AJ,v2,SRB-0003022-001,BMS,FBXO31,HepG2,WildType,24,10,Plate12,1,3,Low (2-10),DIPK1A;DENND2B;ZNF276,31.07.2025
SRB-0003021,,AJ,v2,SRB-0003021-001,BMS,FBXO31,HepG2,WildType,24,10,Plate11,1,6,Low (2-10),CDC37L1;SIRPA;PHF12;PPCDC;LIX1L;ATG4C,31.07.2025
SRB-0003020,,AJ,v2,,,,,,,,,,,,,
SRB-0003019,,AJ,v2,,,,,,,,,,,,,
SRB-0003018,,AJ,v2,,,,,,,,,,,,,
SRB-0003017,,AJ,v2,SRB-0003017-001,BMS,FBXO31,HepG2,WildType,24,10,Plate11,1,12,Medium (11-25),PIAS2;PYCARD;IGFBP1;TMEM177;PYGO2;SALL1;RFX3;CA9;CASP8AP2;YBEY;PPFIA3;PPP2R5B,31.07.2025
SRB-0003016,,AJ,v2,SRB-0003016-001,SERAC,FBXO31,HepG2,WildType,24,10,Pw139,1,1,Single (1),KIAA0753,19.05.2026
SRB-0003015,,AJ,v2,SRB-0003015-001,BMS,FBXO31,HepG2,WildType,24,10,Plate11,1,6,Low (2-10),SDHAF3;SC5D;GLRX2;ZXDC;ZNF185;PLEKHG1,31.07.2025
SRB-0003014,,AJ,v2,SRB-0003014-001,BMS,FBXO31,HepG2,WildType,24,10,Plate11,1,0,Silent,,31.07.2025
SRB-0003013,,AJ,v2,SRB-0003013-001,BMS,FBXO31,HepG2,WildType,24,10,Plate10,1,12,Medium (11-25),TLCD4;METTL16;NR2C2;DOP1B;SNX29;WIPI1;CCDC149;RAB30;LYRM2;BRAP;SENP7;ELOVL6,31.07.2025
SRB-0003012,,AJ,v2,,,,,,,,,,,,,
SRB-0003011,,AJ,v2,,,,,,,,,,,,,
SRB-0003010,,AJ,v2,SRB-0003010-001,BMS,FBXO31,HepG2,WildType,24,10,Plate10,1,1,Single (1),IQCB1,31.07.2025
SRB-0003009,,AJ,v2,SRB-0003009-001,BMS,FBXO31,HepG2,WildType,24,10,Plate10,1,5,Low (2-10),PCGF2;MEF2D;MSANTD2;IL18;LYRM2,31.07.2025
SRB-0003008,,AJ,v2,SRB-0003008-001,BMS,FBXO31,HepG2,WildType,24,10,Plate13,1,3,Low (2-10),WWTR1;SIRT7;FGGY,31.07.2025
SRB-0003007,,AJ,v2,SRB-0003007-001,BMS,FBXO31,HepG2,WildType,24,10,Plate13,1,67,High (>25),PRDX4;GEMIN8;CUTA;RABEPK;CIAO1;SRP19;TCEA3;SEC13;ANKRD54;SLC11A2;HSD11B2;NDUFB6;HECTD4;CHCHD5;TFPI;FAIM;GNB2;INTS8;APOH;SMAD2;IGFBP1;CPNE2;CCN2;MREG;NAA38;PPP2CA;KAT6A;FBLIM1;OTUD6B;N4BP2;DTWD2;RAP1A;ZFAND3;SMLR1;ELOF1;SERPINA11;RNASE4;BCKDHB;FBXL3;CDK8;NR5A1;ERRFI1;NDUFB7;ZNF428;FOXA2;AIG1;PPP1R35;ELOVL5;VKORC1;RPL36A;SARAF;CD59;BOLA3;ZNF787;AP5M1;ZNF691;MAFF;CA9;SLCO4A1;PANX1;PIK3AP1;CASD1;SINHCAF;FAM210B;MT1F;PTTG1IP;FXYD1,31.07.2025
SRB-0003006,,AJ,v2,SRB-0003006-001,BMS,FBXO31,HepG2,WildType,24,10,Plate13,1,2,Low (2-10),MINDY1;SETD1B,31.07.2025
SRB-0003005,,AJ,v2,SRB-0003005-001,BMS,FBXO31,HepG2,WildType,24,10,Plate13,1,7,Low (2-10),SURF1;ELL2;THTPA;DENND2B;CHMP2B;PALM3;NEU3,31.07.2025
SRB-0003004,,AJ,v2,SRB-0003004-001,BMS,FBXO31,HepG2,WildType,24,10,Plate13,1,11,Medium (11-25),CCPG1;COX19;NDUFA3;NR2F1;RAD17;SMG9;SNX24;PALM3;PRR15;EPC2;R3HDM4,31.07.2025
SRB-0002975,,AJ,v2,SRB-0002975-001,BMS,FBXO31,HepG2,WildType,24,10,Plate12,1,2,Low (2-10),DTD2;SIPA1L1,31.07.2025
SRB-0002974,,AJ,v2,,,,,,,,,,,,,
SRB-0002973,,AJ,v2,,,,,,,,,,,,,
SRB-0002972,,AJ,v2,,,,,,,,,,,,,
SRB-0002971,,AJ,v2,SRB-0002971-001,SERAC,FBXO31,HepG2,WildType,24,10,Pw102,1,0,Silent,,19.05.2026
SRB-0002970,,AJ,v2,,,,,,,,,,,,,
SRB-0002969,,AJ,v2,,,,,,,,,,,,,
SRB-0002968,,AJ,v2,,,,,,,,,,,,,
SRB-0002967,,AJ,v2,SRB-0002967-001,SERAC,FBXO31,HepG2,WildType,24,10,Pw89,1,12,Medium (11-25),LEPROT;RGS10;KDELR2;CD151;WDR5B;DHRSX;HM13;TIMM17A;PPDPF;TNFRSF12A;VAPA;NIPSNAP3A,19.05.2026
SRB-0002966,,AJ,v2,,,,,,,,,,,,,
SRB-0002965,,AJ,v2,SRB-0002965-001,SERAC,FBXO31,HepG2,WildType,24,10,Plate42,1,0,Silent,,07.07.2025
SRB-0002964,,AJ,v2,SRB-0002964-001,SERAC,FBXO31,HepG2,WildType,24,10,Plate42,1,0,Silent,,07.07.2025
SRB-0002963,,AJ,v2,,,,,,,,,,,,,
SRB-0002916,,AJ,v2,SRB-0002916-001,SERAC,FBXO31,HepG2,WildType,24,10,Pw96,1,3,Low (2-10),GPS2;C22orf39;TRAPPC5,19.05.2026
SRB-0002914,,AJ,v2,,,,,,,,,,,,,
SRB-0002912,,AJ,v2,SRB-0002912-001,BMS,FBXO31,HepG2,WildType,24,10,Plate13,1,1,Single (1),EBAG9,31.07.2025
SRB-0002911,,AJ,v2,SRB-0002911-001,BMS,FBXO31,HepG2,WildType,24,10,Plate13,1,6,Low (2-10),TXNIP;STX2;GGT7;CSNK1G2;RILP;ECHDC2,31.07.2025
SRB-0002910,,AJ,v2,SRB-0002910-001,BMS,FBXO31,HepG2,WildType,24,10,Plate13,1,108,High (>25),PTPRK;ZNF326;ANKZF1;ERAP2;STARD10;SCD;NCOA4;FADS2;TAF1C;TF;CLSTN3;MAP7D2;OBSL1;INTS3;E2F6;SORT1;KIF20A;SLC44A1;KDM3A;FST;TK1;MRPS14;PLOD2;FADS1;PDCD4;CIAO1;ARSL;NEDD9;MAGED1;TFPI;CNOT4;WDFY3;DQX1;ANKRD54;GCHFR;EPHB4;NARF;TNS1;PPTC7;GLRX5;DNMT3B;SELENBP1;BCKDHB;SERPINA11;PRR11;TMEM62;ARL13B;GJB1;LAMB2;ADARB1;BOLA3;RNASE4;IL17RB;EPC2;FDX2;KAT6A;EBAG9;CCN2;PAIP2;CACUL1;SMAD2;SP2;ZNF629;SMG9;PFKFB4;LGR4;SLC2A3;TNFAIP8L1;ZFAND3;MTMR3;UBL3;ANG;BCAS3;APOH;RNF128;ABHD18;CBX3;BNIP3;CKS1B;EFNA1;TXNIP;IGF2;SINHCAF;PTEN;CLMN;ALMS1;VKORC1;SLC30A10;LOX;CYP19A1;PAQR9;IGFBP1;ZNF330;BNIP3L;NAT14;FANCL;CA9;TSPAN7;FRS2;SDC2;TMED2;SLC31A1;PTTG1IP;ARL6;MBTD1;DUSP22;ITGB1BP1;MT2A,31.07.2025
SRB-0002909,,AJ,v2,SRB-0002909-001,BMS,FBXO31,HepG2,WildType,24,10,Plate12,1,138,High (>25),PEG10;PDK1;DIDO1;ERBB2;MALT1;PEG3;MKI67;TRIM26;ZSWIM8;SORT1;TCAF1;CHEK1;NCAPD3;H1-10;HELLS;IFT74;TUBB6;FANCD2;RAB42;LRRC57;PROS1;FILIP1L;CCN2;APOC3;APOL1;SLC38A2;POLA1;HEXIM2;CASP2;REL;MBIP;EGLN1;NAGA;RAVER2;DLG3;GTPBP2;PCSK9;IREB2;EHBP1L1;ZC3HAV1L;SORL1;ANKZF1;NUFIP1;KLHDC2;SPC24;KNSTRN;ZCCHC17;TMEM45B;KDM4C;NCOA4;TK1;VASN;CYP51A1;PXK;MAGED4;ATP13A3;RAB20;SPINDOC;KDM4A;SKP2;APOBEC3C;PARP12;ERBB3;ERRFI1;RACGAP1;KDM5C;SS18L1;SLC2A3;PLIN2;MIS18BP1;TF;NDRG1;LYRM1;TIGD2;LAMB2;NDC80;SLC46A1;SLC31A1;P4HA2;TNFAIP8L1;PLOD2;KDM5B;ZHX1;KDM3A;CRIPT;NARF;DQX1;PFKFB4;SCD;FADS2;MAGED1;AKIRIN2;PEDS1;EEF2K;SAPCD2;OBSL1;SIVA1;RHOF;HDAC5;NEDD9;NFYB;CA9;TNS1;FADD;KDM4B;RNF128;MEX3C;ZNF747;TMEM94;TXNIP;SP5;GPBP1;RFNG;EPB41L4B;AKAP11;PAIP2;TOR4A;PPP1R3E;IL17RB;IGFBP1;H3-3A;MAST3;COA5;ISM2;ANGPTL2;TMEM132A;AP5S1;SMYD4;PCLAF;LYRM2;BTBD2;PIK3IP1;LOX;PCDHB9;DLX6;BNIP3;FBXO9;BNIP3L,31.07.2025
SRB-0002908,,AJ,v2,SRB-0002908-001,SERAC,FBXO31,HepG2,WildType,24,10,Pw39,1,61,High (>25),MCRIP1;BIRC5;TGFB1I1;TRIAP1;BNIP3L;NUPR1;APOC3;HIST1H2AB;HIST3H2A;IGFBP1;LOX;HNF1B;TCF7;LGALS7;NDUFV3;CKS1B;TIMM10;TMSB10;FKBP1B;PRR3;MRPS36;PTPN13;TAF10;BNIP3;EIF4EBP2;C1D;PCLAF;RBMS2;PCGF3;AKIRIN2;COA6;MBNL2;SP5;POLR2M;PSRC1;COA5;PROSER1;HIST2H2AB;CCDC28A;MSRB3;EID2;ACBD7;MPLKIP;HM13;RMI2;HIST1H2BM;RAMAC;CRB3;MIXL1;TXNIP;TAF9B;INIP;CTNNBIP1;DEPP1;TOR4A;CRIPT;CIDEB;ZNF580;BOLA1;CHTOP;FAM32A;MRPL42,16.04.2026
SRB-0002907,,AJ,v2,SRB-0002907-001,SERAC,FBXO31,HepG2,WildType,24,10,Plate80_Pw16,1,2,Low (2-10),ZDHHC8;ZIK1,29.09.2025
SRB-0002906,,AJ,v2,SRB-0002906-001,SERAC,FBXO31,HepG2,WildType,24,10,Plate80_Pw16,1,9,Low (2-10),SLC1A2;SCAND1;IL10RB;ZFP90;FAM222B;MIEF2;BMF;C2orf88;ANP32E,29.09.2025
SRB-0002905,,AJ,v2,SRB-0002905-001,BMS,FBXO31,HepG2,WildType,24,10,Plate12,1,13,Medium (11-25),ZSCAN26;DTD2;BNIP3L;TXNRD3;CHMP1B;MEX3A;TOR4A;RHBDD3;SP5;CCDC138;COPS9;SH3BP2;KCMF1,31.07.2025
SRB-0002904,,AJ,v2,SRB-0002904-001,SERAC,FBXO31,HepG2,WildType,24,10,Plate80_Pw16,1,18,Medium (11-25),CBFA2T2;BNIP3L;HPR;G6PC;SLC1A2;UBXN2A;IRX3;MXD4;CCDC85B;ZNF79;FGD3;ADIPOR1;C12orf66;TXNIP;MKNK2;TM7SF3;CIDEB;ZDHHC8,29.09.2025
SRB-0002901,,AJ,v2,,,,,,,,,,,,,
SRB-0002897,,AJ,v2,SRB-0002897-001,SERAC,FBXO31,HepG2,WildType,24,10,Plate81_Pw17,1,430,High (>25),E2F8;GXYLT2;SLC22A23;XIRP2;EPOP;CASTOR2;CCDC69;SLC22A31;ZNF724;MYO1G;FOXN3;EEF2K;AGRN;PIK3C2B;UBE2C;PLPP3;DPYSL4;ENC1;NDC80;APOL1;PHYH;IFIT3;AURKA;ZBTB39;UBD;GSTA4;SOX12;TNRC18;CBFA2T2;OIP5;XRCC3;XRCC2;SGCE;BUB1;SSNA1;BNIP3L;ZNF292;PIP5K1C;PHLPP1;FADS1;TSPAN3;LRP4;OBSL1;PEX11A;LRP5;HMMR;PTP4A3;LGR5;GMNN;CREG1;TRAPPC6A;SNAPC5;SLC22A5;USP1;KDM4B;SLCO2B1;FAM13A;SNUPN;APOL3;MBD4;SLC2A10;ADCY5;PPP1R3D;MAP4K4;MAP4K4;FADS2;ONECUT2;RECK;DHFR;PAH;CP;HP;HPR;SERPINA1;AGT;FGA;FGG;LRG1;TTR;AFP;ALDOA;APOB;A1BG;TUBB4A;TYMS;ARG1;ITGB2;LGALS2;SERPINA7;HPN;GJB1;SERPINA6;SERPINF2;F7;HBQ1;HMOX1;IFIT1;SLC35E2B;NR2F6;MCF2;LIPC;SLC2A2;MBL2;SKI;NID1;IL1R1;TCF3;ZNF12;ATF7;GM2A;EFNA1;EPHA1;FGFR4;FGFR3;CYP7A1;CPN2;AKAP5;MPZ;NFKBIA;LOX;MSX1;COL4A5;SERPINA4;PBLD;CDC25B;OTX1;HNF1B;SOX6;TCF7;ID1;BCL6;LIFR;SLC1A2;ALDH3B1;MKI67;SLC11A2;TTPA;CEBPA;CEBPD;MNX1;TNFSF10;TOB1;DNA2;CYP2J2;AKR1D1;NEK2;NEK4;DAPK1;LIMK1;MFAP3;LAMB2;FCGRT;FAM3B;LMO4;IRX3;CX3CL1;E2F1;TFAP4;KIF23;GSTM4;HHEX;GNA12;DMWD;HYAL1;DPYD;TRIM26;BNIP3;NR1H3;DHRS2;SEMA3F;SKP2;PTPRS;ITGB3BP;GAB1;PKD2;NCOA4;DELE1;FASTK;HES1;NEDD9;MXD4;ZNF268;MELK;HEPACAM;PCLAF;SLC39A14;STIL;DIXDC1;ELF2;STK11;HLF;MAPK14;CA9;PFKFB4;SWI5;RFX7;TYSND1;GREB1;C4orf46;PDCD4;TIGD5;ZNF385B;SPIN4;ESCO2;FGD3;DGKK;KANK4;ZDHHC20;ZDHHC20;GLT8D1;SP5;VASN;ISM2;OGFOD2;MFSD5;PPP4R4;TCTN3;MIS18BP1;MTFR2;PKN3;VWA1;PSRC1;APOA5;FAM111B;LCN15;OLFML1;LRIG3;ABHD15;NSMF;SLC39A5;AATK;SLCO4C1;SYDE1;CREB3L2;MCM10;CXXC5;CHST15;TTC21B;ZER1;PEG10;SERPINA11;SAPCD2;SLC9B2;NAA40;SHLD2;SERINC5;LRP11;PAQR7;TTC30A;LRRC28;ZSWIM9;FRAS1;PTOV1;SLC13A5;KLB;ARMC8;TBC1D10C;ZNF584;FOXRED2;FAM20C;ZNF100;ZBED8;MAML2;ZNF654;ASPM;FBXL14;BPIFB2;RFLNB;KIAA1958;PCSK9;FAM156A;ZNF548;TET1;NEIL3;ETNPPL;DQX1;SLC16A10;SHROOM3;GDPD5;SKA2;TNFAIP8L1;FAM151A;SLC13A3;TMEM37;DNAH7;ZCCHC14;ARHGAP45;SORL1;PTPRU;PMM1;NKD1;RILPL2;ADIPOR1;CLUAP1;RAD51AP1;RAD51AP1;TMEM45B;MOAP1;HAUS1;LRRC58;ASB9;RMI2;FBXO17;THAP11;DDX11;ZNF764;C1orf159;GMCL1;MAGED4;RITA1;ZBTB45;FAM84B;PRIMPOL;CCDC138;COQ10A;FAM20A;ZSWIM3;TIGD1;TSNARE1;FAM111A;DEPDC7;NR1H4;CAMK2N2;UHRF1;SLC38A3;CDC6;EPAS1;SMO;DUSP9;KLHDC3;CCDC77;ORAI3;PRADC1;FAAP24;SPINDOC;ZSCAN5A;ABHD14A;KIAA0586;CCDC106;TRAIP;CYREN;BRIP1;BTBD2;LGR4;PARD6G;NUF2;ZCCHC2;PEG3;SIK2;CDT1;MIXL1;TXNIP;KDM4C;SEMA6B;LIME1;TOR3A;PIEZO2;POMK;ANTXR1;IFT22;NIPAL2;ZNF395;WDR76;WDR54;JMJD4;CLSPN;MAGEF1;ELL3;MKNK2;CELSR2;MYO10;MID1IP1;UBE2T;SPAG4;FANCF;NECTIN3;ZNF331;ASAH2;SLC2A9;IL17RB;HELLS;TNFRSF19;STARD5;PIGV;SPTLC3;PCMTD2;ETNK2;RAB20;CNTLN;ANKRD10;MTMR4;PODXL2;DTL;FNIP2;ONECUT1;FBXL17;DCDC2;PCSK1N;SLC23A1;NUFIP1;NARF;SCOC;ZNF580;AKAP11;FBXO5;VAV3;ZNRF3;FZD4;USP18;PCDHGB4;SLC6A14;CYP8B1;B9D1;ZNF443;FAN1;KLHDC2;TMEM98;ZBTB12;COQ4;SIT1;TCAF1;ORC6;HEMK1;MAGED1;SNX10;FHOD1;RAD54B;RFNG;SIRT4;SESN1,02.10.2025
SRB-0002896,,AJ,v2,SRB-0002896-001,SERAC,FBXO31,HepG2,WildType,24,10,Plate81_Pw17,1,2,Low (2-10),KDM1B;KPTN,02.10.2025
SRB-0002895,,AJ,v2,SRB-0002895-001,SERAC,FBXO31,HepG2,WildType,24,10,Plate81_Pw17,1,6,Low (2-10),MMP11;KDM1B;DNAH5;TPPP3;DEPP1;CHIC2,02.10.2025
SRB-0002894,,AJ,v2,,,,,,,,,,,,,
SRB-0002892,,AJ,v2,,,,,,,,,,,,,
SRB-0002891,,AJ,v2,SRB-0002891-001,SERAC,FBXO31,HepG2,WildType,24,10,Pw86,1,9,Low (2-10),RARS;MED21;TMEM53;SIGMAR1;TWSG1;CSNK1G1;TUBE1;PRELID1;CHKB,19.05.2026
SRB-0002890,,AJ,v2,SRB-0002890-001,SERAC,FBXO31,HepG2,WildType,24,10,Pw89,1,2,Low (2-10),MYO1C;SOX12,19.05.2026
SRB-0002889,,AJ,v2,SRB-0002889-001,SERAC,FBXO31,HepG2,WildType,24,10,Pw141,1,0,Silent,,19.05.2026
SRB-0002888,,AJ,v2,,,,,,,,,,,,,
SRB-0002887,,AJ,v2,SRB-0002887-001,SERAC,FBXO31,HepG2,WildType,24,10,Pw87,1,0,Silent,,19.05.2026
SRB-0002886,,AJ,v2,,,,,,,,,,,,,
SRB-0002885,,AJ,v2,,,,,,,,,,,,,
SRB-0002884,,AJ,v2,,,,,,,,,,,,,
SRB-0002883,,AJ,v2,,,,,,,,,,,,,
SRB-0002882,,AJ,v2,,,,,,,,,,,,,
SRB-0002881,,AJ,v2,,,,,,,,,,,,,
SRB-0002880,,AJ,v2,SRB-0002880-001,SERAC,FBXO31,HepG2,WildType,24,10,Pw107,1,0,Silent,,19.05.2026
SRB-0002879,,AJ,v2,,,,,,,,,,,,,
SRB-0002878,,AJ,v2,,,,,,,,,,,,,
SRB-0002877,,AJ,v2,SRB-0002877-001,SERAC,FBXO31,HepG2,WildType,24,10,Pw141,1,2,Low (2-10),TTR;BCCIP,19.05.2026
SRB-0002876,,AJ,v2,,,,,,,,,,,,,
SRB-0002875,,AJ,v2,,,,,,,,,,,,,
SRB-0002874,,AJ,v2,SRB-0002874-001,SERAC,FBXO31,HepG2,WildType,24,10,Pw138,1,3,Low (2-10),TMEM62;TMEM147;PRELID1,19.05.2026
SRB-0002873,,AJ,v2,,,,,,,,,,,,,
SRB-0002872,,AJ,v2,,,,,,,,,,,,,
SRB-0002871,,AJ,v2,,,,,,,,,,,,,
SRB-0002870,,AJ,v2,SRB-0002870-001,SERAC,FBXO31,HepG2,WildType,24,10,Pw147,1,3,Low (2-10),ANGPTL8;CBWD2;EPB41L1,19.05.2026
SRB-0002869,,AJ,v2,,,,,,,,,,,,,
SRB-0002868,,AJ,v2,SRB-0002868-001,SERAC,FBXO31,HepG2,WildType,24,10,Pw88,1,6,Low (2-10),NFAT5;CYP1A1;BMP4;PALM2;TUBB1;SSX2IP,19.05.2026
SRB-0002867,,AJ,v2,,,,,,,,,,,,,
SRB-0002866,,AJ,v2,,,,,,,,,,,,,
SRB-0002865,,AJ,v2,SRB-0002865-001,SERAC,FBXO31,HepG2,WildType,24,10,Pw141,1,0,Silent,,19.05.2026
SRB-0002864,,AJ,v2,,,,,,,,,,,,,
SRB-0002863,,AJ,v2,SRB-0002863-001,SERAC,FBXO31,HepG2,WildType,24,10,Pw88,1,3,Low (2-10),TPM3;HNRNPC;TRIM36,19.05.2026
SRB-0002795,,AJ,v2,,,,,,,,,,,,,
SRB-0002789,,AJ,v2,SRB-0002789-001,SERAC,FBXO31,HepG2,WildType,24,10,Plate80_Pw16,1,1,Single (1),ZNF780A,29.09.2025
SRB-0002788,,AJ,v2,SRB-0002788-001,BMS,FBXO31,HepG2,WildType,24,10,Plate12,1,52,High (>25),SORL1;DQX1;POLA1;ANKZF1;TRAM2;TRIM26;KDM5B;TMEM87B;LAMB2;SLC38A2;SLCO4C1;NEDD9;PLOD2;GRB7;TK1;OBSL1;P4HA2;PROM1;KDM4B;SLC2A3;SPINDOC;CYP1A1;TSR2;IGFBP1;EEF2K;TNS1;PDE8A;CLK1;ABCC5;TOR4A;BNIP3L;ELL;WDR19;PPP1R3E;BNIP3;TSPAN3;LIPT1;DNA2;SIVA1;LOX;RHPN2P1;HEXIM2;ISM2;GARIN4;CDS1;WDR54;TXNIP;WWC1;ACTBL2;ANKRD50;HSD11B2;PRDM15,31.07.2025
SRB-0002787,,AJ,v2,SRB-0002787-001,SERAC,FBXO31,HepG2,WildType,24,10,Plate78_Pw13,1,1,Single (1),AGPAT2,10.10.2025
SRB-0002786,,AJ,v2,,,,,,,,,,,,,
SRB-0002785,,AJ,v2,,,,,,,,,,,,,
SRB-0002784,,AJ,v2,,,,,,,,,,,,,
SRB-0002783,,AJ,v2,SRB-0002783-001,SERAC,FBXO31,HepG2,WildType,24,10,Plate81_Pw17,1,1,Single (1),KDM1B,02.10.2025
SRB-0002783,,AJ,v2,,,,,,,,,,,,,
SRB-0002783,,AJ,v2,,,,,,,,,,,,,
SRB-0002782,,AJ,v2,SRB-0002782-001,SERAC,FBXO31,HepG2,WildType,24,10,Plate81_Pw17,1,5,Low (2-10),SLC22A23;TNFSF10;KDM1B;PARD6A;CTSZ,02.10.2025
SRB-0002781,,AJ,v2,SRB-0002781-001,SERAC,FBXO31,HepG2,WildType,24,10,Plate81_Pw17,1,108,High (>25),MED19;SFI1;C11orf95;ZBTB39;BNIP3L;DEAF1;CREG1;SLC22A5;MAP4K4;RECK;TTR;HPX;ARG1;SP1;SLC35E2B;DMD;HLA-A;PRKCH;LOX;OTX1;RYK;HNF1B;SLC6A12;PXN;TNFSF10;RAB28;LIMK1;NR1H2;ANAPC15;UBE2D2;CYP4F2;CSNK1G2;E2F1;BNIP3;ITGB3BP;MXD4;GNMT;HERC3;ZNF174;MAPK14;AP5B1;C4orf46;LIN52;TIGD5;SPIN4;MEST;FGD3;MFSD14B;CERCAM;ISM2;OGFOD2;CHADL;FAAP20;ZC3H14;ZNF322;OLFML1;ABHD15;TMEM64;CEP68;G2E3;CHST15;FAM122B;PLEKHH3;TTC30A;COMMD2;SFR1;ZNF280B;FAM219A;RIMKLA;TMEFF1;ZNF654;SIX5;STAG2;PAQR4;KCTD17;KDM1B;TET1;SHROOM3;OSBP2;LRRC58;OTUB2;CENPN;C1orf159;MED30;WDR90;ZSWIM3;CAMK2N2;ORAI3;PRADC1;ABHD14A;JAM3;LRRCC1;ELOVL6;ZNF395;WDR54;ELL3;CYP4F12;SPAG4;FANCF;FNIP2;SLC23A1;SCOC;SIX4;NDRG2;CEP164;ENTPD4;MRPS18C;SIRT4,02.10.2025
SRB-0002779,,AJ,v2,SRB-0002779-001,SERAC,FBXO31,HepG2,WildType,24,10,Plate49_Pw5,1,0,Silent,,22.07.2025
SRB-0002778,,AJ,v2,SRB-0002778-001,BMS,FBXO31,HepG2,WildType,24,10,Plate12,1,0,Silent,,31.07.2025
SRB-0002776,,AJ,v2,SRB-0002776-001,BMS,FBXO31,HepG2,WildType,24,10,Plate12,1,3,Low (2-10),ANKRD40;MAP6;GTF2A1,31.07.2025
SRB-0002774,,AJ,v2,SRB-0002774-001,BMS,FBXO31,HepG2,WildType,24,10,Plate11,1,2,Low (2-10),LIX1L;ITGB1BP1,31.07.2025
SRB-0002682,,AJ,v2,SRB-0002682-001,BMS,FBXO31,HepG2,WildType,24,10,Plate13,1,1,Single (1),FGGY,31.07.2025
SRB-0002681,,AJ,v2,SRB-0002681-001,BMS,FBXO31,HepG2,WildType,24,10,Plate13,1,4,Low (2-10),OTUD7B;DENND5A;FBXO42;KLHL36,31.07.2025
SRB-0002680,,AJ,v2,SRB-0002680-001,BMS,FBXO31,HepG2,WildType,24,10,Plate13,1,7,Low (2-10),FOXA2;ALG10;LAMTOR3;RNASE4;TMCO1;SARAF;FANCB,31.07.2025
SRB-0002679,,AJ,v2,SRB-0002679-001,BMS,FBXO31,HepG2,WildType,24,10,Plate12,1,1,Single (1),RNF10,31.07.2025
SRB-0002678,,AJ,v2,SRB-0002678-001,BMS,FBXO31,HepG2,WildType,24,10,Plate12,1,3,Low (2-10),IRAK2;GARIN4;SEC14L2,31.07.2025
SRB-0002677,,AJ,v2,SRB-0002677-001,BMS,FBXO31,HepG2,WildType,24,10,Plate11,1,22,Medium (11-25),NDRG1;BPIFB2;PCSK9;SLCO4C1;PCK1;PROS1;PFKFB4;ARG1;IGFBP1;PRAG1;HOOK2;NEK4;SH3BP5L;EFNA1;FXYD1;LOX;KIAA1191;KCTD18;PLEKHG1;FDX2;MAST4;OSER1,31.07.2025
SRB-0002673,,AJ,v2,SRB-0002673-001,SERAC,FBXO31,HepG2,WildType,24,10,Plate52_Pw8,1,3,Low (2-10),ALKBH3;ARHGEF3;POLR2L,05.09.2025
SRB-0002671,,AJ,v2,SRB-0002671-001,BMS,FBXO31,HepG2,WildType,24,10,Plate10,1,2,Low (2-10),TXNIP;TLCD4,31.07.2025
SRB-0002670,,AJ,v2,SRB-0002670-001,BMS,FBXO31,HepG2,WildType,24,10,Plate12,1,1,Single (1),EHBP1L1,31.07.2025
SRB-0002669,,AJ,v2,,,,,,,,,,,,,
SRB-0002668,,AJ,v2,SRB-0002668-001,BMS,FBXO31,HepG2,WildType,24,10,Plate12,1,2,Low (2-10),FTH1;LYRM2,31.07.2025
SRB-0002667,,AJ,v2,SRB-0002667-001,BMS,FBXO31,HepG2,WildType,24,10,Plate10,1,14,Medium (11-25),TXNIP;CLK2;IRS4;ADAP1;PPCDC;MTERF1;FBXW11;SCYL3;IFRD1;RPL29;HDAC7;PDIA2;DGKA;PCDHB2,31.07.2025
SRB-0002665,,AJ,v2,SRB-0002665-001,SERAC,FBXO31,HepG2,WildType,24,10,Plate63_Pw9,1,14,Medium (11-25),BCLAF3;FES;VEGFA;RPL35;NUDT2;NUP98;OSTM1;ADGRG3;SMPDL3B;C12orf57;EPAS1;KXD1;HIGD2A;STOML1,08.09.2025
SRB-0002663,,AJ,v2,SRB-0002663-001,SERAC,FBXO31,HepG2,WildType,24,10,Plate64_Pw10,1,6,Low (2-10),SMIM24;ZNF12;E2F5;ENOX2;RTN4RL2;ZDHHC14,11.09.2025
SRB-0002606,,AJ,v2,SRB-0002606-001,BMS,FBXO31,HepG2,WildType,24,10,Plate9,1,1,Single (1),IGFBP1,31.07.2025
SRB-0002605,,AJ,v2,,,,,,,,,,,,,
SRB-0002604,,AJ,v2,SRB-0002604-001,BMS,FBXO31,HepG2,WildType,24,10,Plate9,1,10,Low (2-10),RNF123;SUPT20H;SETD6;BCKDHB;ELOF1;MDK;ANTXR2;VKORC1;ZDHHC4;MT1F,31.07.2025
SRB-0002603,,AJ,v2,SRB-0002603-001,BMS,FBXO31,HepG2,WildType,24,10,Plate9,1,7,Low (2-10),ARFRP1;APOA5;RBM4B;ELOF1;ADAM15;MED9;RAB3IP,31.07.2025
SRB-0002602,,AJ,v2,SRB-0002602-001,BMS,FBXO31,HepG2,WildType,24,10,Plate8,1,9,Low (2-10),ZNG1B;HDAC8;PRDM10;YY1AP1;XPR1;MAFK;RPL22L1;VPS9D1;TMEM65,31.07.2025
SRB-0002601,,AJ,v2,SRB-0002601-001,BMS,FBXO31,HepG2,WildType,24,10,Plate8,1,45,High (>25),TDRKH;RILPL1;MED7;CEBPB;SERINC3;TRIT1;GTPBP3;NMT2;LOX;SHARPIN;CLK2;EBAG9;ANTKMT;CSTA;FMC1;ITGB4;ANG;CCL20;SCRN2;ZNF148;ZC3H12A;MLLT10;YBEY;SCML1;KAT6A;NUDT12;LGALS2;ZFAND2B;CYP19A1;GDA;SLC25A36;PSEN2;ZNF292;ESCO1;PDE6C;G6PC3;RPL22L1;MAP3K2;PRSS8;SLC25A21;SERF2;ZNF813;PHF21A;HSPA1L;H3C15,31.07.2025
SRB-0002600,,AJ,v2,SRB-0002600-001,BMS,FBXO31,HepG2,WildType,24,10,Plate8,1,48,High (>25),PHAX;NDUFS7;CLK1;SRSF4;TMEM115;AP5Z1;NMT2;IFT81;HDAC8;MRPL41;AURKAIP1;XPA;RNPEPL1;EPG5;TAF1A;PSMC3IP;MORC4;PACC1;MRPS12;UBE2D4;SLC35A1;RBFA;ADARB1;ORMDL1;FAM210B;SELENOP;GRTP1;TMEM69;NFIX;MTRES1;PEX11A;ZNF813;COL9A3;ANGPTL8;TRAPPC13;NSRP1;KAT14;THAP11;INPP5K;RAB28;PYURF;TNRC6C;MELTF;C2CD2L;MUS81;PDE6C;SERF2;HSPA1L,31.07.2025
SRB-0002599,,AJ,v2,SRB-0002599-001,BMS,FBXO31,HepG2,WildType,24,10,Plate8,1,43,High (>25),SULT2A1;METTL16;SHFL;SSR3;ZMIZ1;MTRES1;ZKSCAN8;COX18;MRPL41;NDUFB7;KIAA1191;SLC17A5;FIGN;UQCC2;MEST;PACC1;TBC1D14;MRPS17;TMEM101;PDE6C;LGALS2;THAP11;SS18L2;SEC22A;ARHGAP32;COX7C;DLX6;NDUFV3;AURKAIP1;FOXO3;RALBP1;CHCHD1;BORCS8;H2AC20;KIF18A;SELENOH;TMEM129;ROGDI;HSPA1L;AASDH;DUSP22;ITPRIPL2;PTTG1IP,31.07.2025
SRB-0002598,,AJ,v2,SRB-0002598-001,BMS,FBXO31,HepG2,WildType,24,10,Plate7,1,4,Low (2-10),PCK1;MANSC1;RBL2;DENND5B,31.07.2025
SRB-0002597,,AJ,v2,SRB-0002597-001,BMS,FBXO31,HepG2,WildType,24,10,Plate7,1,3,Low (2-10),CXXC5;ANGPTL4;CMTR2,31.07.2025
SRB-0002596,,AJ,v2,SRB-0002596-001,BMS,FBXO31,HepG2,WildType,24,10,Plate7,1,0,Silent,,31.07.2025
SRB-0002595,,AJ,v2,SRB-0002595-001,BMS,FBXO31,HepG2,WildType,24,10,Plate7,1,3,Low (2-10),ANKRD11;CDCA7;ANKRD50,31.07.2025
SRB-0002594,,AJ,v2,SRB-0002594-001,BMS,FBXO31,HepG2,WildType,24,10,Plate6,1,7,Low (2-10),FDX1;BCAP29;COBL;DEPDC5;PDCD7;BRWD1;CCHCR1,31.07.2025
SRB-0002593,,AJ,v2,SRB-0002593-001,BMS,FBXO31,HepG2,WildType,24,10,Plate6,1,6,Low (2-10),JTB;MEX3D;PTGR2;VAMP2;CFLAR;LIPC,31.07.2025
SRB-0002592,,AJ,v2,SRB-0002592-001,BMS,FBXO31,HepG2,WildType,24,10,Plate6,1,154,High (>25),BRCC3;ANXA7;AFP;TGM2;MTMR12;DHRS11;MTX1;NEU1;L3MBTL2;FAHD2A;SMS;RNH1;SNU13;NLRX1;RPS3A;UNK;AHSG;EXT2;SLC25A5;KIAA2013;BOLA2;ADH4;AMT;NUDCD2;HSD17B10;PCBP1;SEPTIN6;PTGES3;NDUFAB1;NUBP1;NANS;PGP;STK26;MACROD1;PNKD;RBBP9;OVCA2;COMT;MOB4;ARFRP1;NDUFAF5;CNPY3;APOBEC3C;MTERF4;RHOA;RPL30;RABEPK;PPP4R2;BDH1;LGALS1;CSTF2T;PRDX4;RNF114;NPC2;UROD;MGST1;C3orf38;GTF2H5;FAIM;BAP1;ISCU;ASB9;DNAJC12;NUTF2;PARK7;RNF126;TUBA4A;TRAPPC10;RHOB;IMPA2;SEC13;INPP5F;EIF1B;CHCHD2;CRYBG3;MRPS6;TFDP1;AIMP2;CCM2;CMC2;SLC11A2;GATD1;MT1F;SREBF2;CPTP;NTMT1;MRPL52;ZRANB2;SRP19;HSD11B2;MRPL33;PCBP3;VKORC1;APOH;SMLR1;ABITRAM;DMXL2;CD59;FHL3;EAF1;BCKDHB;NFX1;GCSH;SNRK;ACOT8;EIF1AY;MTRF1L;BORCS8;TM2D3;MSL2;AIG1;FAM210B;POTEJ;PALM2;ROMO1;FCF1;ALKBH8;CNBP;PPP2CA;JTB;NDUFB7;UTP23;NAT14;UBE2E3;BOLA3;SLC31A1;COX6B1;LYPLA2;TMEM39A;GNB2;ZNF428;TMEM14C;MT-ND3;CXXC5;CEACAM1;DYNLT3;LGALS2;CHCHD5;MTARC2;CCL20;TMEM120B;SINHCAF;POP5;PURB;SPHK1;RAP1A;MDK;UQCRH;NUDT17;SEMA6A;SIX4;RNF128;CASD1;MT-CO3,31.07.2025
SRB-0002591,,AJ,v2,SRB-0002591-001,BMS,FBXO31,HepG2,WildType,24,10,Plate6,1,4,Low (2-10),JTB;VPS41;DGKA;VPS9D1,31.07.2025
SRB-0002590,,AJ,v2,SRB-0002590-001,BMS,FBXO31,HepG2,WildType,24,10,Plate10,1,7,Low (2-10),ARHGAP32;SERF2;STEAP1;RAB2B;PRDM2;SDCCAG8;ABTB3,31.07.2025
SRB-0002589,,AJ,v2,SRB-0002589-001,BMS,FBXO31,HepG2,WildType,24,10,Plate10,1,5,Low (2-10),TFPT;ATP11B;TSTD2;TBC1D7;PCYT1B,31.07.2025
SRB-0002588,,AJ,v2,SRB-0002588-001,SERAC,FBXO31,HepG2,WildType,24,10,Pw33,1,30,High (>25),CYR61;F13A1;TIMP1;FTL;KLKB1;IL6R;LCP1;AREG;TIMP2;JUNB;SAT1;DUSP1;CDKN1A;PDLIM4;CNN1;SCAND1;JAG1;KCNJ10;PHLDA2;RHBDF2;TMEM184A;SH3RF1;ARAP2;TRIB1;EPB41L1;RGL1;MKRN1;RCAN3;N6AMT1;AK5,16.04.2026
SRB-0002588,,AJ,v2,SRB-0002588-001,BMS,FBXO31,HepG2,WildType,24,10,Plate6,1,180,High (>25),MIX23;CCDC43;CTNNBL1;GGT1;BABAM2;TIPRL;LAMTOR1;NDUFA2;SEC61G;AIMP2;SMAD5;CD59;SQLE;ATG4B;PDF;TRMT112;BDH1;YRDC;MAP2K3;PRXL2A;DCAF6;UXT;GRPEL1;COMMD6;NDUFAB1;SLC13A5;CTDSP1;DFFB;GET4;RBM42;MTERF3;IRAK2;SSR3;MRPS35;CEP97;HACD1;APOH;RALBP1;SNX10;TRPV2;DNAJC12;ZNF579;SERPINF2;FIGN;UBE3B;ATP6V1E1;NDUFB11;TMEM115;LBR;TMEM97;PTMS;MTMR9;MGAT5;EIF1AY;NDUFAF5;FXR2;BPIFB2;SULT1C2;TANC1;SLC17A5;PHLDA1;MRPS6;ENTR1;SLC2A2;TMEM167A;CTNNBIP1;ACOT1;KSR1;GRTP1;BLMH;RAB29;ZNF330;PLPP3;FAM241A;INPP4A;BMPR1A;PNISR;CHCHD5;N6AMT1;MMADHC;TSSC4;FANCB;SNX12;PCBP3;SERPINA11;ZBTB2;RPLP1;CHCHD2;RNF128;IGF2;MT2A;PURB;FHL2;LYSMD1;GCSH;CPSF4;BOLA3;UFC1;PIP4P1;MT1F;FAM193A;PPIF;RHOB;SNX14;ENY2;SLC25A19;PEDS1;IMPA2;MRPL33;SLCO2B1;ERICH1;FAM210B;TMEM120B;IGFBP1;HNMT;GNB2;DPEP1;NSA2;UTP23;AP4S1;TM2D3;PPP2CA;SMLR1;ASPHD1;RFX5;CNEP1R1;TOR3A;ZBTB7A;TUSC2;FAM117B;SIGMAR1;ZNF668;MT-ND3;CCHCR1;GLRX;GDPGP1;BCKDHB;SAC3D1;CCN2;PIBF1;SLC25A43;NFYB;ING5;TARBP2;APBB2;MSL3;ENTPD7;VKORC1;MDK;SLC51A;COX7C;TMEM164;NFX1;PRADC1;CCDC167;EIF4EBP1;ITGB1BP1;LGALS2;FEM1C;TMEM50B;NDUFB7;SLC36A1;ZNF428;MIER3;RECQL4;SELENOP;TCTN3;CLDN12;IRS4;GPBP1;RBP5;CRIP1;PCYOX1L;SLC16A6;DNM3;GC;GARIN4;PTTG1IP;NAA80;MAP6,31.07.2025
SRB-0002587,,AJ,v2,SRB-0002587-001,BMS,FBXO31,HepG2,WildType,24,10,Plate9,1,10,Low (2-10),AP1S3;MT-CO2;CYP2W1;SHKBP1;IGFBP1;LOX;BABAM2;BCL9L;MPV17;MRPS12,31.07.2025
SRB-0002586,,AJ,v2,SRB-0002586-001,BMS,FBXO31,HepG2,WildType,24,10,Plate9,1,5,Low (2-10),GREB1;RPL10L;ADCK5;FREM1;PACS2,31.07.2025
SRB-0002586,,AJ,v2,,,,,,,,,,,,,
SRB-0002585,,AJ,v2,SRB-0002585-001,BMS,FBXO31,HepG2,WildType,24,10,Plate9,1,41,High (>25),KLC4;ARFGAP3;FABP1;LAMB2;TF;FGG;SPTLC3;PEG10;PCSK9;GOLPH3L;H1-10;SERPINA3;CCN2;DUS2;F10;FMO5;TTR;FGA;IGFBP1;ARL15;CBX4;XPA;FBXW2;SERPINA7;SERPINA5;PCK1;NUCKS1;DNAJC17;ARSA;ZC3H8;APOBEC3C;DLG5;EFNA1;SLC2A10;TMEM68;ZNF813;CDKN2AIPNL;FRS2;GGT7;H3C1;PTTG1,31.07.2025
SRB-0002584,,AJ,v2,SRB-0002584-001,BMS,FBXO31,HepG2,WildType,24,10,Plate8,1,13,Medium (11-25),CBX1;HSP90AA4P;DHRS13;SCYL3;ORC1;CKMT1A;NBR1;CHCHD7;ABCG2;MED7;MT1F;DOLK;YJU2B,31.07.2025
SRB-0002583,,AJ,v2,SRB-0002583-001,BMS,FBXO31,HepG2,WildType,24,10,Plate8,1,10,Low (2-10),RAB43;RAVER2;UCK1;NFIX;BOLA3;PODXL2;SPECC1;ZNF813;CRIP1;SERF2,31.07.2025
SRB-0002582,,AJ,v2,SRB-0002582-001,BMS,FBXO31,HepG2,WildType,24,10,Plate8,1,144,High (>25),ZNF830;NT5E;RAVER1;SMU1;ASRGL1;ALDOC;SIRT1;CHTOP;SMYD2;SLC37A4;S100A1;ADPGK;COX18;FDX1;AKR1C3;SERGEF;ZMPSTE24;NDRG1;PARP12;ZNF362;SFN;TMEM222;FAM162A;PPIF;MOB2;PARK7;TIMM17B;VTN;PACS2;EPM2AIP1;ERG28;ESS2;OXSM;DYNLT1;CMC1;SOAT1;PGPEP1;ASPHD1;EBAG9;TMEM135;MICU2;HSCB;RPL36;METTL16;SLC22A3;RBM42;POT1;ALG13;KAT5;CCN2;EZH2;NFAT5;CLK1;HSPB11;GATD3B;BMPR1A;ANKRD16;ANGEL1;CCNYL1;HSPA6;MYBL2;TOPBP1;XPA;ACAT2;LMBRD1;TEAD3;PALLD;SLC22A23;LRP11;LSM1;L3HYPDH;LOX;CEACAM1;GM2A;TMEM104;DNLZ;USF1;NMT2;TUBA8;PLCL2;ATF7;FHIT;TMEM123;MTRF1;GRTP1;PDP2;TIMM29;NHEJ1;F7;TTR;MICU1;TMEM115;ZNF148;MOSPD1;POLR2I;PAQR7;COX6A1;SLC10A1;RNPEPL1;IFT80;TMEM120A;DLG5;IL32;KATNBL1;TBC1D14;FAS;CEP350;RPL22L1;RNF34;EPG5;RPP25L;SCML1;THAP11;TIMM17A;ZNF652;PALM2;BRMS1L;MRPS12;COA1;RPE;RPP21;SCRN2;MED11;MAST4;LGALS2;TMEM68;G6PC3;CD302;CYBA;KAT6A;CLASRP;ANG;HMGN1;PYURF;MT2A;MBD1;NUDT17;MELTF;PDE6C;ZFAND2B;NMNAT3;DYNLL2;HSPA1L;ZBTB17,31.07.2025
SRB-0002581,,AJ,v2,SRB-0002581-001,BMS,FBXO31,HepG2,WildType,24,10,Plate10,1,13,Medium (11-25),HACE1;TMEM9B;CA9;COX8A;ZNF691;FAM126A;FBXL4;LOX;LYRM2;CXXC5;FZD5;HMGN2;SETD1B,31.07.2025
SRB-0002580,,AJ,v2,SRB-0002580-001,BMS,FBXO31,HepG2,WildType,24,10,Plate8,1,17,Medium (11-25),RAB43;ZNF362;CDS2;AURKAIP1;THAP11;PDE6C;TENT2;INPP5F;H3C1;KDELR3;C2CD2L;CD151;METTL25;FAAP100;ZUP1;VPS9D1;HSPA1L,31.07.2025
SRB-0002579,,AJ,v2,SRB-0002579-001,BMS,FBXO31,HepG2,WildType,24,10,Plate10,1,5,Low (2-10),GON7;ZNF691;DHTKD1;FZR1;AURKAIP1,31.07.2025
SRB-0002578,,AJ,v2,SRB-0002578-001,BMS,FBXO31,HepG2,WildType,24,10,Plate7,1,11,Medium (11-25),DAGLB;KCTD10;SLC47A1;VPS13B;TK2;ZNRF1;TRAF6;RPS29;SZT2;KLF13;PHLDA3,31.07.2025
SRB-0002577,,AJ,v2,SRB-0002577-001,BMS,FBXO31,HepG2,WildType,24,10,Plate7,1,0,Silent,,31.07.2025
SRB-0002576,,AJ,v2,SRB-0002576-001,BMS,FBXO31,HepG2,WildType,24,10,Plate7,1,7,Low (2-10),ARG1;PCK1;CA9;WDR54;TMEM94;ZNRF1;PTS,31.07.2025
SRB-0002575,,AJ,v2,SRB-0002575-001,SERAC,FBXO31,HepG2,WildType,24,10,Pw43,1,3,Low (2-10),SS18L1;HIST1H2BM;TOR4A,16.04.2026
SRB-0002575,,AJ,v2,SRB-0002575-001,BMS,FBXO31,HepG2,WildType,24,10,Plate7,1,8,Low (2-10),DCAF6;TM9SF2;SMYD4;ARL14EP;ANKRD50;CYREN;TOR4A;ZNF395,31.07.2025
SRB-0002574,,AJ,v2,SRB-0002574-001,BMS,FBXO31,HepG2,WildType,24,10,Plate6,1,2,Low (2-10),LZTS2;LYRM2,31.07.2025
SRB-0002573,,AJ,v2,SRB-0002573-001,SERAC,FBXO31,HepG2,WildType,24,10,Pw33,1,30,High (>25),CYR61;SLC16A6;TIMP1;CRYAB;FTL;MMP2;LCP1;PKM;FOSL1;AREG;JUNB;ATF3;AXL;CDKN1A;RRAD;F2RL1;JAG1;ZFP36L1;LCP2;ANKRD1;PHLDA2;KLHL24;SH3RF1;TCP11L2;DGAT2;TRIB1;GDF15;MFSD1;IL17B;REXO2,16.04.2026
SRB-0002573,,AJ,v2,SRB-0002573-001,BMS,FBXO31,HepG2,WildType,24,10,Plate6,1,91,High (>25),POFUT2;FAHD2A;PGP;MBLAC2;NDUFAB1;AHSG;AMT;TMED2;MGST1;TUBA4A;C18orf25;NPC2;RBBP9;LYRM7;PARK7;BDH1;DTD2;AIMP2;OVCA2;ABITRAM;MACROD1;C8orf82;ZER1;GATD1;LYPLA2;CTSB;DUSP6;MRPS6;ROMO1;FOXO3;CNBP;BLOC1S2;CMC2;GCSH;COX11;KDM4A;APOH;NSRP1;IGFBP1;CNPY3;BCKDHB;IGF2;DSC2;PCBP3;HSD11B2;CCN2;EIF1AY;SCRN2;FPGT;COX6B1;ZCCHC17;CD59;SLC11A2;ASB9;NEMP1;TTC7A;VKORC1;PYGO2;SLC31A1;ZNF813;B4GALT3;RIOK3;ATP7A;SMLR1;CHCHD2;MT-ND3;MDK;UTP23;GNB2;MRPL33;COMTD1;PNKD;BOLA3;CARMIL1;ANG;UQCRH;PPP2CA;ZNF428;RAB1B;KIZ;TM2D3;UBE2E3;CLCN3;SLC51A;DENND4B;TMEM14C;ZUP1;RNF128;PALM2;PTTG1IP;HLA-H,31.07.2025
SRB-0002572,,AJ,v2,SRB-0002572-001,BMS,FBXO31,HepG2,WildType,24,10,Plate6,1,5,Low (2-10),YIPF4;EFNA1;SIGMAR1;PXMP2;RGS12,31.07.2025
SRB-0002571,,AJ,v2,SRB-0002571-001,BMS,FBXO31,HepG2,WildType,24,10,Plate10,1,4,Low (2-10),ISY1;TLCD4;ZNF160;PET117,31.07.2025
SRB-0002570,,AJ,v2,SRB-0002570-001,BMS,FBXO31,HepG2,WildType,24,10,Plate10,1,2,Low (2-10),PIGBOS1;KCTD14,31.07.2025
SRB-0002569,,AJ,v2,SRB-0002569-001,BMS,FBXO31,HepG2,WildType,24,10,Plate9,1,4,Low (2-10),DIXDC1;FBXL15;CENATAC;MT1F,31.07.2025
SRB-0002568,,AJ,v2,SRB-0002568-001,BMS,FBXO31,HepG2,WildType,24,10,Plate9,1,7,Low (2-10),DIXDC1;ARSA;SPHK1;SLC51A;MAP3K11;C4BPA;PPIC,31.07.2025
SRB-0002567,,AJ,v2,SRB-0002567-001,BMS,FBXO31,HepG2,WildType,24,10,Plate9,1,50,High (>25),SNRPB;LACTB2;RBX1;GPC3;TFPI;APOA5;STAT2;TACC1;ADARB1;COQ7;TOR4A;PDCD4;CCN2;CDKAL1;CAPG;COX11;B2M;XPA;RHOA;LOX;GCHFR;PHLDB1;DDX19B;SLCO4C1;IFRD2;ACOT8;SERPINA11;TYK2;S100A6;SMLR1;ELOF1;GNB2;UBE2Q2;SRP19;PPP2CA;PURB;SIVA1;POLR3GL;ARID5B;CABLES1;ANG;PHF21A;NDUFB7;VKORC1;RNPEPL1;COX8A;TMEM205;RPL36A;MBD1;SUMO2,31.07.2025
SRB-0002566,,AJ,v2,SRB-0002566-001,BMS,FBXO31,HepG2,WildType,24,10,Plate9,1,17,Medium (11-25),SERPIND1;PCSK9;CYP2W1;PCK1;IGFBP1;ARSA;XPA;SYPL1;ZNF276;FAM217A;MLLT10;ZNF813;GNG7;GDPGP1;EFNA1;FGGY;CSRP2,31.07.2025
SRB-0002565,,AJ,v2,SRB-0002565-001,BMS,FBXO31,HepG2,WildType,24,10,Plate9,1,21,Medium (11-25),ACSS2;SOD1;DENND4A;PJA2;IGFBP1;PCSK9;CCN2;NUCKS1;APOA5;SC5D;MTMR9;HPN;RPL36A;PCDH11X;ENTPD7;RNF121;SH2B1;PANX1;APOA2;AREL1;COMTD1,31.07.2025
SRB-0002564,,AJ,v2,SRB-0002564-001,BMS,FBXO31,HepG2,WildType,24,10,Plate9,1,16,Medium (11-25),ARFRP1;CCN2;NDUFB7;SLC25A40;OTUD5;RNASE4;DDHD1;SMLR1;ZNF813;NABP2;ZFAND2B;ANG;IFT80;MDK;ELOF1;TUBA8,31.07.2025
SRB-0002562,,AJ,v2,SRB-0002562-001,SERAC,FBXO31,HepG2,WildType,24,10,Plate49_Pw5,1,2,Low (2-10),MSL2;IL22RA1,22.07.2025
SRB-0002561,,AJ,v2,SRB-0002561-001,BMS,FBXO31,HepG2,WildType,24,10,Plate6,1,6,Low (2-10),LSM4;FAM3A;CEP97;VEZF1;TIMM17A;MFSD14B,31.07.2025
SRB-0002560,,AJ,v2,,,,,,,,,,,,,
SRB-0002559,,AJ,v2,SRB-0002559-001,BMS,FBXO31,HepG2,WildType,24,10,Plate8,1,80,High (>25),MAP1B;APOB;CBFB;PDLIM7;CDR2;MYH9;EMC3;SQSTM1;CEMIP;PPP1R12A;EPHA2;SLC38A2;TXNRD1;CRIP2;LGALS1;FAT1;TMEM106B;GPRC5C;TACC1;ZNF593;TNFRSF21;LGR5;R3HDM1;MICA;NAB1;TMCC1;SPECC1L;SPRY4;BCAR1;GSR;CEBPB;PLEKHO2;OBI1;IFITM3;IL13RA1;HMG20A;POLR2M;ZNF652;ESAM;MARVELD2;RAPGEF2;FHL2;KMT2C;SLC20A1;PDCD2L;RGPD5;MOSPD1;GINM1;FBLIM1;R3HCC1;DUSP6;ZBTB14;TXNIP;AKAP12;MAFK;TOR4A;CCDC138;ITGB4;NOS3;NES;SNAPC4;SRGAP1;FILIP1L;OSMR;IFRD1;JAK3;PODXL2;SPECC1;VANGL1;YBEY;HSPA1L;DXO;F3;CHPF2;MELK;CCPG1;MAML1;KDELR3;FBXO6;ASXL1,31.07.2025
SRB-0002555,,AJ,v2,SRB-0002555-001,SERAC,FBXO31,HepG2,WildType,24,10,Pw34,1,0,Silent,,16.04.2026
SRB-0002555,,AJ,v2,SRB-0002555-001,BMS,FBXO31,HepG2,WildType,24,10,Plate7,1,12,Medium (11-25),SLC47A1;SLC12A6;BRAF;MRPS14;CXXC5;C4A;ITPRIPL2;ICE1;DGUOK;MOB3A;TENT5A;SFT2D1,31.07.2025
SRB-0002553,,AJ,v2,SRB-0002553-001,BMS,FBXO31,HepG2,WildType,24,10,Plate8,1,78,High (>25),ENO3;CUTC;APOC3;SESTD1;RBM7;MBD3;HSPA12A;MSMO1;CIAO2A;WTAP;RAB13;RPL14;C1orf122;PATL1;UCK2;ARFGAP3;KLHDC2;RBM4B;METTL5;TIMM10;ANPEP;NRF1;SLC25A3;CD63;HABP4;COX20;ZFYVE19;MRPL55;PAFAH2;PROM1;GPX7;PIEZO1;NDUFA3;CEP55;GCHFR;ANP32B;RPS25;TYW1;RAB33B;MBNL3;MFSD8;POLR2L;TMEM127;CEP97;SCAPER;HSP90AA4P;ADIPOR1;PLEKHA8;AP4S1;RNF34;ALKBH4;RTN3;WDR91;ARL6IP5;SLC35B1;VKORC1L1;PDCD6;UTP23;MRPL52;NDUFC1;LUC7L;PGRMC1;IL18;GASK1B;ZBTB14;KHDRBS3;HBD;TMBIM6;ATG4C;RCCD1;SULT1A2;CARD19;SMIM4;MED6;RPL38;RPP14;USP46;GALT,31.07.2025
SRB-0002551,,AJ,v2,SRB-0002551-001,BMS,FBXO31,HepG2,WildType,24,10,Plate8,1,41,High (>25),EIF1AD;MOB2;SERINC3;H2AC21;BLOC1S5;MTRES1;MT1F;DNLZ;UQCC2;PPT2;MRPS17;SEC22A;UFC1;RP9;SUMO2;RALBP1;LAMTOR4;C18orf32;CYP2S1;CRIP1;CYBA;CHCHD1;TMEM101;MORC4;ATXN7L3B;FRS2;THAP11;PTTG1IP;FRMD7;PDE6C;PAAT;ROGDI;ERC2;LGALS2;DYNLL2;H2AC20;ITPRIPL2;VPS9D1;NACA4P;HSPA1L;SERF2,31.07.2025
SRB-0002550,,AJ,v2,SRB-0002550-001,BMS,FBXO31,HepG2,WildType,24,10,Plate8,1,28,High (>25),PPP1R3D;ZFAND2B;MRPL55;PPP1R12C;CRTC2;CXorf38;MRPS12;H2AC21;NSRP1;TNFAIP8L3;SLC35A1;MORC4;IFT80;FBXO6;TIGD2;CCDC138;SARAF;ZBTB14;RPS20;PEX12;CD302;G6PC3;HSPA1L;ZNF813;FBXL15;MT2A;BBS2;HMGN1,31.07.2025
SRB-0002549,,AJ,v2,SRB-0002549-001,BMS,FBXO31,HepG2,WildType,24,10,Plate8,1,20,Medium (11-25),MTMR1;VWA3B;LRP11;NAT14;ZNF428;ZKSCAN8;SENP6;MARVELD2;BMP2K;G6PC3;MRPL32;RPS20;WWC1;COQ4;MAST4;PPP1R35;FXYD1;PEX12;BHMT2;FAAP100,31.07.2025
SRB-0002548,,AJ,v2,SRB-0002548-001,BMS,FBXO31,HepG2,WildType,24,10,Plate7,1,6,Low (2-10),KBTBD4;ECHDC2;ENTPD7;ANTKMT;TAPBPL;NDST2,31.07.2025
SRB-0002547,,AJ,v2,SRB-0002547-001,BMS,FBXO31,HepG2,WildType,24,10,Plate8,1,39,High (>25),SERGEF;HACD1;PJA2;MOB2;LSM5;AP5Z1;HSCB;MICU1;MAML1;ZNF362;GRN;IFT74;FBXO42;ITGB4;ELOVL5;NSRP1;ZMIZ1;MED7;NMT2;NECTIN1;ORMDL1;PPP1R3D;SERINC3;SEC22A;H2AC20;FRMD7;FAM32A;ZBTB14;PEX11A;TMC6;KDM8;TAF1A;RAB28;ROGDI;SARAF;PLEKHG1;PDE6C;TMEM143;HSPA1L,31.07.2025
SRB-0002546,,AJ,v2,SRB-0002546-001,BMS,FBXO31,HepG2,WildType,24,10,Plate7,1,4,Low (2-10),ZNF652;ARL14EP;ZNF48;ANKRD50,31.07.2025
SRB-0002545,,AJ,v2,SRB-0002545-001,BMS,FBXO31,HepG2,WildType,24,10,Plate8,1,1,Single (1),STIM2,31.07.2025
SRB-0002544,,AJ,v2,SRB-0002544-001,SERAC,FBXO31,HepG2,WildType,24,10,Pw34,1,0,Silent,,16.04.2026
SRB-0002544,,AJ,v2,SRB-0002544-001,BMS,FBXO31,HepG2,WildType,24,10,Plate7,1,6,Low (2-10),PHLDA3;RAD51D;CCNC;RIPK4;GORASP1;APBA3,31.07.2025
SRB-0002543,,AJ,v2,SRB-0002543-001,BMS,FBXO31,HepG2,WildType,24,10,Plate7,1,2,Low (2-10),ITPRIPL2;PLEKHF1,31.07.2025
SRB-0002542,,AJ,v2,SRB-0002542-001,BMS,FBXO31,HepG2,WildType,24,10,Plate7,1,1,Single (1),ANKRD50,31.07.2025
SRB-0002541,,AJ,v2,SRB-0002541-001,BMS,FBXO31,HepG2,WildType,24,10,Plate6,1,7,Low (2-10),TRMT10A;CEP97;RIN1;SLC22A3;ARSA;KIZ;MFSD14B,31.07.2025
SRB-0002540,,AJ,v2,SRB-0002540-001,SERAC,FBXO31,HepG2,WildType,24,10,Pw34,1,1,Single (1),BLOC1S1,16.04.2026
SRB-0002540,,AJ,v2,SRB-0002540-001,BMS,FBXO31,HepG2,WildType,24,10,Plate7,1,21,Medium (11-25),FREM1;RGN;ARG1;BRAF;PCK1;BRCA1;CCNC;PLEKHM2;SETD6;PFKFB3;ANKRD39;SHB;CA9;CD55;SDCCAG8;RFX5;MAST4;MAST3;CALCOCO1;ACTBL2;ANGPTL4,31.07.2025
SRB-0002539,,AJ,v2,SRB-0002539-001,BMS,FBXO31,HepG2,WildType,24,10,Plate6,1,3,Low (2-10),C18orf25;LRG1;PDCD7,31.07.2025
SRB-0002538,,AJ,v2,SRB-0002538-001,SERAC,FBXO31,HepG2,WildType,24,10,Pw34,1,1,Single (1),CKM,16.04.2026
SRB-0002538,,AJ,v2,SRB-0002538-001,BMS,FBXO31,HepG2,WildType,24,10,Plate6,1,6,Low (2-10),TMEM129;TYK2;VPS9D1;LYRM2;CSNK1G1;MT-CO3,31.07.2025
SRB-0002537,,AJ,v2,SRB-0002537-001,BMS,FBXO31,HepG2,WildType,24,10,Plate7,1,1,Single (1),FBXL20,31.07.2025
SRB-0002536,,AJ,v2,SRB-0002536-001,BMS,FBXO31,HepG2,WildType,24,10,Plate10,1,13,Medium (11-25),PLCD1;PDCD4;SERPINA3;NR2C2;EFNA1;PLEKHA2;LYSMD3;FBXO4;DUSP22;DNAJC19;UBL3;ZDHHC3;CHMP4C,31.07.2025
SRB-0002535,,AJ,v2,SRB-0002535-001,SERAC,FBXO31,HepG2,WildType,24,10,Pw34,1,0,Silent,,16.04.2026
SRB-0002535,,AJ,v2,SRB-0002535-001,BMS,FBXO31,HepG2,WildType,24,10,Plate10,1,3,Low (2-10),TOR3A;MTERF1;TYK2,31.07.2025
SRB-0002534,,AJ,v2,SRB-0002534-001,BMS,FBXO31,HepG2,WildType,24,10,Plate6,1,5,Low (2-10),DMAC1;DTD2;SHB;HDAC10;WWP1,31.07.2025
SRB-0002533,,AJ,v2,SRB-0002533-001,BMS,FBXO31,HepG2,WildType,24,10,Plate9,1,15,Medium (11-25),NME3;FAM204A;SPHK1;MAFK;UBE2Q2;SLC35D2;NIPA1;SDCCAG8;GRHL1;CDKN2AIPNL;BCL9L;MRPS12;YAE1;TMEM65;MID1IP1,31.07.2025
SRB-0002532,,AJ,v2,SRB-0002532-001,BMS,FBXO31,HepG2,WildType,24,10,Plate9,1,42,High (>25),GLT8D1;TM9SF2;GLTPD2;B4GALT1;CTSB;SMAD2;RNF114;GEMIN8;ARL6IP1;NDUFB7;IL17RB;KSR1;SMLR1;AXIN1;APOH;CABLES1;LGALS1;ELOVL5;ARHGAP32;COX6B1;CEP290;ROMO1;GNB2;SNAPC3;ACTBL2;LYPLA2;H3C15;MRPS12;R3HDM2;UQCRH;CD59;SIVA1;PPP2R5B;APOA2;POP5;SLC31A1;AREL1;MT-ND3;PPP2CA;MDK;VKORC1;ELOF1,31.07.2025
SRB-0002531,,AJ,v2,SRB-0002531-001,BMS,FBXO31,HepG2,WildType,24,10,Plate9,1,14,Medium (11-25),CHPT1;TFPI;IGFBP1;APOA5;MTG1;ARG1;CCN2;SMAD2;ARHGAP32;MAGI3;HAL;ZNF276;KCTD10;TUBB1,31.07.2025
SRB-0002530,,AJ,v2,SRB-0002530-001,BMS,FBXO31,HepG2,WildType,24,10,Plate8,1,25,Medium (11-25),CDK12;UBXN8;NFXL1;GNPTAB;TMEM209;SUSD2;LSM5;SCAPER;PRTG;GEN1;ITGB4;CLSPN;CSTA;NSRP1;CENATAC;RAB5IF;CDCA7;ZNF292;PDE6C;RPP21;AMOTL2;ZNHIT2;LYRM2;CSNK1E;HSPA1L,31.07.2025
SRB-0002529,,AJ,v2,SRB-0002529-001,BMS,FBXO31,HepG2,WildType,24,10,Plate8,1,14,Medium (11-25),ACBD6;RAD51AP1;BOD1;IFT81;FBXO6;CYBA;TMEM101;MRPS17;ARHGAP32;RALBP1;LRP11;NMNAT3;HSPA1L;RNF34,31.07.2025
SRB-0002528,,AJ,v2,SRB-0002528-001,BMS,FBXO31,HepG2,WildType,24,10,Plate8,1,35,High (>25),OTULIN;HSP90AA4P;ZNF362;PHAX;ALG3;DYNLRB1;ZNF593;SLC17A5;RPL29;ORMDL1;FBLIM1;ELOB;SPP1;MAPK1IP1L;ELOVL5;TMEM101;RPL10;SH3BP5L;RNF34;PRDM15;THAP11;SS18;MED11;CHCHD1;RALBP1;H2AC21;H2AC20;NACA4P;NPTXR;MTRES1;HSPA1L;METTL25;NMNAT3;CD151;DYNLL2,31.07.2025
SRB-0002527,,AJ,v2,SRB-0002527-001,BMS,FBXO31,HepG2,WildType,24,10,Plate8,1,0,Silent,,31.07.2025
SRB-0002526,,AJ,v2,SRB-0002526-001,BMS,FBXO31,HepG2,WildType,24,10,Plate7,1,2,Low (2-10),BIRC5;SLCO2B1,31.07.2025
SRB-0002525,,AJ,v2,SRB-0002525-001,BMS,FBXO31,HepG2,WildType,24,10,Plate7,1,8,Low (2-10),SUDS3;TANC1;UROS;FXYD1;KIAA0753;PCMTD1;PHF12;MT-ATP6,31.07.2025
SRB-0002524,,AJ,v2,SRB-0002524-001,BMS,FBXO31,HepG2,WildType,24,10,Plate7,1,2,Low (2-10),PTTG1;BNIP3L,31.07.2025
SRB-0002523,,AJ,v2,SRB-0002523-001,BMS,FBXO31,HepG2,WildType,24,10,Plate7,1,0,Silent,,31.07.2025
SRB-0002522,,AJ,v2,SRB-0002522-001,BMS,FBXO31,HepG2,WildType,24,10,Plate6,1,22,Medium (11-25),SLC6A6;C18orf25;PARP16;FKRP;HHEX;TOM1L2;BCKDHB;MED20;ROMO1;G6PC3;USF2;TM2D3;FBXO6;TM7SF2;EAF1;CDKN1B;ZNF428;PLEKHG5;MZT1;ZBTB10;FAM185A;TEPSIN,31.07.2025
SRB-0002521,,AJ,v2,SRB-0002521-001,SERAC,FBXO31,HepG2,WildType,24,10,Pw42_NOT_FAIMS,1,2,Low (2-10),GSPT1;FST,16.04.2026
SRB-0002521,,AJ,v2,SRB-0002521-001,BMS,FBXO31,HepG2,WildType,24,10,Plate6,1,15,Medium (11-25),INO80E;CA13;PNKD;GSPT1;UMAD1;DUSP6;MT1F;EIF4EBP1;DNAJC12;SLC51B;SETDB1;FGFR1OP2;GSPT2;TMEM50B;PTTG1IP,31.07.2025
SRB-0002520,,AJ,v2,SRB-0002520-001,BMS,FBXO31,HepG2,WildType,24,10,Plate6,1,3,Low (2-10),TANC1;FAAP100;MT1F,31.07.2025
SRB-0002519,,AJ,v2,SRB-0002519-001,BMS,FBXO31,HepG2,WildType,24,10,Plate6,1,6,Low (2-10),RCC2;C15orf40;FDX1;TOR4A;LRG1;CARMIL1,31.07.2025
SRB-0002518,,AJ,v2,SRB-0002518-001,BMS,FBXO31,HepG2,WildType,24,10,Plate6,1,6,Low (2-10),CCN2;MIER3;ZNF518A;TMEM50B;NDUFV3;BICRA,31.07.2025
SRB-0002517,,AJ,v2,SRB-0002517-001,BMS,FBXO31,HepG2,WildType,24,10,Plate10,1,3,Low (2-10),ATG2A;LIME1;FAS,31.07.2025
SRB-0002516,,AJ,v2,SRB-0002516-001,BMS,FBXO31,HepG2,WildType,24,10,Plate10,1,14,Medium (11-25),RCE1;BRD4;GLT8D1;TM9SF2;SMPD2;AFAP1;B4GALT1;TPST2;HNF1B;FDX2;KBTBD4;TOR4A;ST3GAL6;IFRD1,31.07.2025
SRB-0002515,,AJ,v2,SRB-0002515-001,BMS,FBXO31,HepG2,WildType,24,10,Plate9,1,3,Low (2-10),INTS15;TOR3A;SLC43A2,31.07.2025
SRB-0002514,,AJ,v2,SRB-0002514-001,BMS,FBXO31,HepG2,WildType,24,10,Plate9,1,11,Medium (11-25),MAU2;NEPRO;ZBTB33;SYNE1;INTS15;PALM2;LRG1;CELSR2;S100A3;CFAP418;FBXO42,31.07.2025
SRB-0002513,,AJ,v2,SRB-0002513-001,BMS,FBXO31,HepG2,WildType,24,10,Plate9,1,47,High (>25),MCTS1;DIXDC1;ARFRP1;PHF5A;APOBEC3C;GSPT1;RBP4;NUTF2;RPL30;KHDC4;PTGES3;GATD1;AIMP2;CCDC97;FUT6;FBXL4;CTSB;TUBA4A;PALM;SMLR1;PCBP4;SULT1A2;SMAD2;APOH;ARL6IP1;TOR3A;RHOA;NAT14;CD59;TAFAZZIN;ELOF1;ROMO1;COX6B1;SRP19;PPP1R35;CNBP;RAB28;BOLA3;PPP2CA;MDK;GNB2;NDUFB7;VKORC1;BCKDHB;SIVA1;UQCRH;MT-ND3,31.07.2025
SRB-0002512,,AJ,v2,SRB-0002512-001,BMS,FBXO31,HepG2,WildType,24,10,Plate8,1,19,Medium (11-25),ARID4A;CKMT1A;ZNF652;FAM174A;NFIX;EAF1;CFAP410;C19orf25;ZC2HC1A;GUK1;METTL21A;HSPA6;RAB5IF;SGO1;CD55;CCNE1;GATAD1;RPS20;HSPA1L,31.07.2025
SRB-0002511,,AJ,v2,SRB-0002511-001,BMS,FBXO31,HepG2,WildType,24,10,Plate8,1,53,High (>25),RILPL1;PIP4P1;CYP2W1;REEP4;ARFRP1;ANKMY2;NHEJ1;KALRN;H2BC20P;TANK;FAM83G;BOLA3;MED7;ZNHIT2;TMEM104;SCNM1;SEC22A;RPS26;NKIRAS1;AP5Z1;ALKBH6;ZKSCAN8;AHCYL2;NMT2;AURKAIP1;DNAJC25;LRP11;HPN;RAD9A;IDH3G;SS18L2;CYP2S1;JTB;ORMDL1;CHCHD7;PPT2;FRMD7;GRN;SS18;ANTKMT;RALBP1;CRIP1;TRAPPC13;THAP11;MT-CO1;RPS15;DYNLL2;NACA4P;HMGXB3;PFKFB3;BICD1;PDE6C;HSPA1L,31.07.2025
SRB-0002510,,AJ,v2,SRB-0002510-001,BMS,FBXO31,HepG2,WildType,24,10,Plate8,1,162,High (>25),ADH5;EXOSC8;MLH1;COX5A;ZNF207;ALG1;LRCH3;AKR1C1;MRPL9;RAB6A;SSR1;ORMDL3;TLE1;BNIP1;ATP5F1C;NOL7;COX5B;CPOX;EIF1AD;SRSF2;STRBP;SMIM26;S100P;RABGGTB;ZWINT;HNRNPF;PROX1;TCEANC2;CALM1;ZMAT2;POLR3G;SSBP1;S100A11;CHMP1A;ZNF362;UBXN4;PDCD4;RTRAF;CDK7;VPS37B;SLC6A8;NDUFB4;ID1;TIMM10;RPLP0;TMEM35B;S100A13;CYP2S1;ATP5ME;RPL10;H2BC20P;SLC49A4;SLC22A23;SPATA33;EXOSC6;CHRAC1;SLC35B2;SOX5;TMEM104;TMEM97;FBXO6;FAM133B;DNLZ;ELOVL5;ITGB4;H3-7;YIPF4;GET4;MAPKAP1;ING5;PDE6C;C1GALT1C1;RETREG2;TMEM230;TMEM101;SERINC3;PLCL2;MRPS17;ZMIZ1;SEC22A;SLC17A5;MAFK;SSH3;UBE2D4;LAMTOR4;CLDN6;SHFL;S100A10;TMEM102;SLC25A20;SNX12;MAD2L2;RGP1;PTMS;GEMIN6;MOSPD1;SDHAF3;MED9;PHAX;SP5;SLC7A11;UBE2E1;SCAND1;RALBP1;FIZ1;MFSD8;WBP2;CTDSP1;TMEM123;SELENOP;SH2B1;THAP11;AURKAIP1;ATP5MJ;HSPA1L;ORMDL1;FAM3A;LAMTOR5;CD9;TMEM147;CD151;ARL14EP;TMEM129;SFT2D1;RPL35A;SLC6A9;SELENOH;UFC1;ZBTB38;MRPS10;MBTD1;RPS26;CRIP1;CHCHD1;GRN;BRK1;NDUFB11;TYSND1;SURF6;PPT2;ACTBL2;PRDM15;NEXN;PXMP2;UBIAD1;RAD9A;RMI2;NEURL4;C1D;WWC1;SS18;CYBA;C15orf40;NACA4P;ATXN7L3B;H2AC20;COX7C;MAPK1IP1L;FRMD7;ZBTB17;PROSER2;DYNLL2,31.07.2025
SRB-0002509,,AJ,v2,SRB-0002509-001,BMS,FBXO31,HepG2,WildType,24,10,Plate8,1,13,Medium (11-25),SULT2A1;RPL13A;BOD1;KAT6A;CHST3;VPS9D1;CYB561D2;PTTG1IP;TYK2;RABIF;NMNAT3;CD151;DYNLL2,31.07.2025
SRB-0002508,,AJ,v2,SRB-0002508-001,BMS,FBXO31,HepG2,WildType,24,10,Plate7,1,0,Silent,,31.07.2025
SRB-0002507,,AJ,v2,SRB-0002507-001,BMS,FBXO31,HepG2,WildType,24,10,Plate7,1,4,Low (2-10),SCNM1;SFT2D1;ANTKMT;SLC27A3,31.07.2025
SRB-0002506,,AJ,v2,SRB-0002506-001,BMS,FBXO31,HepG2,WildType,24,10,Plate7,1,0,Silent,,31.07.2025
SRB-0002505,,AJ,v2,SRB-0002505-001,BMS,FBXO31,HepG2,WildType,24,10,Plate6,1,12,Medium (11-25),SLC38A7;FHIT;PAGR1;POLE3;B4GALT3;TCEAL4;MFSD14B;C2orf76;TSPAN3;NOTCH2;SLC25A43;SETD1B,31.07.2025
SRB-0002504,,AJ,v2,SRB-0002504-001,BMS,FBXO31,HepG2,WildType,24,10,Plate6,1,75,High (>25),PTGES3;CAPNS1;NDUFAF5;CD59;PHLDA1;SRP19;UBTD2;NEK7;C15orf40;AIMP2;MTPN;RNF114;KLHL14;MRPS6;CTU1;TMEM120B;APOH;HHEX;CASKIN2;PPP2CA;VPS41;GRTP1;EIF1AY;NEMP1;FCF1;C8orf82;CHCHD2;COX11;TSSC4;HUS1;SMLR1;ZNF813;GCSH;MRPL33;SLCO2B1;NAA38;CNBP;LMBR1;GNB2;PIBF1;ZRANB2;CCND1;BOLA3;TM2D3;JTB;KCTD20;SERINC3;FHL2;MT2A;FBXO6;MT-ND3;IGF2;KDM8;DNM3;FAAP100;PLCXD1;PCBP3;BCKDHB;MDK;LGALS2;ZFAND3;APBB2;PRADC1;TMEM50B;NFYB;RAP1A;UBE2E3;NDUFB7;RNF128;MT1F;ZNF428;ELOVL5;DYNLT3;LYRM2;HERPUD2,31.07.2025
SRB-0002503,,AJ,v2,SRB-0002503-001,BMS,FBXO31,HepG2,WildType,24,10,Plate6,1,0,Silent,,31.07.2025
SRB-0002502,,AJ,v2,SRB-0002502-001,BMS,FBXO31,HepG2,WildType,24,10,Plate6,1,20,Medium (11-25),NEK3;PPP1CB;BORCS5;TMEM120B;PUS3;FBXL4;PHLDA1;SLC25A20;MRRF;RBM38;FAM241A;SIVA1;POLR2M;SLC17A5;GPBP1;PRDM2;SLC36A1;ZBTB43;ING5;SURF2,31.07.2025
SRB-0002501,,AJ,v2,SRB-0002501-001,BMS,FBXO31,HepG2,WildType,24,10,Plate10,1,3,Low (2-10),WIPI1;IQCB1;RINL,31.07.2025
SRB-0002500,,AJ,v2,SRB-0002500-001,BMS,FBXO31,HepG2,WildType,24,10,Plate10,1,10,Low (2-10),TLCD4;NFIC;DCP2;HDAC10;PATJ;C12orf4;IFRD1;KBTBD4;SNX29;BRWD1,31.07.2025
SRB-0002499,,AJ,v2,SRB-0002499-001,BMS,FBXO31,HepG2,WildType,24,10,Plate9,1,9,Low (2-10),TCEA3;CD59;EMILIN1;RPL36A;UBE3B;SMAD2;ZNHIT2;ELOVL5;MDK,31.07.2025
SRB-0002498,,AJ,v2,SRB-0002498-001,BMS,FBXO31,HepG2,WildType,24,10,Plate9,1,28,High (>25),SLC38A1;MTG1;PDE8A;FBXW2;CBX4;AIMP2;FABP5;PGK2;IFT122;MT-CO1;GATD1;SMAD2;GLTPD2;LGALS1;ROMO1;COX6B1;SMLR1;CD59;UQCRH;H2AC20;MDK;ELOF1;GNB2;BPGM;PPP2CA;NDUFB7;TUBB1;PLEKHG3,31.07.2025
SRB-0002497,,AJ,v2,SRB-0002497-001,BMS,FBXO31,HepG2,WildType,24,10,Plate9,1,13,Medium (11-25),MYO19;ISY1;SAMD4B;RUFY3;MFSD8;RIOK3;MAP3K11;LYRM1;ZBTB7A;SCAPER;MFSD10;SMUG1;MRPL54,31.07.2025
SRB-0002496,,AJ,v2,SRB-0002496-001,BMS,FBXO31,HepG2,WildType,24,10,Plate8,1,18,Medium (11-25),SMYD2;CHRAC1;ARID4A;RPP25L;CYP2S1;MED9;TOM1L2;TNRC6C;XPA;RGS3;MFSD8;SERF2;RFXAP;TENT5A;KCTD18;RHPN2P1;ALMS1;HSPA1L,31.07.2025
SRB-0002495,,AJ,v2,SRB-0002495-001,BMS,FBXO31,HepG2,WildType,24,10,Plate8,1,75,High (>25),ACSS2;AMBP;NDUFS7;TIMM22;VTN;XPA;FAM162A;PIP4P1;FXYD2;ANKMY2;CEACAM1;CHMP5;WDR89;C2orf76;TMEM69;NME2P1;GRN;MRPL41;HMGA2;TMEM237;CDS2;NUCKS1;CSTA;MINK1;TANK;SLCO4C1;PNKD;TM2D3;ACSM2A;SSH3;PRKACB;AP5Z1;NFIX;RPS15;ZCCHC7;TRIM65;MFSD8;FAM234B;ZFAND2B;NAT14;AURKAIP1;AMN;CLSTN3;MRPS12;CRYBG2;BHMT2;RAB5IF;TAFAZZIN;ZNF428;DXO;DNLZ;IFT22;PTPN3;TUBB1;MFSD14B;ZNF771;MED7;KCTD2;NIPA1;PYURF;CELSR2;PPP1R35;PRDM15;DTL;NECTIN3;THAP11;FBXO42;RILP;SERF2;MAST4;TNRC6C;UPF3A;FRMD7;PDE6C;HSPA1L,31.07.2025
SRB-0002494,,AJ,v2,SRB-0002494-001,BMS,FBXO31,HepG2,WildType,24,10,Plate8,1,47,High (>25),HSP90AA4P;TARBP2;NME2P1;TANK;MAPK1IP1L;TOM1L2;CCDC12;COA1;SNAPC4;USP20;TTF1;MRPS17;IL17RB;KIF7;RPS15;LGALS2;LAMTOR5;ZNF428;NEK1;SASH1;PEX11A;HDAC8;SLC35A1;NUDT17;KAT6A;MTIF3;ATXN7L3B;ATP5MJ;RALBP1;ORMDL1;MAFK;RBBP8;EPC1;SH3BP5L;DNAJC25;MTRES1;NPTXR;H2AC20;PCSK1N;THAP11;MYO5A;POC1A;TNRC18;PDE6C;PTTG1IP;NMNAT3;HSPA1L,31.07.2025
SRB-0002493,,AJ,v2,SRB-0002493-001,BMS,FBXO31,HepG2,WildType,24,10,Plate6,1,31,High (>25),GLTP;SIGMAR1;PHLDA1;DR1;PLPP3;CTNNBIP1;DENND4B;FCGRT;PHC3;DDX19B;MIER3;FRMD7;PXMP2;C1D;SMAD5;DNM3;KCTD20;R3HDM4;MSANTD2;CCND1;TCEAL4;TPST2;SLX4;EIF4EBP1;CCHCR1;ZNF3;SEC61G;SLC36A1;TMEM50B;SELENOP;PRDM2,31.07.2025
SRB-0002492,,AJ,v2,SRB-0002492-001,BMS,FBXO31,HepG2,WildType,24,10,Plate8,1,131,High (>25),MED4;HABP4;DSTN;PTGES3;PGP;RALY;CLTB;FANCG;PIP4P1;GET4;AKR1C1;ID1;CLPTM1L;RTRAF;SRSF2;MLLT1;TAGLN;HAUS4;MTG1;HSPE1;CD63;GEMIN8;LGALS8;NDUFB4;FCHO2;MAPK1IP1L;ATG3;TRAPPC3;LZTR1;FN3KRP;MT-ATP6;RPLP0;DPAGT1;OSTM1;ZFYVE19;SERINC3;RPL34;PLCL2;GCHFR;RWDD4;SLC25A20;ZMIZ1;TFR2;SMIM4;ALG8;RPL36A;FBLIM1;GFER;RNF128;BOD1;MBNL1;SNX7;COX20;ERH;OCIAD1;SERPINI1;SULT2A1;ORMDL1;DPY19L4;PRDM15;YIPF4;MPLKIP;TMEM256;SAPCD2;ZBTB40;USP38;TMEM167A;RPL13A;YOD1;SEC22A;ATXN7L3B;SOX5;KXD1;STXBP1;VKORC1L1;SNX3;SC5D;SLC25A17;ZNF652;TMEM177;IRS4;RBMXL1;SNX12;PCMTD2;ZFPL1;TUBB2B;SERPINA11;NFYC;PCBP3;TLE5;KAT6A;ATG4C;SFXN2;LAMTOR5;SLC17A5;ZNF511;SS18;MRPS2;H2AC20;TAFAZZIN;MT-ND2;DCAF15;CARD19;NDUFV3;VANGL1;SUPT7L;LGALS2;IL18;CYBA;RAB27A;ATP5MJ;SLC6A9;YIPF5;POLR2L;KDM1B;MYO5A;TIMM10;COX16;PXMP2;UBIAD1;PTTG1;CCDC138;ADNP2;RALBP1;UTP23;MTRES1;COX8A;COX7C;TMEM129;C15orf40;DYNLL2,31.07.2025
SRB-0002491,,AJ,v2,SRB-0002491-001,BMS,FBXO31,HepG2,WildType,24,10,Plate10,1,8,Low (2-10),SEMA7A;CCNB2;ATP11B;FAM32A;TSTD2;NIPA2;SMPD2;SFT2D1,31.07.2025
SRB-0002490,,AJ,v2,SRB-0002490-001,SERAC,FBXO31,HepG2,WildType,24,10,Pw34,1,1,Single (1),ADAR,16.04.2026
SRB-0002490,,AJ,v2,SRB-0002490-001,BMS,FBXO31,HepG2,WildType,24,10,Plate7,1,4,Low (2-10),HMGCR;IGHMBP2;MAST3;FZD5,31.07.2025
SRB-0002489,,AJ,v2,SRB-0002489-001,BMS,FBXO31,HepG2,WildType,24,10,Plate9,1,2,Low (2-10),PROSER2;PHACTR2,31.07.2025
SRB-0002488,,AJ,v2,SRB-0002488-001,BMS,FBXO31,HepG2,WildType,24,10,Plate7,1,141,High (>25),UPRT;RGN;PCBP1;GDI1;TMED10;POLR3D;GLRX5;ARHGAP45;ACTR10;PCK1;HSPG2;ISCU;ARG1;BLOC1S3;F10;SHC1;CFAP410;AMBP;PRPS2;RNF113A;GATD1;MVB12B;DPEP1;IL1RN;CA9;HDAC10;TOMM40L;FOXA2;DCTD;STX17;CNPY3;NDRG1;ASB9;SLC39A11;FDX1;CD59;SEC13;TMEM209;CHCHD2;MICU1;GLTPD2;LOX;RPE;C4BPA;ZNF428;PIAS1;NUBP1;HNRNPH2;HMGCR;APOH;COX19;SLC39A5;LMBRD1;FILIP1L;CENPN;MTARC2;TMEM165;DYNLT3;ARPP19;OSTC;MT-ND6;PAXX;CCN2;GIGYF1;SLCO4C1;ANKRD54;NFIX;GNG4;SLC31A1;CCL20;BDH1;EIF1AY;RBBP9;CXXC5;ZFAND3;DDR1;NTMT1;ZNF706;SLC11A2;KPNA4;CD7;PLEKHG3;BCKDHB;TRAPPC13;PCBP3;UQCRH;UTP23;IL17RB;MRPS12;RAI1;AMOTL2;SLF2;JMJD7;KPNA5;FCF1;C9orf72;TAF10;L3HYPDH;COX11;COX6B1;TINF2;MRM2;KXD1;FXYD1;MAP3K2;SGO2;ZNFX1;MT-ND3;TASP1;SERAC1;ZFP91;KLF13;SFT2D1;BOLA3;TAF11;MRPS18C;COA5;TMEM87B;GNB2;KCTD2;H3C1;CEP63;LRRC3;MBD1;CYP8B1;JTB;CRLS1;NAALADL1;TMEM120B;SMLR1;COL9A3;ROMO1;TCEAL1;MFSD8;SMAD2;TRAF6;HLA-H;NAT14;RARRES2;ACTBL2;PKNOX1,31.07.2025
SRB-0002487,,AJ,v2,SRB-0002487-001,BMS,FBXO31,HepG2,WildType,24,10,Plate7,1,4,Low (2-10),CCNC;ATXN1L;SLF2;ANKRD50,31.07.2025
SRB-0002486,,AJ,v2,SRB-0002486-001,BMS,FBXO31,HepG2,WildType,24,10,Plate6,1,18,Medium (11-25),SRP19;JTB;LSM4;TEP1;SEC61G;FDX1;IGF2;FCGRT;CARMIL1;KLF13;STEAP1;SMLR1;FAM210B;CCHCR1;TAFAZZIN;SLC23A2;UBE2J2;LYRM2,31.07.2025
SRB-0002485,,AJ,v2,SRB-0002485-001,BMS,FBXO31,HepG2,WildType,24,10,Plate6,1,10,Low (2-10),SEC61G;CD59;SNAPC3;DTD2;NUDT17;BOLA3;SIPA1L3;TUBD1;MT1F;MFSD14B,31.07.2025
SRB-0002484,,AJ,v2,SRB-0002484-001,BMS,FBXO31,HepG2,WildType,24,10,Plate6,1,10,Low (2-10),NECAP2;TMEM115;HYAL1;DHRSX;FAM193A;GRAMD2B;WWP1;TMEM9B;SEMA6A;CTC1,31.07.2025
SRB-0002483,,AJ,v2,SRB-0002483-001,BMS,FBXO31,HepG2,WildType,24,10,Plate6,1,8,Low (2-10),FKRP;DENND4B;CCP110;RFX5;CMTM4;TCF7;PTTG1IP;MT-CO3,31.07.2025
SRB-0002482,,AJ,v2,SRB-0002482-001,SERAC,FBXO31,HepG2,WildType,24,10,Pw141,1,0,Silent,,19.05.2026
SRB-0002481,,AJ,v2,SRB-0002481-001,SERAC,FBXO31,HepG2,WildType,24,10,Pw42_NOT_FAIMS,1,12,Medium (11-25),TMEM129;VEGFA;TAF1A;ZNF260;CROCC;DPY19L4;YIPF5;ATF6B;KBTBD4;TOR4A;CCDC167;AMMECR1,16.04.2026
SRB-0002481,,AJ,v2,SRB-0002481-001,BMS,FBXO31,HepG2,WildType,24,10,Plate10,1,11,Medium (11-25),CLCN2;TRIM26;TBL1X;TMEM243;GTF3C6;PALM2;ARL6IP1;KCTD20;GRAMD2B;SLC6A9;TBC1D31,31.07.2025
SRB-0002481,,AJ,v2,,,,,,,,,,,,,
SRB-0002480,,AJ,v2,SRB-0002480-001,SERAC,FBXO31,HepG2,WildType,24,10,Pw34,1,3,Low (2-10),CETN3;LCN15;KBTBD8,16.04.2026
SRB-0002480,,AJ,v2,SRB-0002480-001,BMS,FBXO31,HepG2,WildType,24,10,Plate10,1,2,Low (2-10),APOB;RNF14,31.07.2025
SRB-0002479,,AJ,v2,SRB-0002479-001,BMS,FBXO31,HepG2,WildType,24,10,Plate9,1,7,Low (2-10),GGPS1;INTS15;SMYD4;NUCKS1;ARSA;ATF6;EFNA1,31.07.2025
SRB-0002478,,AJ,v2,SRB-0002478-001,SERAC,FBXO31,HepG2,WildType,24,10,Pw42_NOT_FAIMS,1,0,Silent,,16.04.2026
SRB-0002478,,AJ,v2,SRB-0002478-001,BMS,FBXO31,HepG2,WildType,24,10,Plate9,1,7,Low (2-10),DEK;EXOSC1;FXYD2;RBM4B;ARHGAP32;ELOF1;R3HDM2,31.07.2025
SRB-0002477,,AJ,v2,SRB-0002477-001,BMS,FBXO31,HepG2,WildType,24,10,Plate9,1,3,Low (2-10),AMMECR1L;RBM4B;MZT1,31.07.2025
SRB-0002476,,AJ,v2,SRB-0002476-001,BMS,FBXO31,HepG2,WildType,24,10,Plate8,1,11,Medium (11-25),SMYD2;SERGEF;ASPHD1;FXYD2;ZNF428;GALK2;SCAPER;MED7;MFSD10;MOB2;FBXO6,31.07.2025
SRB-0002475,,AJ,v2,SRB-0002475-001,BMS,FBXO31,HepG2,WildType,24,10,Plate9,1,6,Low (2-10),BPIFB2;PCK1;BTN3A3;GDPGP1;PTTG1;RPP14,31.07.2025
SRB-0002474,,AJ,v2,SRB-0002474-001,BMS,FBXO31,HepG2,WildType,24,10,Plate9,1,6,Low (2-10),NUCKS1;GFER;ZNF813;TMUB2;STARD4;ROR1,31.07.2025
SRB-0002473,,AJ,v2,SRB-0002473-001,BMS,FBXO31,HepG2,WildType,24,10,Plate8,1,71,High (>25),CLNS1A;ARID4A;SCD;SFN;FAM162A;LRCH4;AP5Z1;NR5A1;CLK1;SMCR8;RPL10L;SLC16A1;KDM5A;TMEM115;RNPS1;CHMP5;RPS15;CRBN;MRPL55;NDUFB7;NMT2;MICU1;NIPA1;SMYD3;KAT5;DNLZ;HDAC10;RPP25L;ALKBH6;UBE2E3;STXBP5;NUDT17;DNAJB9;PNPLA2;MEX3D;MRPS12;THAP11;IL32;XPA;FGFR3;SH3BP5L;EPG5;SULT1E1;SELENOP;JADE1;MAP6;ANG;BICRAL;SLC30A10;SPP1;CPTP;SENP1;MYO5A;ZNF813;MED11;AKAP7;BHMT2;PHF21A;NUCKS1;MCRIP2;MARVELD2;PRSS8;RHPN2P1;HDAC8;TNRC6C;TNFAIP8L3;RPS20;C2CD2L;PDE6C;HSPA1L;HMGN1,31.07.2025
SRB-0002470,,AJ,v2,SRB-0002470-001,SERAC,FBXO31,HepG2,WildType,24,10,Pw39,1,0,Silent,,16.04.2026
SRB-0002469,,AJ,v2,,,,,,,,,,,,,
SRB-0002466,,AJ,v2,SRB-0002466-001,SERAC,FBXO31,HepG2,WildType,24,10,Plate48_Pw4,1,4,Low (2-10),KIF3C;MFSD14B;CRACR2B;NT5C3A,15.08.2025
SRB-0002465,,AJ,v2,SRB-0002465-001,SERAC,FBXO31,HepG2,WildType,24,10,Plate77_Pw12,1,0,Silent,,22.09.2025
SRB-0002464,,AJ,v2,SRB-0002464-001,SERAC,FBXO31,HepG2,WildType,24,10,Plate48_Pw4,1,1,Single (1),MATR3,15.08.2025
SRB-0002463,,AJ,v2,SRB-0002463-001,SERAC,FBXO31,HepG2,WildType,24,10,Plate78_Pw13,1,1,Single (1),ANO9,10.10.2025
SRB-0002462,,AJ,v2,SRB-0002462-001,SERAC,FBXO31,HepG2,WildType,24,10,Plate50_Pw6,1,1,Single (1),DNLZ,02.09.2025
SRB-0002458,,AJ,v2,SRB-0002458-001,BMS,FBXO31,HepG2,WildType,24,10,Plate7,1,2,Low (2-10),TMEM59;IMMP1L,31.07.2025
SRB-0002457,,AJ,v2,SRB-0002457-001,BMS,FBXO31,HepG2,WildType,24,10,Plate7,1,2,Low (2-10),G6PC3;CSNK1G2,31.07.2025
SRB-0002456,,AJ,v2,SRB-0002456-001,SERAC,FBXO31,HepG2,WildType,24,10,Pw96,1,1,Single (1),HRNR,19.05.2026
SRB-0002455,,AJ,v2,SRB-0002455-001,BMS,FBXO31,HepG2,WildType,24,10,Plate7,1,64,High (>25),TAF10;LYPLA2;ERGIC3;PDF;GOLPH3;SLC11A2;CTSB;CWC15;SRP19;ISCU;STK26;REXO2;CCN2;CMC2;PARK7;EIF1AY;CDKN1B;ABITRAM;CIAO1;OSMR;CRELD1;MTRF1L;EEF1AKMT4;COX6B1;RBL2;EEF1AKMT1;UTP23;ZNF428;WASF3;OSTC;ARFRP1;UQCRH;GRN;ABHD15;MT-ND3;H3C15;CHCHD2;ZBTB7A;PCBP3;CCL20;COL9A3;GNB2;ROMO1;BOLA3;DYNLT3;G6PC3;GNB1L;TMEM87B;MDK;HSD11B2;CNBP;VKORC1;PCBP4;CD59;RNF8;ZFAND3;CHCHD5;LIN37;CHCHD7;TRAPPC13;SMLR1;ZNF804A;TEPSIN;TAPBPL,31.07.2025
SRB-0002454,,AJ,v2,SRB-0002454-001,BMS,FBXO31,HepG2,WildType,24,10,Plate7,1,1,Single (1),PEX12,31.07.2025
SRB-0002453,,AJ,v2,,,,,,,,,,,,,
SRB-0002452,,AJ,v2,SRB-0002452-001,BMS,FBXO31,HepG2,WildType,24,10,Plate6,1,4,Low (2-10),LSM4;DNAJC30;MIER3;FAM185A,31.07.2025
SRB-0002451,,AJ,v2,,,,,,,,,,,,,
SRB-0002450,,AJ,v2,,,,,,,,,,,,,
SRB-0002449,,AJ,v2,,,,,,,,,,,,,
SRB-0002448,,AJ,v2,SRB-0002448-001,BMS,FBXO31,HepG2,WildType,24,10,Plate6,1,7,Low (2-10),CDCA5;DTD2;CARMIL1;PPP1R18;MFSD14B;SIGMAR1;APLF,31.07.2025
SRB-0002447,,AJ,v2,SRB-0002447-001,SERAC,FBXO31,HepG2,WildType,24,10,Pw89,1,0,Silent,,19.05.2026
SRB-0002446,,AJ,v2,,,,,,,,,,,,,
SRB-0002445,,AJ,v2,,,,,,,,,,,,,
SRB-0002444,,AJ,v2,,,,,,,,,,,,,
SRB-0002443,,AJ,v2,,,,,,,,,,,,,
SRB-0002442,,AJ,v2,,,,,,,,,,,,,
SRB-0002441,,AJ,v2,,,,,,,,,,,,,
SRB-0002440,,AJ,v2,SRB-0002440-001,SERAC,FBXO31,HepG2,WildType,24,10,Pw87,1,2,Low (2-10),STAU1;GPR108,19.05.2026
SRB-0002439,,AJ,v2,,,,,,,,,,,,,
SRB-0002438,,AJ,v2,SRB-0002438-001,SERAC,FBXO31,HepG2,WildType,24,10,Pw141,1,0,Silent,,19.05.2026
SRB-0002437,,AJ,v2,,,,,,,,,,,,,
SRB-0002436,,AJ,v2,SRB-0002436-001,SERAC,FBXO31,HepG2,WildType,24,10,Pw85,1,5,Low (2-10),HLA-C;NUP214;CYP2J2;SNRK;TMED7,19.05.2026
SRB-0002435,,AJ,v2,,,,,,,,,,,,,
SRB-0002434,,AJ,v2,,,,,,,,,,,,,
SRB-0002433,,AJ,v2,SRB-0002433-001,SERAC,FBXO31,HepG2,WildType,24,10,Pw147,1,4,Low (2-10),ORMDL2;CARMIL2;CENPQ;BOLA1,19.05.2026
SRB-0002432,,AJ,v2,,,,,,,,,,,,,
SRB-0002431,,AJ,v2,,,,,,,,,,,,,
SRB-0002430,,AJ,v2,,,,,,,,,,,,,
SRB-0002429,,AJ,v2,,,,,,,,,,,,,
SRB-0002428,,AJ,v2,,,,,,,,,,,,,
SRB-0002427,,AJ,v2,,,,,,,,,,,,,
SRB-0002426,,AJ,v2,SRB-0002426-001,SERAC,FBXO31,HepG2,WildType,24,10,Pw88,1,0,Silent,,19.05.2026
SRB-0002425,,AJ,v2,,,,,,,,,,,,,
SRB-0002424,,AJ,v2,,,,,,,,,,,,,
SRB-0002423,,AJ,v2,,,,,,,,,,,,,
SRB-0002422,,AJ,v2,,,,,,,,,,,,,
SRB-0002421,,AJ,v2,,,,,,,,,,,,,
SRB-0002420,,AJ,v2,,,,,,,,,,,,,
SRB-0002419,,AJ,v2,,,,,,,,,,,,,
SRB-0002418,,AJ,v2,,,,,,,,,,,,,
SRB-0002417,,AJ,v2,,,,,,,,,,,,,
SRB-0002416,,AJ,v2,,,,,,,,,,,,,
SRB-0002415,,AJ,v2,,,,,,,,,,,,,
SRB-0002414,,AJ,v2,,,,,,,,,,,,,
SRB-0002413,,AJ,v2,,,,,,,,,,,,,
SRB-0002412,,AJ,v2,,,,,,,,,,,,,
SRB-0002411,,AJ,v2,,,,,,,,,,,,,
SRB-0002410,,AJ,v2,,,,,,,,,,,,,
SRB-0002409,,AJ,v2,SRB-0002409-001,SERAC,FBXO31,HepG2,WildType,24,10,Pw84,1,2,Low (2-10),PYCR3;FBXL19,19.05.2026
SRB-0002408,,AJ,v2,SRB-0002408-001,SERAC,FBXO31,HepG2,WildType,24,10,Pw157,1,3,Low (2-10),EEF1AKMT4-ECE2;SAV1;B3GNT2,19.05.2026
SRB-0002407,,AJ,v2,SRB-0002407-001,SERAC,FBXO31,HepG2,WildType,24,10,Pw84,1,5,Low (2-10),LCAT;CYP1A1;PRSS8;TMEM205;VPS13A,19.05.2026
SRB-0002406,,AJ,v2,,,,,,,,,,,,,
SRB-0002405,,AJ,v2,,,,,,,,,,,,,
SRB-0002404,,AJ,v2,SRB-0002404-001,SERAC,FBXO31,HepG2,WildType,24,10,Pw85,1,3,Low (2-10),MYO1C;TAF1D;PRELID1,19.05.2026
SRB-0002403,,AJ,v2,,,,,,,,,,,,,
SRB-0002402,,AJ,v2,,,,,,,,,,,,,
SRB-0002401,,AJ,v2,SRB-0002401-001,SERAC,FBXO31,HepG2,WildType,24,10,Pw157,1,4,Low (2-10),PPP1R3D;SERPINA6;DIRC2;SIX4,19.05.2026
SRB-0002400,,AJ,v2,,,,,,,,,,,,,
SRB-0002399,,AJ,v2,,,,,,,,,,,,,
SRB-0002398,,AJ,v2,,,,,,,,,,,,,
SRB-0002397,,AJ,v2,,,,,,,,,,,,,
SRB-0002396,,AJ,v2,SRB-0002396-001,SERAC,FBXO31,HepG2,WildType,24,10,Plate81_Pw17,1,11,Medium (11-25),ABLIM1;HNRNPR;NUP98;NR1H2;S100A12;CHST15;TICAM1;ZDHHC21;SPRYD3;TOR3A;FARP1,02.10.2025
SRB-0002395,,AJ,v2,,,,,,,,,,,,,
SRB-0002394,,AJ,v2,,,,,,,,,,,,,
SRB-0002393,,AJ,v2,,,,,,,,,,,,,
SRB-0002392,,AJ,v2,SRB-0002392-001,SERAC,FBXO31,HepG2,WildType,24,10,Pw157,1,2,Low (2-10),S100A14;KPTN,19.05.2026
SRB-0002391,,AJ,v2,SRB-0002391-001,BMS,FBXO31,HepG2,WildType,24,10,Plate6,1,4,Low (2-10),FDX1;IFIH1;LYRM2;APLF,31.07.2025
SRB-0002390,,AJ,v2,SRB-0002390-001,SERAC,FBXO31,HepG2,WildType,24,10,Pw78,1,15,Medium (11-25),SIVA1;BNIP3L;CYP1A1;HLA-B;KDELR2;BNIP3;DHRS2;SLCO4C1;ARHGEF39;DNAH3;GAL3ST1;TXNIP;ABRACL;UQCR10;ATP5IF1,13.04.2026
SRB-0002390,,AJ,v2,SRB-0002390-001,BMS,FBXO31,HepG2,WildType,24,10,Plate6,1,4,Low (2-10),SLC38A7;ITM2C;TMEM129;DHRSX,31.07.2025
SRB-0002389,,AJ,v2,SRB-0002389-001,BMS,FBXO31,HepG2,WildType,24,10,Plate6,1,150,High (>25),FGFR4;WDHD1;EEF2K;MKI67;GINS4;KIF4A;NDC80;ADI1;KAT7;ARSL;PROS1;SLC13A5;IQSEC1;CKS2;SETD2;NSD2;TGFBR3;FBXO9;MBOAT7;APOC3;NOSIP;PIN1;TPX2;ZNHIT6;AURKB;ANKZF1;SKP2;CDH2;ITM2C;LAMB2;CDCA8;RACGAP1;CIT;CHRAC1;R3HCC1;SEMA6B;EAPP;FBH1;DCDC2;CCNB2;KDM3A;KIF23;ADSS1;SLC2A3;CKAP2L;PJA2;DHFR;KDM5C;PUSL1;NAA30;CAPN15;FLYWCH2;ARL6IP1;G2E3;C3orf33;PLK1;CDCA2;SMLR1;RGS12;SPAG5;TK1;SGO2;IGFBP1;OBI1;ZBTB33;PPFIBP2;OSMR;ATP11C;USP1;NFATC2;WASHC3;PFKFB4;DQX1;RCOR2;PKIG;SELENOO;TNFRSF19;KIF20A;NSD3;APOM;SLC41A3;DEPDC7;OBSL1;NARF;RMI2;DSC2;SCNM1;KDM5B;ASF1B;CENPE;SERPINA11;NFIL3;TTC26;STARD13;HMMR;CDC25C;CCM2;SORT1;MYRF;SLCO4C1;PLEKHM2;FADS1;PGAP2;EMC9;CREB3L2;TXNIP;KDM4C;SECISBP2L;UBE2E3;SLC2A10;FLCN;SPHK1;CENPQ;OIP5;DIAPH3;FRY;ODF2;PAM;CDCA7;HJURP;MTMR1;ISM2;SPRED2;DGKE;ZNF292;VANGL1;RNF128;ALKBH8;IFT22;PHF21A;CFLAR;AASDH;STARD4;CCDC82;THUMPD2;TNFAIP8L1;RECQL4;KIZ;ATAD5;PCLAF;LOX;BNIP3;BLOC1S6;CCHCR1;CXXC5;DXO;GC;TMEM129;TOR4A;CSNK1G2,31.07.2025
SRB-0002388,,AJ,v2,SRB-0002388-001,BMS,FBXO31,HepG2,WildType,24,10,Plate6,1,0,Silent,,31.07.2025
SRB-0002387,,AJ,v2,SRB-0002387-001,BMS,FBXO31,HepG2,WildType,24,10,Plate10,1,15,Medium (11-25),YRDC;PCGF2;NUDT2;CCN1;ST3GAL2;CETN2;GLRX2;UBIAD1;ATP11B;GTF3C6;EDEM1;FKBPL;EEF2KMT;MEF2D;LYRM2,31.07.2025
SRB-0002386,,AJ,v2,SRB-0002386-001,SERAC,FBXO31,HepG2,WildType,24,10,Pw78,1,3,Low (2-10),CYP1A1;RAB3B;LIPT1,13.04.2026
SRB-0002386,,AJ,v2,SRB-0002386-001,BMS,FBXO31,HepG2,WildType,24,10,Plate9,1,5,Low (2-10),CBR4;GEN1;EMC9;DYNC2LI1;PXMP2,31.07.2025
SRB-0002385,,AJ,v2,SRB-0002385-001,BMS,FBXO31,HepG2,WildType,24,10,Plate9,1,117,High (>25),PEG10;BCAM;CUL7;METTL17;ABI2;NID1;IREB2;LAMB2;PLK1;F2;PDK3;ALDOC;SYPL1;UBE2C;MAP2K6;ARSL;SORT1;AGRN;CBX3;SERPINI1;PPP1R13L;SORL1;CYP4F12;CBR4;TGFBR3;GREB1;APOC3;TCEA3;DDB2;FXYD2;PIAS2;KLHL5;PPM1H;TTK;PDCD4;KYAT1;PROS1;ALKBH4;SERPIND1;TF;FGA;TK1;ANKZF1;NUCKS1;KDM5B;SLC2A3;CLCN6;PJA2;KDM3A;NPTXR;EMC9;JADE1;EMILIN1;PYCARD;MFGE8;RBM4B;AGGF1;RAB20;SOX13;SC5D;ABCC10;NEDD9;FADS2;ARL6IP1;VASN;P4HA2;RAB42;PCSK9;NDRG1;CCN2;ZNF511;SLC6A8;PLOD2;FADS1;SAP30;ARG1;ELF2;ASF1B;CDCA7;DUSP22;DQX1;ANKRD54;FXYD1;KDM5D;DIP2A;NARF;SIDT2;SLCO4C1;NKAPD1;ELOF1;IFT172;OBSL1;NFIX;MTF2;ANG;PFKFB4;TXNIP;ZNF813;CLK1;SLC2A10;B4GALT3;CALCOCO1;IGFBP1;ISM2;EFNA1;RAB28;LRIG1;ARID5B;XPA;TOR4A;CA9;VPS41;MAML1;ITFG2;BNIP3L;LOX;BNIP3,31.07.2025
SRB-0002384,,AJ,v2,SRB-0002384-001,SERAC,FBXO31,HepG2,WildType,24,10,Pw42_NOT_FAIMS,1,1,Single (1),KNG1,16.04.2026
SRB-0002384,,AJ,v2,SRB-0002384-001,BMS,FBXO31,HepG2,WildType,24,10,Plate6,1,9,Low (2-10),RCC2;FXYD2;ZC3HAV1L;RNF126;DTD2;FAM185A;HMGN1;MFSD14B;HDAC5,31.07.2025
SRB-0002383,,AJ,v2,SRB-0002383-001,SERAC,FBXO31,HepG2,WildType,24,10,Pw78,1,0,Silent,,13.04.2026
SRB-0002383,,AJ,v2,SRB-0002383-001,BMS,FBXO31,HepG2,WildType,24,10,Plate9,1,30,High (>25),SOD1;SYPL1;BNIP3;SYNE1;CCN2;TOR4A;NUTF2;MAP3K2;RBM4B;ROMO1;TOR3A;PCBP4;NDUFB7;PIP5K1A;CYREN;SMAD2;MBD4;ZFAND2B;KCMF1;GNB2;TTLL4;VKORC1;RIC8B;CALCOCO1;MDK;PURB;TUBB1;ANG;HLA-H;MT1F,31.07.2025
SRB-0002382,,AJ,v2,SRB-0002382-001,BMS,FBXO31,HepG2,WildType,24,10,Plate9,1,6,Low (2-10),GPATCH1;GMPR2;PALM;GDPGP1;BPGM;NHLRC3,31.07.2025
SRB-0002381,,AJ,v2,SRB-0002381-001,BMS,FBXO31,HepG2,WildType,24,10,Plate6,1,105,High (>25),NDUFV2;LAMTOR1;AP3S2;CA13;CHPF;SEC61G;SOD1;GRTP1;DFFB;BOLA1;MARF1;PGK2;GLT8D1;YRDC;ZBTB33;ATE1;POLR2F;SMAD5;SSR3;FAM117B;VEZF1;DHRSX;COQ8B;TOMM6;WASHC3;TMEM65;METTL16;NDUFAF5;TADA2B;SULT1C2;SERPINF2;PHLDA1;SLC17A5;MAL2;SLC25A19;TMEM120B;BRAWNIN;ATXN7L3B;DONSON;JUN;IFT52;LSM5;ZBTB10;RPLP1;RAI1;CNOT6;DCAF15;CPQ;DNMT3B;MFGE8;MOB3A;ACVR1;SLC35B4;MMACHC;RFX5;SLC23A2;CDKN1B;WWC2;SAC3D1;SKA2;TCF7;ELP4;SEC16B;NDUFB7;PHF12;TOR4A;TRIM4;SLCO2B1;POLR2M;ODF2;TANC1;TCEAL4;GDPGP1;PROSER2;SGO1;UBN2;CCND1;BTRC;CLDN12;RECQL4;PCYOX1L;AP4S1;CCHCR1;MIER3;PKN3;SLC51A;FDX2;ARL6;PEDS1;HHEX;MAML2;UBE3B;MTRFR;PDCL2;HGSNAT;UQCRFS1P1;DNM3;RFX3;DGKE;NFYB;ZBED9;CCDC167;STARD4;TMEM50B;RBP5,31.07.2025
SRB-0002380,,AJ,v2,SRB-0002380-001,BMS,FBXO31,HepG2,WildType,24,10,Plate8,1,8,Low (2-10),TMUB1;NBR1;RBM4B;EPG5;MARVELD2;MT1F;RNF128;BTBD2,31.07.2025
SRB-0002379,,AJ,v2,SRB-0002379-001,BMS,FBXO31,HepG2,WildType,24,10,Plate8,1,10,Low (2-10),ZBTB14;CD55;RPS20;MAFK;CSTA;SLC35A1;H3C15;HSPA1L;CDK16;DGKA,31.07.2025
SRB-0002378,,AJ,v2,SRB-0002378-001,BMS,FBXO31,HepG2,WildType,24,10,Plate8,1,255,High (>25),NPM1;AK2;NT5E;NDUFA5;ACAA2;ADH5;DGAT1;RAVER1;SUB1;RPP40;PRPF31;GSTT1;NDRG2;SSR1;SQLE;CAPNS1;CDK7;S100A1;POLR2D;BSDC1;AKR1C3;HSDL2;FAM162A;LYPLA2;CYP51A1;STMN1;RPS28;MAP2K6;RPL13A;CTSB;COX5B;VWA3B;AP1B1;HBA1;ORMDL3;RPS17;ACSS2;RPLP0;RSU1;ARG2;TIMM17B;PAM16;CTDNEP1;LSM8;TSSC4;NAA16;PHAX;TCEA3;CEACAM1;ZC3HAV1L;SLC30A7;CCN2;RRP15;NHEJ1;SRRM1;HDAC8;SLMAP;RABGGTB;BID;ECD;HNMT;ANKMY2;EXOSC6;COX5A;LRG1;TM9SF4;ATP5ME;FUCA1;ZKSCAN8;LBR;C2orf49;KAT5;CLDN6;MED7;SF3B4;ALG13;SLC22A23;MRPL28;HSPB11;MAPK1IP1L;TXN2;GTPBP3;LGMN;PARK7;CEBPA;ELL2;RETREG2;MIGA1;ATF6;SCAF1;UBTD2;SSR3;PRXL2B;CMAS;DYNLRB1;SOD1;PITHD1;METTL16;SELENOI;SULT2A1;SAP18;TMEM120A;ARMT1;CXorf38;GDA;PRKACA;NEK4;AP5Z1;PSMC3IP;PDCD4;COX18;NAF1;RPP25L;ZFAND6;ELOB;NDUFA3;COQ7;POLR2I;FBXO6;RAB43;UQCC2;PHLDA1;LAMTOR5;SCOC;IGF2;TIMM29;CTIF;PEPD;ZMAT2;GPX7;TRAPPC13;PPP1R3D;RAB11B;SLC17A5;GRN;BICRAL;MPV17;POMP;TUBA8;MTRF1;TMEM68;DNLZ;NUDT8;ADPGK;TBC1D14;RPS15;KRTCAP2;VEZF1;AURKAIP1;PHF6;GM2A;SLC38A3;SELENOP;ZNF148;TM2D3;ANP32E;CEP350;RPL10;ARHGAP32;PGPEP1;RABIF;NDUFB7;KIAA1191;RPL22L1;TTR;NDUFB11;DNAJC25;RMI2;PPP1R35;UBE2E1;NDUFB3;CYB561D2;H2AC21;REL;S100A10;ELOVL5;ACAT2;SEC22A;PCBP3;HIGD2A;LSM7;VPS37B;GLRX;ZMIZ1;MTRES1;NDUFV3;FIGN;CA9;NIPA2;UBE2D4;SERINC3;SURF6;COMMD8;FAM117B;NOL3;SERF2;SLC7A11;ZNF652;POLR3K;GMPR2;TMEM14C;DRAM2;GTF3C6;PRKACB;UFC1;C6orf120;ATP5MJ;CETN2;SLC6A9;ATXN7L3B;MRPL54;C2CD2L;STXBP1;MRPL41;CALCOCO1;COX7C;SLC10A1;PWWP2A;EPG5;ERC2;MEST;IDH3G;TIMM17A;LGALS2;ORMDL1;THAP11;PAM;GON4L;BLOC1S4;PPT2;ANGPTL8;CRIP1;CSNK1E;CD9;H3C15;CHCHD1;RAB3IP;RALBP1;SH3BP5L;MOSPD1;SFT2D1;SS18;ITPRIPL2;TMEM256;PDE6C;LYRM2;ATP6V1B1;H2AC20;TMEM132A;NMNAT3;PTTG1IP;CYBA;NACA4P;DYNLL2;HSPA1L,31.07.2025
SRB-0002377,,AJ,v2,SRB-0002377-001,BMS,FBXO31,HepG2,WildType,24,10,Plate10,1,6,Low (2-10),PTPRU;NDST1;TMEM39A;FEM1C;ADCK1;CTC1,31.07.2025
SRB-0002376,,AJ,v2,SRB-0002376-001,BMS,FBXO31,HepG2,WildType,24,10,Plate8,1,5,Low (2-10),STIM2;CALM1;MED7;TMEM129;JAM3,31.07.2025
SRB-0002375,,AJ,v2,SRB-0002375-001,BMS,FBXO31,HepG2,WildType,24,10,Plate7,1,9,Low (2-10),PDE6D;PUSL1;MVB12A;PHLDA3;APPBP2;RFWD3;MEF2A;PTTG1;EPC1,31.07.2025
SRB-0002368,,AJ,v2,SRB-0002368-001,SERAC,FBXO31,HepG2,WildType,24,10,Plate77_Pw12,1,2,Low (2-10),FEZ2;GRB14,22.09.2025
SRB-0002367,,AJ,v2,SRB-0002367-001,SERAC,FBXO31,HepG2,WildType,24,10,Plate48_Pw4,1,0,Silent,,15.08.2025
SRB-0002366,,AJ,v2,SRB-0002366-001,BMS,FBXO31,HepG2,WildType,24,10,Plate8,1,124,High (>25),ADH5;CBX5;FRAS1;PEG10;PARD6B;DHCR7;AMBP;FGB;APOC3;CLU;SLC37A4;NME2P1;RHOG;RNPS1;ATP5ME;NT5E;RIDA;MZT1;BOLA1;FGA;TANK;MICA;KHNYN;ARID4A;ACSS2;FDFT1;SQLE;FLYWCH2;LRCH4;FXYD2;TBC1D8B;MSMO1;ADSS1;TACC1;PSEN1;EBAG9;ERGIC3;ALDOC;NHEJ1;PCGF2;PTER;RAB43;SMCR8;OXSM;BAZ2A;RSL24D1;SERINC3;TGFBR3;PHYHD1;CRTC2;POT1;CEACAM1;SMLR1;SCD;ZC2HC1A;FAM162A;SLC38A2;NFAT5;GRN;MTMR1;NR2F6;MICB;PRKACB;SLC39A11;RAB24;NMT2;PCSK9;ZFAND2B;MED9;BRF1;TDRKH;CLSTN3;PACS2;F10;R3HCC1;MRPS12;MELK;HOOK2;HDAC8;DUSP6;SLCO4C1;FILIP1L;PALM3;SUPT20H;LRRC3;FST;FADS2;WBP2;JAM3;NUCKS1;GRTP1;BIRC5;ZNF362;CCN2;PAM;CDKN2AIPNL;ARHGAP21;ASB1;CD55;FGFR3;AHDC1;NAT14;CSTA;CHCHD7;EMILIN1;RPL22L1;KXD1;LMBRD1;CPTP;CDKN1B;GNG7;TMEM68;MAP6;SS18L2;RAD51D;RPS20;TNRC18;RNF34;MAST4;ZNF813;CA9;PAQR9;PDE6C;HSPA1L,31.07.2025
SRB-0002365,,AJ,v2,SRB-0002365-001,SERAC,FBXO31,HepG2,WildType,24,10,Plate76_Pw11,1,3,Low (2-10),C16orf86;FHL2;TIMP1,15.09.2025
SRB-0002364,,AJ,v2,SRB-0002364-001,BMS,FBXO31,HepG2,WildType,24,10,Plate8,1,98,High (>25),DPM3;ERG28;VTN;GHDC;ROMO1;AMBP;C11orf54;ZNF593;FXYD2;CNPY3;MTMR1;SFN;LYPLA2;GNPTAB;DDA1;PPP2CA;LRP11;TOMM40L;CLK1;NFATC3;ARL5A;CRBN;ERGIC3;NAT14;FAM162A;CSPP1;CHCHD2;VWA3B;RANGRF;CHMP5;KANK4;LMBRD1;NHEJ1;CEACAM1;AURKAIP1;TANK;SMLR1;GNB2;SUSD2;CEP350;NFIX;SELENOP;TIMM17A;C2orf76;ZKSCAN8;PPP1R3D;OTUD6B;TMEM68;AP5Z1;LGR4;LOX;BLOC1S6;NMT2;POTEJ;TMEM120B;MRPL32;ZNF813;ZCCHC7;NUCKS1;PAM;JADE3;ZFYVE1;CRTC2;GGT7;BOLA3;SLC35D1;SLC10A1;ZBTB14;PTPN3;CA9;XPA;COCH;PLEKHF1;CD55;COA5;ZFC3H1;CHCHD7;TIGD2;KBTBD2;PTTG1IP;ADIPOR1;ZBTB38;SARAF;TMEM168;ANGEL1;KAT6A;PYURF;DNAJC25;PRDM15;G6PC3;SCRN2;TNFAIP8L3;ANG;GGNBP2;UBE2E3;LYRM2;PDE6C;HSPA1L,31.07.2025
SRB-0002362,,AJ,v2,SRB-0002362-001,SERAC,FBXO31,HepG2,WildType,24,10,Pw33,1,50,High (>25),CYR61;PTPRT;MYO1B;MAFK;DUS4L;APOC1;APOC2;CLEC3B;CD55;CSF1;CISD3;PVR;FOSL1;AREG;JUNB;HOXA5;ZFP36;AXL;TNNT2;IER3;SMTN;RRAD;F2RL1;ATP5F1E;JAG1;CCL20;RBM10;AKAP12;ZFP36L1;CYP24A1;CCDC15;MAPK6;PHLDA2;MPV17L2;UTP14C;GPSM1;TCP11L2;GOLM1;ZNF114;DDX54;SLC39A7;FBXL18;ZNF570;MRPL34;PIGU;IL17B;PITPNC1;MAPK8IP3;CDK11A;ITM2B,16.04.2026
SRB-0002362,,AJ,v2,SRB-0002362-001,BMS,FBXO31,HepG2,WildType,24,10,Plate7,1,83,High (>25),SLC25A1;TXLNG;DHRS7B;TGOLN2;ZNF787;VTI1A;BLOC1S3;PCGF6;AHR;MRPS14;SMOC1;NDUFA6;CFB;NUBP1;ETNK1;FILIP1L;CEBPB;CAPG;QPCTL;ISG15;QPRT;ATF7;GEMIN2;PICK1;BRAF;FBXL20;RPL35;MTX2;SHB;ANG;TMED2;PNISR;COA3;SLC47A1;ABTB3;BACH1;SOX13;PRR12;MARCKSL1;PYCR3;CDK16;NAT14;MAPK8;RBL2;ARPIN;PEX16;PNPLA8;ZNF706;STK11;TMEM120B;FLYWCH2;TMEM68;ENTPD7;RYBP;SLC35A1;ZNF524;DPAGT1;ALG13;ZNF24;B2M;FBXL8;NDUFS6;GUK1;SMG9;ACAP3;MBNL2;TMEM94;NOMO1;ARL14EP;PEX12;MRPS18C;MOB2;ZNF395;NOS1AP;CTCF;MED18;NIN;FZD5;RPS29;MFSD9;MRPL55;RBX1;ANKRD20A12P,31.07.2025
SRB-0002360,,AJ,v2,SRB-0002360-001,BMS,FBXO31,HepG2,WildType,24,10,Plate9,1,7,Low (2-10),SAPCD2;CLCN6;HMGCR;SNAPC4;TLE5;RUFY3;TOR4A,31.07.2025
SRB-0002359,,AJ,v2,SRB-0002359-001,BMS,FBXO31,HepG2,WildType,24,10,Plate6,1,5,Low (2-10),TMEM167B;ALKBH4;HACD1;STEAP1;KIZ,31.07.2025
SRB-0002358,,AJ,v2,SRB-0002358-001,BMS,FBXO31,HepG2,WildType,24,10,Plate9,1,5,Low (2-10),TFPI;ING3;CCN2;TOR4A;RC3H2,31.07.2025
SRB-0002357,,AJ,v2,SRB-0002357-001,BMS,FBXO31,HepG2,WildType,24,10,Plate9,1,55,High (>25),TPI1;TFPI;METTL7A;RPL23;TCEA3;PTGES3;COQ7;SERINC1;FAM234B;FXYD2;PDE6D;RNF14;ITIH3;ZNF689;SFT2D1;NUCKS1;ASB9;ARFRP1;CCN2;APOH;TUBA4A;ARL6IP1;RHOA;TOR3A;LGALS1;CD59;ACTBL2;RNF114;DCAF4;RPP14;ZFAND6;PANX1;SMLR1;ROMO1;BCKDHB;ELOF1;BOLA3;CA9;SRP19;GNB2;CNBP;SMPD1;MORC4;DUSP6;TOR4A;SLC11A2;MDK;ZDHHC4;R3HDM2;PPP2CA;VKORC1;NDUFB7;DYNLT3;RPL36A;LDB1,31.07.2025
SRB-0002356,,AJ,v2,SRB-0002356-001,SERAC,FBXO31,HepG2,WildType,24,10,Pw78,1,85,High (>25),E2F8;APOL1;UBD;SIVA1;SOX12;BNIP3L;OBSL1;GMNN;ZWINT;PPP1R3D;FADS2;CP;HPR;FGA;APOH;ARG1;C8A;GJB1;HMOX1;SKI;EFNA1;ACVR2A;LOX;SERPINA4;SLC1A2;CYP2J2;HHEX;DPYD;BNIP3;DHRS2;SKP2;NEDD9;CBX2;PCLAF;HMGN3;MAPK14;HIF1A;CA9;PFKFB4;ESCO2;DGKK;VASN;PSRC1;FAM111B;SLC30A10;SLCO4C1;NET1;LDB1;SAPCD2;RTN4RL2;LRP11;COA5;SIX5;ARHGEF39;PCSK9;CCHCR1;DEPDC1B;PTPRU;HIST1H2BA;TIFA;LRRC58;RMI2;ATAD5;UHRF1;CDCA7;BTBD2;TWSG1;TXNIP;TNS1;HELLS;LTBP3;SPTLC3;ASF1B;DONSON;PODXL2;DTL;CIDEB;SLC23A1;ZNF580;FBXO9;FBXO5;COQ4;BOLA1;ORC6;MAGED1,13.04.2026
SRB-0002356,,AJ,v2,SRB-0002356-001,BMS,FBXO31,HepG2,WildType,24,10,Plate6,1,84,High (>25),UBL7;KIF4A;FGFR4;DCDC2;INCENP;BCL10;TSR2;OBSL1;RNASEH2C;NEDD9;HMMR;NMRAL1;SELENBP1;SLC2A3;FGA;MAGED1;CENPE;CDCA8;RAI1;ZCCHC2;DQX1;FST;APOC3;KIF20A;LAMB2;VWA1;CDC25C;CCDC90B;NOS1AP;CKAP2;DDA1;NUDT17;PPCDC;CEP135;IMPACT;OBI1;DSCC1;BAP1;DNAJC30;NR6A1;ITM2C;TCF3;ANKRD39;PLK1;HMG20B;FAM83D;GSPT2;DHRSX;UNC93B1;TNFRSF19;SMLR1;PCLAF;CNOT6;SPPL2B;SINHCAF;KANSL2;KDM4C;IL32;TNFAIP8L1;RNF13;CEP97;BNIP3;CMTM4;FIGN;FBXO9;GEN1;TSTD2;PDIA2;GPBP1;RECQL4;TMEM51;TMEM14C;ZNF800;ASXL1;SLCO4C1;SLC36A1;FGFR1OP2;H3C1;ADNP2;PLEKHF1;CCP110;TRIM5;LGALS2;H3C15,31.07.2025
SRB-0002355,,AJ,v2,SRB-0002355-001,BMS,FBXO31,HepG2,WildType,24,10,Plate6,1,1,Single (1),ASPHD1,31.07.2025
SRB-0002354,,AJ,v2,SRB-0002354-001,SERAC,FBXO31,HepG2,WildType,24,10,Pw78,1,6,Low (2-10),ZNF292;CYP1A1;LCP1;ZNF174;UNC45A;UNC45A,13.04.2026
SRB-0002354,,AJ,v2,SRB-0002354-001,BMS,FBXO31,HepG2,WildType,24,10,Plate10,1,9,Low (2-10),EPDR1;CA9;TOR3A;DUSP6;ARG1;UNC45A;TOR4A;SNRK;TMEM14C,31.07.2025
SRB-0002354,,AJ,v2,SRB-0002354-002,SERAC,FBXO31,HepG2,WildType,24,10,Pw147,1,6,Low (2-10),PIK3CA;ANTXR2;CHST3;C9orf40;UNC45A;UNC45A,19.05.2026
SRB-0002353,,AJ,v2,SRB-0002353-001,SERAC,FBXO31,HepG2,WildType,24,10,Pw78,1,3,Low (2-10),TSPAN4;CYP1A1;CEP72,13.04.2026
SRB-0002353,,AJ,v2,SRB-0002353-001,BMS,FBXO31,HepG2,WildType,24,10,Plate9,1,4,Low (2-10),RPL10L;XPA;FAM120C;SENP2,31.07.2025
SRB-0002352,,AJ,v2,SRB-0002352-001,SERAC,FBXO31,HepG2,WildType,24,10,Pw78,1,3,Low (2-10),CYP1A1;COX17;L3MBTL3,13.04.2026
SRB-0002352,,AJ,v2,SRB-0002352-001,BMS,FBXO31,HepG2,WildType,24,10,Plate9,1,18,Medium (11-25),LYZ;AKAP17A;SGF29;NDUFB7;PHLDA1;TOR4A;CLK1;CD59;MLLT10;GDPGP1;THUMPD2;ANTXR2;SLC51A;ZFAND2B;UQCRH;H3C15;CHMP4C;FAM111B,31.07.2025
SRB-0002351,,AJ,v2,SRB-0002351-001,SERAC,FBXO31,HepG2,WildType,24,10,Pw78,1,1,Single (1),CYP1A1,13.04.2026
SRB-0002351,,AJ,v2,SRB-0002351-001,BMS,FBXO31,HepG2,WildType,24,10,Plate9,1,77,High (>25),ARSL;MRPL53;PRDX4;PPP4R2;TFPI;PARK7;GAA;SLC25A5;SLC38A1;C8orf82;TAF1A;PTGES3;EMC9;CCN2;GATD1;COMT;DHRS7B;TCEA3;SYPL1;RHOA;NDUFAB1;CHCHD2;CEACAM1;SLC25A40;CTSB;COX11;ARL6IP1;TSEN15;ARFRP1;GRTP1;ADAM15;SPPL2A;RAD54L2;RPL30;RPL36A;MRPS6;APOH;FABP5;ZFYVE9;RNASE4;EIF1AY;ACOT8;RAD54B;TUBA4A;PCBP4;LYPLA2;BCKDHB;ZBED8;GDPGP1;LGALS1;CHCHD5;PANX1;SMLR1;ZFAND2B;BOLA3;EFNA1;MDK;CD59;VKORC1;SLC11A2;ELOF1;ROMO1;GNB2;TAFAZZIN;MRPS12;MT-ND3;COX6B1;PPP2CA;NDUFB7;CNBP;HLA-H;CNOT6;SIVA1;UQCRH;ANG;TUBA8;RNF126,31.07.2025
SRB-0002350,,AJ,v2,SRB-0002350-001,BMS,FBXO31,HepG2,WildType,24,10,Plate8,1,52,High (>25),SPAST;EMC3;NUBPL;SIRT1;DCTD;MAP7D2;HABP4;FTL;NUDT1;MT-ATP6;PDK2;CYP2S1;RMI1;PDCD2L;STIM2;FBXO28;HSP90AA4P;RNASE4;CBX1;LMBRD1;NUFIP1;ORC1;CKMT1A;SLC39A11;METTL5;BRIP1;KDM1B;MVB12B;NSRP1;PDE6D;ADNP2;PPP1R3D;PHF12;TCIRG1;ELOVL5;KHDRBS3;MFSD14B;FKBPL;SLC35B1;PAM;TMUB1;TLE5;ABCC10;ZDHHC4;AP4S1;JAM3;RAD51D;CKS2;ATXN7L3;RFX3;IFT81;BRPF1,31.07.2025
SRB-0002349,,AJ,v2,SRB-0002349-001,SERAC,FBXO31,HepG2,WildType,24,10,Pw78,1,2,Low (2-10),MYO1G;CYP1A1,13.04.2026
SRB-0002349,,AJ,v2,SRB-0002349-001,BMS,FBXO31,HepG2,WildType,24,10,Plate8,1,2,Low (2-10),EPCAM;HDAC8,31.07.2025
SRB-0002348,,AJ,v2,SRB-0002348-001,SERAC,FBXO31,HepG2,WildType,24,10,Pw78,1,2,Low (2-10),CYP1A1;PMS2P11,13.04.2026
SRB-0002348,,AJ,v2,SRB-0002348-001,BMS,FBXO31,HepG2,WildType,24,10,Plate8,1,56,High (>25),CHRAC1;VTN;ZNF593;TOR4A;CKMT1A;DNLZ;MVB12B;CCN2;TMEM104;FGFR3;YY1AP1;AURKAIP1;GATAD1;MTRES1;ATXN7L3B;ACVR1B;ZNF813;ANG;H2AC21;MOSPD1;MRPS17;SEC22A;SPRED2;IFRD1;H3C1;TBC1D14;DTD2;PRDM15;RP2;SS18;HMGN1;KANK4;LRP11;PDE6C;TIGD2;TAF9B;FRMD7;SERINC3;SERF2;ZC3H12A;NACA4P;MT2A;PYURF;FAM126B;WWC1;NDFIP1;CHCHD1;CRIP1;ZBTB17;THAP11;SLC35A1;SLCO4C1;PAAT;HSPA1L;DYNLL2;CD151,31.07.2025
SRB-0002347,,AJ,v2,SRB-0002347-001,SERAC,FBXO31,HepG2,WildType,24,10,Pw79,1,2,Low (2-10),GATA4;ZNF658,15.04.2026
SRB-0002347,,AJ,v2,SRB-0002347-001,BMS,FBXO31,HepG2,WildType,24,10,Plate9,1,88,High (>25),AKR1A1;MDH2;SLC35E1;PCSK9;MAP2K6;SLC25A19;TMEM128;NGLY1;ACSM2B;SERPINI1;RPS5;TCEA3;SLC25A5;ARFRP1;FUCA1;RBP4;PARK7;KHDC4;RPL23;CCN2;PTGES3;TOMM40L;NDUFAB1;WDR7;RNF113A;FUT6;NUCKS1;ANKRD10;AIMP2;CEACAM1;CHCHD2;LGALS1;RUFY3;INIP;PGK2;IGFBP1;GATD1;RPL30;RNF114;SIGMAR1;SETD6;TBC1D7;RPP14;ARL6IP1;CTSB;TSSC4;ELF2;AEBP2;ZBED8;BCKDHB;USP6NL;STARD13;ISM2;KDM5D;ICAM2;LYPLA2;GRK6;DXO;H2AC20;APOH;ANKRD54;ATF6;MRPS12;TUBA4A;SLC11A2;TANC1;SRP19;SH2B1;CNBP;SMLR1;CD59;POP5;ENTPD7;SIVA1;BOLA3;COX6B1;MT-ND3;EIF1AY;SLC51A;ACTB;ROMO1;UQCRH;NECTIN3;GNB2;ITGB4;PPP2CA;VKORC1;NDUFB7,31.07.2025
SRB-0002346,,AJ,v2,SRB-0002346-001,BMS,FBXO31,HepG2,WildType,24,10,Plate9,1,5,Low (2-10),ARSA;PWWP2A;RBM4B;PHF21A;BRMS1L,31.07.2025
SRB-0002345,,AJ,v2,SRB-0002345-001,BMS,FBXO31,HepG2,WildType,24,10,Plate8,1,1,Single (1),KANK4,31.07.2025
SRB-0002344,,AJ,v2,SRB-0002344-001,SERAC,FBXO31,HepG2,WildType,24,10,Pw77,1,3,Low (2-10),PDE6D;ZNF783;TMEM104,13.04.2026
SRB-0002344,,AJ,v2,SRB-0002344-001,BMS,FBXO31,HepG2,WildType,24,10,Plate8,1,74,High (>25),RAD51AP1;FAM8A1;VTN;NFATC3;FUCA1;FAM162A;DNAJC5;ARID4A;HMGA2;PTMA;PPIL1;TMEM184C;EPHX2;DNLZ;ZNG1B;NAT14;EBAG9;MICOS13;CHMP5;UNC45A;ANGEL1;NUFIP1;TBC1D14;ITGB4;GRPEL2;SLCO4C1;REEP3;METTL21A;ARHGEF11;TCEANC2;SUMF1;VWA3B;CLSTN3;ALG13;HACE1;HEPACAM;PODXL2;ZNF148;LSM5;RSL24D1;NUCKS1;SLC35A1;NECTIN3;ZNF428;SELENOI;MVB12B;COA1;RPS20;DUSP6;IFT81;RPS15;MYBL2;MELK;RPP21;JARID2;CINP;AXIN1;TTC12;MED31;SETD1B;ALKBH6;DEPDC7;ZNF292;CYP19A1;PDE6D;SH3BP5L;BCAS1;GID4;FZD5;SARAF;CALCOCO1;MYO5A;PDE6C;HSPA1L,31.07.2025
SRB-0002343,,AJ,v2,SRB-0002343-001,SERAC,FBXO31,HepG2,WildType,24,10,Pw77,1,0,Silent,,13.04.2026
SRB-0002343,,AJ,v2,SRB-0002343-001,BMS,FBXO31,HepG2,WildType,24,10,Plate7,1,7,Low (2-10),BLOC1S3;UROS;TINF2;PIAS1;TBC1D14;GRN;HLA-H,31.07.2025
SRB-0002342,,AJ,v2,SRB-0002342-001,SERAC,FBXO31,HepG2,WildType,24,10,Pw77,1,15,Medium (11-25),CYP1A1;FYN;MPZ;CD97;AFDN;BRD3;RHOU;DPH6;BHLHA15;ADAT2;NEIL2;FIZ1;SARG;BBC3;SLC35C2,13.04.2026
SRB-0002342,,AJ,v2,SRB-0002342-001,BMS,FBXO31,HepG2,WildType,24,10,Plate8,1,75,High (>25),CTTNBP2NL;COMMD8;RBM17;CHRAC1;USP13;CEMIP;SELENOS;SMCR8;FDX1;CLDN6;ZNF428;SUSD2;TMEM184C;POLR3G;RANGRF;PDCD2L;BRD3;EXOSC6;LRG1;SLC35B2;MYRF;PHAX;RPL13A;FBLIM1;TMCC1;SHFL;LRP11;H2AC21;TMEM123;ING5;THAP11;ZNF593;ZMIZ1;SFT2D1;NDUFB11;BRD2;SNAPC4;SLC7A11;FBXO6;SGCE;LGALS2;UBE2E1;HIGD2A;SELENOP;ORMDL1;UBXN8;SFXN2;C1D;GRN;DNAJB9;PDE6C;PTTG1IP;CD9;RASAL2;TMEM102;SETDB1;COX7C;NACA4P;SELENOH;TAPBPL;FRMD3;CYP2S1;RALBP1;MAFK;PRDM15;ZBTB14;NDFIP1;VPS9D1;MYO5A;HSPA1L;H3C15;TMEM132A;MBD1;CYBA;DYNLL2,31.07.2025
SRB-0002341,,AJ,v2,SRB-0002341-001,BMS,FBXO31,HepG2,WildType,24,10,Plate7,1,11,Medium (11-25),MVB12A;PHLDA3;DHRSX;MED31;MFSD8;LIPT1;H3C15;RBM41;H3C1;TRAF6;SZT2,31.07.2025
SRB-0002340,,AJ,v2,SRB-0002340-001,SERAC,FBXO31,HepG2,WildType,24,10,Pw44,1,2,Low (2-10),TMEM268;TOR4A,16.04.2026
SRB-0002340,,AJ,v2,SRB-0002340-001,BMS,FBXO31,HepG2,WildType,24,10,Plate7,1,6,Low (2-10),RBM38;BAP1;CCN2;CDKN1B;TOR4A;PTTG1,31.07.2025
SRB-0002339,,AJ,v2,SRB-0002339-001,BMS,FBXO31,HepG2,WildType,24,10,Plate8,1,6,Low (2-10),SERINC3;H2AC21;ZNF362;TOR4A;GFER;TUBA8,31.07.2025
SRB-0002338,,AJ,v2,SRB-0002338-001,BMS,FBXO31,HepG2,WildType,24,10,Plate8,1,1,Single (1),MTMR1,31.07.2025
SRB-0002337,,AJ,v2,SRB-0002337-001,BMS,FBXO31,HepG2,WildType,24,10,Plate7,1,20,Medium (11-25),CENPB;SBF2;CA9;OIP5;TRAPPC10;CDKN1B;FILIP1L;YBEY;G6PC3;GATAD1;CRIP1;SMIM15;KXD1;CEP63;TRAPPC13;MYO5A;PEX12;MAST3;ANKRD50;ITPRIPL1,31.07.2025
SRB-0002336,,AJ,v2,SRB-0002336-001,BMS,FBXO31,HepG2,WildType,24,10,Plate6,1,1,Single (1),NFX1,31.07.2025
SRB-0002335,,AJ,v2,SRB-0002335-001,BMS,FBXO31,HepG2,WildType,24,10,Plate6,1,5,Low (2-10),FKRP;DTD2;SLC25A26;PALM2;RPP14,31.07.2025
SRB-0002334,,AJ,v2,SRB-0002334-001,BMS,FBXO31,HepG2,WildType,24,10,Plate7,1,0,Silent,,31.07.2025
SRB-0002333,,AJ,v2,SRB-0002333-001,BMS,FBXO31,HepG2,WildType,24,10,Plate6,1,5,Low (2-10),SKI;STEAP1;MFSD14B;RBMXL1;SUCO,31.07.2025
SRB-0002332,,AJ,v2,SRB-0002332-001,BMS,FBXO31,HepG2,WildType,24,10,Plate6,1,77,High (>25),SMARCA1;GLOD4;SOD1;SLC13A5;RPL9;TMEM167A;BORCS5;EIF1B;NDUFAF5;PHLDA1;GEMIN8;LANCL2;UBE2F;RPLP1;DFFB;LSM7;CTNNBIP1;UBE3B;NOCT;TOMM6;FAM171A1;HHEX;WASHC3;HNMT;TMEM115;SMAD5;ALG8;NME6;MINK1;SLC38A2;SLC51B;TMEM97;POLR2M;DR1;DERL1;TCF7;IGFBP1;NSA2;DMXL2;SEC61G;CNEP1R1;IQCB1;PEDS1;ACOT1;PCMTD2;PIP4P1;PXMP2;FGFR1OP2;PANK1;TANC1;MFGE8;ACVR1;EIF4EBP1;CSRP2;LAMTOR4;FAM117B;NDUFB7;PALB2;RILP;DPEP1;RBP5;COX7C;DEPDC7;NR2C1;SMYD4;RBBP8;CLDN12;MIER3;DNM3;ENTPD7;PTTG1IP;TLE5;CCHCR1;NFYB;SELENOP;CCDC167;IRS4,31.07.2025
SRB-0002331,,AJ,v2,SRB-0002331-001,BMS,FBXO31,HepG2,WildType,24,10,Plate7,1,3,Low (2-10),ZNF646;CXXC5;PTTG1,31.07.2025
SRB-0002330,,AJ,v2,SRB-0002330-001,BMS,FBXO31,HepG2,WildType,24,10,Plate10,1,14,Medium (11-25),TLCD4;HECTD4;ARG1;FAAP100;NEK4;PRR12;SPRED2;ADA;TMEM143;TBC1D14;EPC1;CCDC167;LYRM2;RPL35,31.07.2025
SRB-0002329,,AJ,v2,SRB-0002329-001,BMS,FBXO31,HepG2,WildType,24,10,Plate9,1,6,Low (2-10),PHF14;SDCCAG8;CENPK;MTFR2;C2CD2L;PTPRU,31.07.2025
SRB-0002328,,AJ,v2,SRB-0002328-001,BMS,FBXO31,HepG2,WildType,24,10,Plate9,1,7,Low (2-10),AEBP2;ISM2;OTUD5;ZFAND1;TNRC18;FBXO42;RFX7,31.07.2025
SRB-0002327,,AJ,v2,SRB-0002327-001,BMS,FBXO31,HepG2,WildType,24,10,Plate9,1,10,Low (2-10),TFPI;CCN2;COCH;PHLDB1;PACS2;MAFK;RPL36A;ZFAND2B;DPEP1;ACSM2A,31.07.2025
SRB-0002326,,AJ,v2,SRB-0002326-001,BMS,FBXO31,HepG2,WildType,24,10,Plate9,1,6,Low (2-10),BANP;ABCC5;SMAD2;SCAPER;SPHK1;SPECC1,31.07.2025
SRB-0002325,,AJ,v2,SRB-0002325-001,BMS,FBXO31,HepG2,WildType,24,10,Plate8,1,8,Low (2-10),RSRC1;MAP6;TMEM68;DLX6;FRMD7;BHMT2;BICD1;HSPA1L,31.07.2025
SRB-0002324,,AJ,v2,SRB-0002324-001,BMS,FBXO31,HepG2,WildType,24,10,Plate8,1,7,Low (2-10),RILPL1;SUSD2;RNF128;CKMT1A;NECTIN1;NDOR1;ORMDL1,31.07.2025
SRB-0002323,,AJ,v2,SRB-0002323-001,SERAC,FBXO31,HepG2,WildType,24,10,Plate77_Pw12,1,15,Medium (11-25),ITGB1BP1;FZD7;KRAS;HIST1H1D;FER;MPZ;CSK;ZNF79;PKDCC;TTC30A;ARHGEF39;TSR2;BTBD10;IFT22;ENTPD7,22.09.2025
SRB-0002323,,AJ,v2,,,,,,,,,,,,,
SRB-0002322,,AJ,v2,SRB-0002322-001,SERAC,FBXO31,HepG2,WildType,24,10,Plate48_Pw4,1,4,Low (2-10),MX1;TOR4A;SH2B3;ITM2B,15.08.2025
SRB-0002321,,AJ,v2,SRB-0002321-001,SERAC,FBXO31,HepG2,WildType,24,10,Plate49_Pw5,1,2,Low (2-10),PRAP1;PTPDC1,22.07.2025
SRB-0002320,,AJ,v2,SRB-0002320-001,SERAC,FBXO31,HepG2,WildType,24,10,Plate77_Pw12,1,33,High (>25),BNIP3L;FZD7;FAM13A;COL3A1;HPX;ARG1;CKM;IGFBP1;IFIT1;EFNA1;MPZ;LOX;ETFB;PNRC1;BNIP3;CA9;ARL13B;TBC1D10C;ZNF654;ARHGEF39;SPPL3;ST6GALNAC6;ADIPOR1;TOMM6;TXNIP;ZNF395;SAP30L;MKNK2;TNS1;SLC2A4RG;DEPP1;TMEM45A;DBNL,22.09.2025
SRB-0002319,,AJ,v2,SRB-0002319-001,SERAC,FBXO31,HepG2,WildType,24,10,Plate45_Pw1,1,0,Silent,,11.07.2025
SRB-0002318,,AJ,v2,,,,,,,,,,,,,
SRB-0002317,,AJ,v2,SRB-0002317-001,BMS,FBXO31,HepG2,WildType,24,10,Plate8,1,11,Medium (11-25),VWA3B;RAB43;TMED2;NAB1;TMEM63A;TAF12;TNRC6C;CRIP1;MORC4;MT2A;MAFK,31.07.2025
SRB-0002316,,AJ,v2,SRB-0002316-001,SERAC,FBXO31,HepG2,WildType,24,10,Plate79_Pw14,1,1,Single (1),EIF5A2,13.10.2025
SRB-0002315,,AJ,v2,SRB-0002315-001,SERAC,FBXO31,HepG2,WildType,24,10,Plate51_Pw7,1,49,High (>25),C20orf204;STX16;BCAR3;KLHL2;FTL;MT-ND1;A1BG;TUBB4A;H2AC4;H2AC25;TUBA3C;TUBA3D;BCL3;PBLD;AKR1C3;PPIC;UBE2A;PRKAA2;PTEN;CCL20;ZNF460;SMAD1;KYAT1;DPY19L1;PHF19;LRRC28;COMMD2;PTRH1;DUSP19;POP5;ORAI1;TRIM44;NUS1;IMMP2L;REEP2;ANAPC13;PRADC1;TRAF4;YIPF2;PARD6G;MTHFD2L;ZC4H2;ENTPD7;ARL8B;ZNF581;RABAC1;TRMT112;SCOC;FBXL3;BLOC1S6;AP4S1,28.07.2025
SRB-0002314,,AJ,v2,SRB-0002314-001,SERAC,FBXO31,HepG2,WildType,24,10,Plate78_Pw13,1,2,Low (2-10),CYP4F12;CPNE8,10.10.2025
SRB-0002313,,AJ,v2,SRB-0002313-001,SERAC,FBXO31,HepG2,WildType,24,10,Plate50_Pw6,1,7,Low (2-10),BHLHE40;POLR2M;ADGRG6;GPRC5A;EEF1AKMT1;SLC2A6;CHIC2,02.09.2025
SRB-0002312,,AJ,v2,SRB-0002312-001,BMS,FBXO31,HepG2,WildType,24,10,Plate6,1,4,Low (2-10),SLC38A7;PALM2;RCBTB1;MEF2D,31.07.2025
SRB-0002311,,AJ,v2,SRB-0002311-001,SERAC,FBXO31,HepG2,WildType,24,10,Plate49_Pw5,1,1,Single (1),BAHD1,22.07.2025
SRB-0002310,,AJ,v2,SRB-0002310-001,SERAC,FBXO31,HepG2,WildType,24,10,Plate47_Pw3,1,0,Silent,,15.07.2025
SRB-0002309,,AJ,v2,SRB-0002309-001,SERAC,FBXO31,HepG2,WildType,24,10,Plate76_Pw11,1,6,Low (2-10),PLSCR1;COLGALT2;GALNT11;FMC1;IKZF5;MINDY3,15.09.2025
SRB-0002308,,AJ,v2,SRB-0002308-001,SERAC,FBXO31,HepG2,WildType,24,10,Plate47_Pw3,1,1,Single (1),ZNF324B,15.07.2025
SRB-0002307,,AJ,v2,SRB-0002307-001,BMS,FBXO31,HepG2,WildType,24,10,Plate6,1,4,Low (2-10),TTPAL;FDX1;SLC22A3;SEC16B,31.07.2025
SRB-0002306,,AJ,v2,SRB-0002306-001,SERAC,FBXO31,HepG2,WildType,24,10,Plate50_Pw6,1,2,Low (2-10),RNF185;SLC35C1,02.09.2025
SRB-0002305,,AJ,v2,SRB-0002305-001,SERAC,FBXO31,HepG2,WildType,24,10,Pw40,1,0,Silent,,16.04.2026
SRB-0002305,,AJ,v2,SRB-0002305-001,BMS,FBXO31,HepG2,WildType,24,10,Plate8,1,4,Low (2-10),NDUFB3;HMGN1;MTRES1;SERF2,31.07.2025
SRB-0002304,,AJ,v2,SRB-0002304-001,BMS,FBXO31,HepG2,WildType,24,10,Plate7,1,0,Silent,,31.07.2025
SRB-0002299,,AJ,v2,SRB-0002299-001,SERAC,FBXO31,HepG2,WildType,24,10,Plate81_Pw17,1,1,Single (1),CLIC5,02.10.2025
SRB-0002298,,AJ,v2,SRB-0002298-001,SERAC,FBXO31,HepG2,WildType,24,10,Plate64_Pw10,1,4,Low (2-10),MEIS2;ZFTRAF1;CYHR1;CYHR1;ZNF808;PSTPIP2,11.09.2025
SRB-0002295,,AJ,v2,SRB-0002295-001,SERAC,FBXO31,HepG2,WildType,24,10,Plate49_Pw5,1,5,Low (2-10),KRT16;CYP3A5;UBE2D1;ZFYVE27;PPCDC,22.07.2025
SRB-0002294,,AJ,v2,SRB-0002294-001,SERAC,FBXO31,HepG2,WildType,24,10,Plate8,1,0,Silent,,04.03.2025
SRB-0002293,,AJ,v2,SRB-0002293-001,SERAC,FBXO31,HepG2,WildType,24,10,Plate76_Pw11,1,2,Low (2-10),REST;BRAF,15.09.2025
SRB-0002292,,AJ,v2,SRB-0002292-001,SERAC,FBXO31,HepG2,WildType,24,10,Pw44,1,12,Medium (11-25),DNPH1;CYP1A1;GNAZ;PRSS3;PRMT2;ADGRG6;CBWD2;TMEM161B;ATP6V1C2;TSR2;ASAH2;RXYLT1,16.04.2026
SRB-0002292,,AJ,v2,SRB-0002292-001,BMS,FBXO31,HepG2,WildType,24,10,Plate7,1,5,Low (2-10),APOB;AP4S1;FZD5;ANKRD50;DYNC2I2,31.07.2025
SRB-0002291,,AJ,v2,SRB-0002291-001,BMS,FBXO31,HepG2,WildType,24,10,Plate7,1,13,Medium (11-25),PHF2;SLC47A1;RPL35A;BPIFB2;EFNA1;G6PC3;RNPC3;DHRSX;PDCL2;TMEM14C;H3C15;SZT2;DENND11,31.07.2025
SRB-0002290,,AJ,v2,SRB-0002290-001,SERAC,FBXO31,HepG2,WildType,24,10,Pw39,1,1,Single (1),SLC22A31,16.04.2026
SRB-0002284,,AJ,v2,SRB-0002284-001,BMS,FBXO31,HepG2,WildType,24,10,Plate6,1,179,High (>25),MKI67;PAH;AURKB;PEG3;AGRN;CDH2;CDK6;DROSHA;STAMBP;NT5DC2;HMOX1;DHX40;MORF4L1;CSNK2A2;APOC3;GRB7;CKS2;SORBS3;PRIM1;H1-5;EEF2K;TGFBR3;BAP1;PDCD4;PLK1;KIF18B;GCHFR;FBXO9;GSTM2;EGLN1;ZHX2;POLA1;HMMR;EIF4EBP2;CHPT1;DHFR;ALKBH2;PCLAF;NFATC2;ITM2C;RETSAT;SORL1;PPFIBP2;RAB11FIP5;NR2F6;IL1RN;AHSG;PROS1;SLC2A3;DGKK;NKTR;CHRAC1;NDRG1;ANKZF1;KDM5C;RAI1;VASN;ALAD;RAB13;P4HA2;ANKMY2;PMM1;ASF1B;SERPIND1;PHF14;C15orf40;COQ5;DCDC2;FGA;KANK4;CDC45;SPAG5;CDCA2;ZCCHC2;IREB2;CDC42EP4;PDLIM2;GRTP1;APOBEC3C;CABIN1;INTS3;TNS1;MASTL;APOH;STX2;MAGED4;SKI;ASB9;TMCC1;ERF;KIF20A;APOA5;TF;TNIP1;NR6A1;ABCC6;LAMB2;KNL1;TK1;SLCO2B1;PLOD2;SAPCD2;ALKBH4;ZMIZ1;DCAF15;CNOT6;FBXO17;KLHDC2;SMLR1;SPINDOC;KDM4C;MAGED1;RTN2;DDB2;SLC2A10;RMI2;RNF128;MELK;MFGE8;DOCK6;TNFRSF19;IFIH1;SCD;SERPINI1;SLC6A8;DAPK1;BOLA3;ZNF689;IFT74;SKP2;KDM3A;MDK;CYP51A1;HDAC8;CENPO;CREB3L2;APOM;DQX1;PCSK9;NEDD9;FADS2;FADS1;KDM4B;OBSL1;ARSA;PANX1;TXNIP;NFIL3;TLE5;PFKFB3;PFKFB4;TMEM51;SLC22A3;DIAPH3;IL17RB;PHLPP1;ZNF654;HDAC5;TCF3;REEP6;BPGM;HERPUD2;EFNA1;VANGL1;NUDT8;KDM4A;ARNT;IGFBP1;CA9;KDM5B;ABHD18;SMYD4;BRWD1;ANKRD11;MPZ;ACSL6;BNIP3;CLK1;LOX,31.07.2025
SRB-0002283,,AJ,v2,SRB-0002283-001,SERAC,FBXO31,HepG2,WildType,24,10,Plate79_Pw14,1,55,High (>25),LAMB4;SDHAF1;MGST3;DEGS1;MYO1B;NDUFS5;CDC14B;RTN2;CREG1;TRAPPC6A;RTN3;EPM2A;MT-CO1;MT-CO3;FTL;MT-ND2;TUBB4A;CKM;HNRNPC;COX6A1;SLC25A4;ZFP36;ETV6;AKR1C3;SELENOP;TUBA4A;HBG1;CCL20;SMARCB1;HYAL2;MEST;CROCC;TTC19;PET117;CYHR1;FRA10AC1;RRAGA;PTRH1;APOBEC3F;ZFAND1;BRK1;RIT1;GTF3C6;PPP1R14A;TLCD1;SLC25A44;POLR3GL;G6PC3;CLPB;UQCR10;SH3BGRL2;LSM7;USP18;NDRG2;AP4S1,13.10.2025
SRB-0002282,,AJ,v2,SRB-0002282-001,SERAC,FBXO31,HepG2,WildType,24,10,Plate64_Pw10,1,3,Low (2-10),TMED7;TBC1D14;CHST9,11.09.2025
SRB-0002281,,AJ,v2,SRB-0002281-001,SERAC,FBXO31,HepG2,WildType,24,10,Plate46_Pw2,1,31,High (>25),MEIS2;CREG1;UBL3;MBP;APOA4;H2AX;ID1;GNG4;S100A10;LMO4;UBE2B;TMSB10;SLC35B1;HMGXB3;EIF4EBP2;EEIG1;FKBP1C;SWSAP1;C1orf122;CHURC1;KAT2B;FLYWCH2;ZNF503;MISP3;CYREN;SSBP3;DPY30;CTNNBIP1;RIC8B;RNF181;SS18L2,15.07.2025
SRB-0002280,,AJ,v2,,,,,,,,,,,,,
SRB-0002279,,AJ,v2,SRB-0002279-001,SERAC,FBXO31,HepG2,WildType,24,10,Plate49_Pw5,1,3,Low (2-10),SCOC;GSTA2;OGN,22.07.2025
SRB-0002278,,AJ,v2,SRB-0002278-001,SERAC,FBXO31,HepG2,WildType,24,10,Pw77,1,0,Silent,,13.04.2026
SRB-0002278,,AJ,v2,SRB-0002278-001,BMS,FBXO31,HepG2,WildType,24,10,Plate10,1,2,Low (2-10),FBXO17;NUDT12,31.07.2025
SRB-0002277,,AJ,v2,SRB-0002277-001,SERAC,FBXO31,HepG2,WildType,24,10,Plate50_Pw6,1,14,Medium (11-25),TSPAN3;F3;HSPA1L;ELF2;MSMO1;TNFAIP8L3;RTN4RL2;ARHGEF39;NEIL3;AEN;ESAM;RBM18;TOR4A;TXNDC16,02.09.2025
SRB-0002277,,AJ,v2,,,,,,,,,,,,,
SRB-0002276,,AJ,v2,SRB-0002276-001,SERAC,FBXO31,HepG2,WildType,24,10,Plate24,1,1,Single (1),CYP2J2,11.06.2025
SRB-0002275,,AJ,v2,SRB-0002275-001,SERAC,FBXO31,HepG2,WildType,24,10,Plate50_Pw6,1,36,High (>25),TMEM120B;MEX3A;RNF13;TSC22D2;C9;TTR;FTL;RHOC;KRT13;S100A1;SSR2;PRKAA2;RPL39;RPL39P5;UBAP2L;PUM1;ORMDL2;FAAP20;DPY19L3;PTRH1;KCT2;SPPL2A;MORC4;GTF3C6;TMEM186;RARRES2;ANAPC13;G6PC3;TRAF4;SF3B5;PCBD2;RNF167;RAB6B;TMEM160;TUBA8;CNIH4;MRPS18C,02.09.2025
SRB-0002274,,AJ,v2,SRB-0002274-001,SERAC,FBXO31,HepG2,WildType,24,10,Pw39,1,1,Single (1),STOML1,16.04.2026
SRB-0002273,,AJ,v2,SRB-0002273-001,SERAC,FBXO31,HepG2,WildType,24,10,Plate51_Pw7,1,0,Silent,,28.07.2025
SRB-0002272,,AJ,v2,SRB-0002272-001,SERAC,FBXO31,HepG2,WildType,24,10,Plate24,1,0,Silent,,11.06.2025
SRB-0002271,,AJ,v2,SRB-0002271-001,BMS,FBXO31,HepG2,WildType,24,10,Plate9,1,4,Low (2-10),SMIM4;GEN1;BCAS1;PHF21A,31.07.2025
SRB-0002270,,AJ,v2,SRB-0002270-001,SERAC,FBXO31,HepG2,WildType,24,10,Plate6,1,25,Medium (11-25),MARCHF6;HBQ1;CCNC;ZNF93;ANTXR2;ZNF235;TMEM161B;NEIL3;SLC35G2;LSM10;ISG20;SGK3;SYTL4;TMEM101;RMDN2;SPATA13;ACAP3;TESK2;FIZ1;CHCHD5;PLXNA4;RIC8B;NEU3;YIPF1;SNURF,28.02.2025
SRB-0002269,,AJ,v2,SRB-0002269-001,BMS,FBXO31,HepG2,WildType,24,10,Plate9,1,3,Low (2-10),INTS15;PIAS2;JAM3,31.07.2025
SRB-0002268,,AJ,v2,SRB-0002268-001,BMS,FBXO31,HepG2,WildType,24,10,Plate9,1,71,High (>25),NDUFS5;RPS5;HPS5;RPS11;MRPL53;MPC2;RPL23;RPL18A;CERS4;MPV17L;AIMP2;IFRD2;FUT6;PHF14;CHCHD2;IL17RB;LYPLA2;LGALS1;RPL30;PTGES3;PROSER2;CERS6;ANGEL1;KCTD9;FAM120C;LMBR1;TMBIM6;SETDB1;AMT;MGST1;RUFY3;TUBA4A;TUSC2;ELOF1;BCAP29;JADE1;AP5S1;BLOC1S6;ARL6IP6;MED31;PWWP2A;CHCHD5;TPST2;ACTB;CD59;DCAF10;GNB2;SAP30;DCAF4;USP22;COX6B1;ACSM2A;RIC8B;SNAPC3;NDUFB7;CNBP;SNX13;EVL;ROMO1;DYNLT3;MDK;SPHK1;MT-ND3;ANKRD54;PPP2CA;MT-ND2;H3C15;SIVA1;UQCRH;CCDC71;VKORC1,31.07.2025
SRB-0002267,,AJ,v2,SRB-0002267-001,BMS,FBXO31,HepG2,WildType,24,10,Plate9,1,2,Low (2-10),HAL;SPHK1,31.07.2025
SRB-0002266,,AJ,v2,SRB-0002266-001,SERAC,FBXO31,HepG2,WildType,24,10,Plate77_Pw12,1,3,Low (2-10),ZBTB43;CEBPG;SPRYD3,22.09.2025
SRB-0002265,,AJ,v2,SRB-0002265-001,BMS,FBXO31,HepG2,WildType,24,10,Plate10,1,8,Low (2-10),RNF14;TMEM9B;POP4;TSSC4;H3C15;USP31;MEF2D;MYO5A,31.07.2025
SRB-0002264,,AJ,v2,SRB-0002264-001,SERAC,FBXO31,HepG2,WildType,24,10,Plate52_Pw8,1,0,Silent,,05.09.2025
SRB-0002263,,AJ,v2,SRB-0002263-001,SERAC,FBXO31,HepG2,WildType,24,10,Plate45_Pw1,1,0,Silent,,11.07.2025
SRB-0002262,,AJ,v2,SRB-0002262-001,SERAC,FBXO31,HepG2,WildType,24,10,Plate63_Pw9,1,6,Low (2-10),DESI1;B3GALNT2;NAA80;FBXL8;SLC29A3;ONECUT1,08.09.2025
SRB-0002261,,AJ,v2,SRB-0002261-001,BMS,FBXO31,HepG2,WildType,24,10,Plate8,1,37,High (>25),ALG3;CLNS1A;UBXN8;CASP2;XPA;FBH1;TSSC4;NMT2;FIZ1;FBLIM1;HMGA2;HMGN1;NR5A1;DENND6A;ANG;GUK1;CLSTN3;THAP11;GRB10;PHF12;ZDHHC4;MFSD8;MFSD14B;FANCE;AURKAIP1;HDAC8;SLC6A14;ZNF813;TBC1D31;MYO5A;MELTF;KAZN;TNFAIP8L3;RPS20;PDE6C;FBXO42;HSPA1L,31.07.2025
SRB-0002260,,AJ,v2,SRB-0002260-001,BMS,FBXO31,HepG2,WildType,24,10,Plate8,1,47,High (>25),DGAT1;CSPP1;PPP1R3D;TMEM68;EFNB1;AP5Z1;ORMDL1;NMT2;KDM5D;TIMM9;SELENOP;MTRF1;RMI2;IP6K1;RPL29;RPS15;DNLZ;MFSD8;FHIT;GRTP1;MT-CO1;MELK;RSL24D1;CALCOCO1;BORCS8;MAFK;MAML2;MTRES1;ANG;RPS20;THAP11;AURKAIP1;ROGDI;PCNX3;MAP6;ACOT11;FAM32A;KCTD2;NACA4P;PRDM15;SLC6A9;CSNK1G2;CRIP1;TMEM132A;PDE6C;DYNLL2;HSPA1L,31.07.2025
SRB-0002259,,AJ,v2,SRB-0002259-001,BMS,FBXO31,HepG2,WildType,24,10,Plate8,1,96,High (>25),RTRAF;RAB43;CDK7;NKRF;STRBP;NECAP1;SULT2A1;CALM1;PIP4P1;ACBD6;EIF1AD;S100P;FCHO2;DYNLRB1;OFD1;ECD;SLC35B2;CTDSP1;PLCL2;OSTM1;TMEM104;CRYBG2;RPLP0;STARD7;LGALS2;TMEM97;FBLIM1;MARVELD2;KIF7;C1GALT1C1;VEZF1;RETREG2;NDUFB3;PDE6C;SLC25A20;ZKSCAN8;MRPL41;SH3BP5L;SELENOP;TMEM256;SERINC3;RPS26;S100A10;PPP1R3D;INO80B;PLEKHJ1;MOSPD1;ING5;UBE2E1;ZFAND6;KCTD2;ACOT11;MRPS10;AURKAIP1;STXBP1;CCDC138;SEC22A;LAMTOR5;SMIM26;C1D;CD9;ATP5MJ;PHF21A;MAPK1IP1L;TMEM123;BOD1;RALBP1;BICD1;NDUFB11;HMGXB3;SFT2D1;TMEM102;SURF6;CRIP1;TMEM129;VANGL1;ACTBL2;ROGDI;UFC1;H2AC20;NDFIP1;IFT80;SS18;COX7C;NDUFV3;C15orf40;UPF3A;ATXN7L3B;MTFR2;MTRES1;HSPA1L;NACA4P;CYBA;USP38;ERC2;DYNLL2,31.07.2025
SRB-0002258,,AJ,v2,SRB-0002258-001,BMS,FBXO31,HepG2,WildType,24,10,Plate9,1,4,Low (2-10),SMAD2;PHLDB1;ARSA;ADIPOR1,31.07.2025
SRB-0002257,,AJ,v2,SRB-0002257-001,BMS,FBXO31,HepG2,WildType,24,10,Plate7,1,0,Silent,,31.07.2025
SRB-0002256,,AJ,v2,SRB-0002256-001,SERAC,FBXO31,HepG2,WildType,24,10,Plate46_Pw2,1,3,Low (2-10),TRAM2;SEMA6B;SIX1,15.07.2025
SRB-0002255,,AJ,v2,SRB-0002255-001,BMS,FBXO31,HepG2,WildType,24,10,Plate9,1,2,Low (2-10),ANKRD10;CSRP2,31.07.2025
SRB-0002254,,AJ,v2,SRB-0002254-001,BMS,FBXO31,HepG2,WildType,24,10,Plate7,1,8,Low (2-10),MT-ND6;HK1;TMEM94;RBM41;SLC16A6;MAFF;ANGPTL4;ANKRD50,31.07.2025
SRB-0002253,,AJ,v2,SRB-0002253-001,BMS,FBXO31,HepG2,WildType,24,10,Plate9,1,2,Low (2-10),FUT6;GLTPD2,31.07.2025
SRB-0002252,,AJ,v2,SRB-0002252-001,SERAC,FBXO31,HepG2,WildType,24,10,Plate47_Pw3,1,2,Low (2-10),PLEKHJ1;ZC4H2,15.07.2025
SRB-0002251,,AJ,v2,SRB-0002251-001,BMS,FBXO31,HepG2,WildType,24,10,Plate7,1,11,Medium (11-25),MICA;VAMP3;POLR2I;PSEN1;CCDC174;GNG7;VAMP2;MAPK8;DCUN1D4;HES1;EFNA1,31.07.2025
SRB-0002250,,AJ,v2,SRB-0002250-001,BMS,FBXO31,HepG2,WildType,24,10,Plate7,1,1,Single (1),CSNK1G2,31.07.2025
SRB-0002249,,AJ,v2,SRB-0002249-001,BMS,FBXO31,HepG2,WildType,24,10,Plate9,1,61,High (>25),GSPT1;CENPC;OSTF1;FLAD1;SMG9;NPM3;APOBEC3C;INTS15;EXOSC1;COMMD9;RAD1;JUND;SLC44A1;NDUFB6;ARHGAP26;TAF1A;AP4M1;RBM15B;FCHO2;TRMT13;MAP3K2;ZFYVE9;SREK1;FBXO44;LYSMD3;RUNX1;FGFRL1;H2AC21;RAD54B;FAM135A;SNX18;VEZT;CELSR2;GBP1;FAM204A;OTUD5;UBOX5;UBE2Q2;ZNF813;ARHGAP32;TEAD3;COX6A1;ABHD14A;MTBP;SERAC1;FZD5;SCAPER;TTC3;BCL9L;PWWP2A;TOMM20;WWC1;TIMM17A;FBXO42;SLC25A40;H3C15;MAFF;SNAPC3;TOMM7;PPIP5K1;MFSD10,31.07.2025
SRB-0002248,,AJ,v2,SRB-0002248-001,SERAC,FBXO31,HepG2,WildType,24,10,Plate63_Pw9,1,2,Low (2-10),STAT6;FHL1,08.09.2025
SRB-0002248,,AJ,v2,SRB-0002248-002,SERAC,FBXO31,HepG2,WildType,24,10,Pw152,1,6,Low (2-10),KRT17;DENND4C;SMIM4;POLK;LIPT1;SESN1,19.05.2026
SRB-0002247,,AJ,v2,SRB-0002247-001,SERAC,FBXO31,HepG2,WildType,24,10,Plate45_Pw1,1,0,Silent,,11.07.2025
SRB-0002246,,AJ,v2,SRB-0002246-001,SERAC,FBXO31,HepG2,WildType,24,10,Plate52_Pw8,1,1,Single (1),HSPA1L,05.09.2025
SRB-0002245,,AJ,v2,SRB-0002245-001,SERAC,FBXO31,HepG2,WildType,24,10,Plate51_Pw7,1,2,Low (2-10),CHIC2;MOAP1,28.07.2025
SRB-0002244,,AJ,v2,SRB-0002244-001,SERAC,FBXO31,HepG2,WildType,24,10,Plate83_Pw15,1,1,Single (1),ITGB3BP,26.09.2025
SRB-0002243,,AJ,v2,SRB-0002243-001,BMS,FBXO31,HepG2,WildType,24,10,Plate8,1,31,High (>25),ELP5;NFATC3;NUCKS1;ARHGAP21;CNOT11;FAM118A;PPP1R12C;NAA38;NMT2;FKBPL;BICRAL;NSRP1;TTC33;PCSK1N;NECTIN3;HDAC8;SS18L1;RGL2;PCNX3;CD55;DENND6A;H3C15;PDE6C;RGS3;ZBTB14;AMOTL2;ZNF813;ZNF507;DGKA;RABIF;HSPA1L,31.07.2025
SRB-0002242,,AJ,v2,SRB-0002242-001,SERAC,FBXO31,HepG2,WildType,24,10,Plate83_Pw15,1,2,Low (2-10),FAM171A2;DEF8,26.09.2025
SRB-0002241,,AJ,v2,SRB-0002241-001,SERAC,FBXO31,HepG2,WildType,24,10,Plate24,1,1,Single (1),ZNF93,11.06.2025
SRB-0002240,,AJ,v2,SRB-0002240-001,BMS,FBXO31,HepG2,WildType,24,10,Plate6,1,4,Low (2-10),GNG4;IQCB1;IFT52;ABHD18,31.07.2025
SRB-0002239,,AJ,v2,SRB-0002239-001,BMS,FBXO31,HepG2,WildType,24,10,Plate6,1,4,Low (2-10),MZT1;SECISBP2L;HLA-H;PTTG1,31.07.2025
SRB-0002238,,AJ,v2,SRB-0002238-001,BMS,FBXO31,HepG2,WildType,24,10,Plate6,1,19,Medium (11-25),TMEM167B;DR1;CD9;POLR2M;CLDN6;NUDT7;DTD2;GRTP1;SS18;SLC51A;CHCHD4;UBE2Q2;SLC36A1;ATG12;TMEM11;VPS9D1;PTTG1IP;PDCL2;MFSD14B,31.07.2025
SRB-0002234,,AJ,v2,SRB-0002234-001,SERAC,FBXO31,HepG2,WildType,24,10,Plate9,1,0,Silent,,13.03.2025
SRB-0002233,,AJ,v2,SRB-0002233-001,SERAC,FBXO31,HepG2,WildType,24,10,Plate24,1,1,Single (1),MKRN1,11.06.2025
SRB-0002233,,AJ,v2,SRB-0002233-001,BMS,FBXO31,HepG2,WildType,24,10,Plate6,1,3,Low (2-10),STK25;DTD2;STK32C,31.07.2025
SRB-0002230,,AJ,v2,SRB-0002230-001,SERAC,FBXO31,HepG2,WildType,24,10,Plate24,1,2,Low (2-10),LRRC8C;STK11,11.06.2025
SRB-0002229,,AJ,v2,,,,,,,,,,,,,
SRB-0002228,,AJ,v2,,,,,,,,,,,,,
SRB-0002200,,AJ,v2,,,,,,,,,,,,,
SRB-0002199,,AJ,v2,,,,,,,,,,,,,
SRB-0002198,,AJ,v2,SRB-0002198-001,SERAC,FBXO31,HepG2,WildType,24,10,Pw33,1,35,High (>25),FBLL1;CYR61;GCNT3;F13A1;TIMP1;COL3A1;CRYAB;CYP1A1;MMP2;IL6R;LCP1;AREG;TIMP2;RRAD;F2RL1;HBG1;HBG2;JAG1;EFEMP1;CLINT1;GNMT;ZC3H12B;STEAP1B;CRYBG2;SLC37A2;TMBIM1;TRIB1;C2orf88;EPB41L1;RGL1;TMEM14C;PLEKHB1;IL17B;CLEC11A;REXO2;AK5,16.04.2026
SRB-0002198,,AJ,v2,SRB-0002198-001,BMS,FBXO31,HepG2,WildType,24,10,Plate8,1,73,High (>25),NPM3;ERG28;VWA3B;NHEJ1;VTN;NSMAF;CSTA;RSRC2;C1orf131;CDS2;SMAP;SLC16A1;TAX1BP3;OPTN;CHMP5;MAP3K7;PIP4P1;FAM162A;TMEM184C;AP5Z1;ARID4A;CRBN;DNLZ;SELENOI;CEACAM1;NAT14;SP2;ACOT11;RNF121;ORMDL1;RAB24;TOR3A;COA1;FKBPL;RPS15;TMEM168;NUCKS1;PAGR1;TRAPPC13;ALKBH6;FAM83G;ZNF428;RMI2;FAM234B;FBXO6;MYBL2;ZC2HC1A;SELENOP;SCRN2;KAT6A;FBRS;STK3;CD302;THAP11;CEP350;UBN2;RNF34;SHFL;ZBTB38;NMT2;PIK3R2;ATP7A;FAAP100;RPS20;JTB;PRSS8;DGKA;RGS3;MAST4;RAB3IP;PDE6C;ZNF813;HSPA1L,31.07.2025
SRB-0002197,,AJ,v2,SRB-0002197-001,BMS,FBXO31,HepG2,WildType,24,10,Plate8,1,151,High (>25),SLC1A5;RSU1;CDK7;SSBP1;BANF1;PPIL1;SUB1;HNRNPF;STRBP;RABGGTB;SSR1;PHAX;EXOSC6;RTRAF;DGAT1;CALM1;PPIF;NHEJ1;BNIP1;S100A11;RPLP0;PGP;TSSC4;GET4;SLC35A2;SLC30A7;RPL36;POMP;ECD;CYP2W1;RP2;ACAT2;ANXA1;GPATCH11;GRN;ZMIZ1;ELOB;SCNM1;NEK3;RAB43;NUFIP1;SCAF1;LSM5;FIGN;ZFP36L2;CEP350;SLC35B2;PARK7;SRGAP1;DYNLRB1;AP5Z1;PQBP1;UBXN4;ING5;NDUFB3;DNAJC15;ZNF652;ATP5ME;MRPS10;TOMM6;PJA2;MOSPD1;SELENOI;SLC10A1;RETREG2;MEST;S100A13;COA1;KIAA1191;ORMDL3;PPT2;CLDN6;ATP5MJ;FBXO6;PPP1R3D;ZNHIT2;KANK4;TMEM123;RPS26;ABL1;GRTP1;ACOT11;PDCD4;ORMDL1;MOB2;HPN;GUK1;MTSS1;GLRX;RPL35A;SLC17A5;RMI2;PCYT1B;LAMTOR5;DNAJB9;KAT6A;C1D;ELOVL5;STXBP1;TCTN3;CD36;RAD9A;SDHAF3;MT-CO1;FRMD7;TMEM129;AURKAIP1;CHMP4C;METTL25;NDUFB11;TMEM256;BORCS8;HIGD1A;LGALS2;RPL10;ATXN7L3B;MRPL41;H2AC21;CD9;SELENOH;PAM;SURF6;HMGXB3;KIF18A;UFC1;PDE6C;BOD1;ODF2;CRIP1;RALBP1;ACTBL2;MAPK1IP1L;CD151;COX7C;TMEM102;SS18;CHCHD1;SEC22A;TMEM101;MTRES1;C15orf40;CYBA;INO80B;H2AC20;THAP11;SLX4;NACA4P;HSPA1L;DUSP22;PTTG1IP;DYNLL2,31.07.2025
SRB-0002196,,AJ,v2,SRB-0002196-001,SERAC,FBXO31,HepG2,WildType,24,10,Plate11,1,7,Low (2-10),TSC22D2;PIM1;FBXW4;ZBTB2;EDA;ACY3;TMEM9,08.06.2025
SRB-0002194,,AJ,v2,SRB-0002194-001,BMS,FBXO31,HepG2,WildType,24,10,Plate7,1,7,Low (2-10),MANSC1;WIPI1;SPINDOC;BTBD1;MFSD9;ARL14EP;ANKRD50,31.07.2025
SRB-0002193,,AJ,v2,,,,,,,,,,,,,
SRB-0002191,,AJ,v2,,,,,,,,,,,,,
SRB-0002188,,AJ,v2,SRB-0002188-001,SERAC,FBXO31,HepG2,WildType,24,10,Plate24,1,0,Silent,,11.06.2025
SRB-0002187,,AJ,v2,SRB-0002187-001,SERAC,FBXO31,HepG2,WildType,24,10,Plate24,1,0,Silent,,11.06.2025
SRB-0002186,,AJ,v2,SRB-0002186-001,SERAC,FBXO31,HepG2,WildType,24,10,Plate50_Pw6,1,1,Single (1),ABHD4,02.09.2025
SRB-0002185,,AJ,v2,SRB-0002185-001,BMS,FBXO31,HepG2,WildType,24,10,Plate7,1,3,Low (2-10),CFAP298;SSNA1;ANKRD50,31.07.2025
SRB-0002184,,AJ,v2,SRB-0002184-001,SERAC,FBXO31,HepG2,WildType,24,10,Plate46_Pw2,1,13,Medium (11-25),TNFRSF10A;CKS2;STK19;POLR2K;HBG2;H3-7;KLHDC10;C1orf122;B3GALNT2;ANAPC13;SRXN1;CD320;ARHGEF3,15.07.2025
SRB-0002183,,AJ,v2,SRB-0002183-001,BMS,FBXO31,HepG2,WildType,24,10,Plate7,1,0,Silent,,31.07.2025
SRB-0002182,,AJ,v2,SRB-0002182-001,BMS,FBXO31,HepG2,WildType,24,10,Plate7,1,11,Medium (11-25),ARHGAP45;CA9;FAM135A;CCNC;ARL6IP4;LMBRD1;TMEM50B;G6PC3;TMEM94;SLC35A1;TBC1D2,31.07.2025
SRB-0002181,,AJ,v2,SRB-0002181-001,SERAC,FBXO31,HepG2,WildType,24,10,Plate52_Pw8,1,3,Low (2-10),CERS6;PLEC;C2CD2L,05.09.2025
SRB-0002180,,AJ,v2,SRB-0002180-001,BMS,FBXO31,HepG2,WildType,24,10,Plate7,1,0,Silent,,31.07.2025
SRB-0002179,,AJ,v2,SRB-0002179-001,BMS,FBXO31,HepG2,WildType,24,10,Plate6,1,2,Low (2-10),NEMP1;STEAP1,31.07.2025
SRB-0002178,,AJ,v2,SRB-0002178-001,SERAC,FBXO31,HepG2,WildType,24,10,Pw42_NOT_FAIMS,1,1,Single (1),CYP1A1,16.04.2026
SRB-0002178,,AJ,v2,SRB-0002178-001,BMS,FBXO31,HepG2,WildType,24,10,Plate6,1,9,Low (2-10),CA13;FAM185A;CFB;GMEB1;SNRK;TMEM14C;SIX4;PALM2;RECQL4,31.07.2025
SRB-0002177,,AJ,v2,SRB-0002177-001,SERAC,FBXO31,HepG2,WildType,24,10,Plate47_Pw3,1,1,Single (1),DBNDD1,15.07.2025
SRB-0002176,,AJ,v2,SRB-0002176-001,SERAC,FBXO31,HepG2,WildType,24,10,Plate64_Pw10,1,8,Low (2-10),SLC16A6;SIAH2;DPP9;TRIM22;AQP11;CHURC1;ELMO3;FAM111A,11.09.2025
SRB-0002176,,AJ,v2,,,,,,,,,,,,,
SRB-0002175,,AJ,v2,SRB-0002175-001,SERAC,FBXO31,HepG2,WildType,24,10,Plate24,1,1,Single (1),C9orf72,11.06.2025
SRB-0002174,,AJ,v2,SRB-0002174-001,SERAC,FBXO31,HepG2,WildType,24,10,Plate63_Pw9,1,1,Single (1),KIF23,08.09.2025
SRB-0002174,,AJ,v2,,,,,,,,,,,,,
SRB-0002173,,AJ,v2,SRB-0002173-001,SERAC,FBXO31,HepG2,WildType,24,10,Pw44,1,1,Single (1),TOR4A,16.04.2026
SRB-0002172,,AJ,v2,SRB-0002172-001,SERAC,FBXO31,HepG2,WildType,24,10,Plate83_Pw15,1,1,Single (1),TM7SF3,26.09.2025
SRB-0002171,,AJ,v2,SRB-0002171-001,SERAC,FBXO31,HepG2,WildType,24,10,Pw33,1,66,High (>25),MASP2;CYR61;APOL1;UBD;SLC16A6;CBFA2T2;MPZL2;SMIM24;OAS1;TIMP1;LRG1;HPX;HMGCR;SHBG;SERPINE1;IL6R;C1S;LIPC;PLA2G2A;GSPT1;JUND;ORM2;PGC;NR4A1;PROZ;AZGP1;HLA-C;AXL;FOXN2;RRAD;F2RL1;AKAP12;ZFP36L1;SQSTM1;COL9A3;EBI3;ERV3-1;RASA3;PCOLCE;MAPK6;ZNF827;LCN15;RNF111;TBC1D9;SERPINA11;AHNAK2;GSPT2;PLD6;PCSK9;FBXO25;SSC4D;SLC20A1;DLG3;WBP2;RNF166;PLEKHB2;STARD4;RILP;PRAP1;TRIB1;SARG;ALDH8A1;TXNDC16;MAFF;B3GNT3;REXO2,16.04.2026
SRB-0002171,,AJ,v2,SRB-0002171-001,BMS,FBXO31,HepG2,WildType,24,10,Plate6,1,92,High (>25),TESC;RNH1;POFUT2;NEU1;SDF2L1;KDM5C;C3;ORM2;NDUFAB1;TMED2;SERPINA1;CASP2;CD74;CKS2;ALB;CHCHD2;SEC61G;ETF1;AFP;SDC4;NDUFAF5;GRB7;CST3;FAM83G;NCOA4;GNG4;DQX1;AHSG;RNF220;EXOC6;NCDN;TMEM161A;CHCHD5;LYPLA2;TM2D3;PVR;IKBKB;DTD2;CD59;L3HYPDH;ROMO1;BCKDHB;TBC1D8;IVNS1ABP;C12orf57;MRPL33;TTR;TGFBR3;SFR1;FPGT;SERPIND1;SINHCAF;CNBP;APOL1;PPP2CA;VANGL1;TRAPPC10;CCN2;JTB;PJA2;PCSK9;GNB2;IGF2;CREB3L2;RNASE4;MDK;UQCRH;CCDC186;IL17RB;FHL2;SERPINE1;RAP1A;WDFY3;VHL;APOH;MPZ;KIZ;CCL20;SLC11A2;GDPGP1;LOX;EMILIN1;ANG;ZNF428;SPP1;NPHP3;POLN;RNF128;PTTG1IP;SMLR1;GSPT1;GSPT2,31.07.2025
SRB-0002170,,AJ,v2,SRB-0002170-001,SERAC,FBXO31,HepG2,WildType,24,10,Plate79_Pw14,1,1,Single (1),CPNE8,13.10.2025
SRB-0002169,,AJ,v2,SRB-0002169-001,BMS,FBXO31,HepG2,WildType,24,10,Plate6,1,2,Low (2-10),LYRM2;SLX4,31.07.2025
SRB-0002168,,AJ,v2,SRB-0002168-001,SERAC,FBXO31,HepG2,WildType,24,10,Plate24,1,1,Single (1),GSTM4,11.06.2025
SRB-0002167,,AJ,v2,SRB-0002167-001,SERAC,FBXO31,HepG2,WildType,24,10,Pw77,1,7,Low (2-10),SEC31A;COL1A1;CYP1A1;CCDC15;DEF8;LLPH;PANK3,13.04.2026
SRB-0002167,,AJ,v2,SRB-0002167-001,BMS,FBXO31,HepG2,WildType,24,10,Plate10,1,63,High (>25),L2HGDH;EXOSC8;APOM;TUBB6;PTPMT1;ARMC9;ARG1;DNPH1;PTRH1;AZGP1;FIS1;LGR5;TEX2;ARPIN;PHLPP1;TBC1D7;NCS1;EPDR1;MRPL40;NEK4;CES3;GBA2;GTF3C6;ARHGAP32;MARVELD2;IRS4;SNX24;CDKN2AIPNL;USP33;SMCR8;STK32C;KMT2B;AHR;MT-ND6;RGS12;SCYL3;H3C15;SLC25A40;RAVER2;NPRL3;LRRC3;GAS2L3;CCDC126;NIPA2;RPL29;LGMN;TUBB8B;FANCA;CDCA7;GDA;SENP5;FBXO44;PHLDB1;PDIA2;EIF1B;TOMM20;ACTBL2;H2AC21;SMIM15;IFIH1;LSM5;ZNF556;DGKA,31.07.2025
SRB-0002166,,AJ,v2,SRB-0002166-001,BMS,FBXO31,HepG2,WildType,24,10,Plate9,1,5,Low (2-10),BNIP3;C3orf38;PALM2;NIPA1;EFNA1,31.07.2025
SRB-0002165,,AJ,v2,SRB-0002165-001,SERAC,FBXO31,HepG2,WildType,24,10,Pw43,1,2,Low (2-10),BNIP3;TXNIP,16.04.2026
SRB-0002164,,AJ,v2,SRB-0002164-001,SERAC,FBXO31,HepG2,WildType,24,10,Plate47_Pw3,1,2,Low (2-10),FRMD3;GPRIN1,15.07.2025
SRB-0002163,,AJ,v2,SRB-0002163-001,SERAC,FBXO31,HepG2,WildType,24,10,Pw43,1,0,Silent,,16.04.2026
SRB-0002162,,AJ,v2,SRB-0002162-001,SERAC,FBXO31,HepG2,WildType,24,10,Plate5,1,10,Low (2-10),CCP110;UBA7;TRAF2;KCTD9;CCDC186;SGMS1;RTKN2;TRPV4;LSM5;CSNK1G3,04.03.2025
SRB-0002161,,AJ,v2,SRB-0002161-001,SERAC,FBXO31,HepG2,WildType,24,10,Plate79_Pw14,1,0,Silent,,13.10.2025
SRB-0002160,,AJ,v2,SRB-0002160-001,BMS,FBXO31,HepG2,WildType,24,10,Plate9,1,22,Medium (11-25),RNF123;ARG1;CCN2;NUCKS1;SAMD4B;SELENOP;ANKRD27;MAPK7;IGFBP1;CASP4;SERAC1;APOA5;GNB2;GARIN4;PPP2CA;UQCRH;TMEM68;GUK1;GDPGP1;MDK;VKORC1;SINHCAF,31.07.2025
SRB-0002159,,AJ,v2,SRB-0002159-001,SERAC,FBXO31,HepG2,WildType,24,10,Plate80_Pw16,1,2,Low (2-10),RGPD1;RGPD2;DNAJB9,29.09.2025
SRB-0002158,,AJ,v2,SRB-0002158-001,BMS,FBXO31,HepG2,WildType,24,10,Plate9,1,13,Medium (11-25),CYP51A1;ZFYVE9;RAB42;APOBEC3C;XPA;BNIP3;WIPI2;PAQR7;ARSA;CLK1;JADE1;CDKN2AIPNL;AMOTL2,31.07.2025
SRB-0002157,,AJ,v2,SRB-0002157-001,SERAC,FBXO31,HepG2,WildType,24,10,Plate5,1,14,Medium (11-25),GXYLT2;NFKBIE;DUS4L;GPT;MSX1;ZNF827;C5orf22;LRRC28;TBC1D10C;RNF166;TRIB3;VPS9D1;LAMTOR2;LSM5,04.03.2025
SRB-0002156,,AJ,v2,SRB-0002156-001,SERAC,FBXO31,HepG2,WildType,24,10,Plate63_Pw9,1,2,Low (2-10),MEST;ERG28,08.09.2025
SRB-0002155,,AJ,v2,,,,,,,,,,,,,
SRB-0002154,,AJ,v2,SRB-0002154-001,SERAC,FBXO31,HepG2,WildType,24,10,Plate64_Pw10,1,0,Silent,,11.09.2025
SRB-0002153,,AJ,v2,SRB-0002153-001,SERAC,FBXO31,HepG2,WildType,24,10,Plate47_Pw3,1,0,Silent,,15.07.2025
SRB-0002152,,AJ,v2,SRB-0002152-001,SERAC,FBXO31,HepG2,WildType,24,10,Plate49_Pw5,1,3,Low (2-10),RIPK1;TSC22D1;LRRC3,22.07.2025
SRB-0002152,,AJ,v2,,,,,,,,,,,,,
SRB-0002151,,AJ,v2,SRB-0002151-001,SERAC,FBXO31,HepG2,WildType,24,10,Plate24,1,0,Silent,,11.06.2025
SRB-0002150,,AJ,v2,SRB-0002150-001,BMS,FBXO31,HepG2,WildType,24,10,Plate9,1,1,Single (1),EXOSC1,31.07.2025
SRB-0002149,,AJ,v2,SRB-0002149-001,BMS,FBXO31,HepG2,WildType,24,10,Plate8,1,24,Medium (11-25),SOD1;FAM162A;GNG4;CSPP1;HDAC10;FDX1;ARHGAP21;DHDDS;SASH1;CENATAC;LRP11;DXO;CNKSR3;CLK1;GRTP1;MFSD8;ANG;DYNC2LI1;PNPLA8;CD55;UBE2Q2;SUSD2;G6PC3;HSPA1L,31.07.2025
SRB-0002148,,AJ,v2,SRB-0002148-001,BMS,FBXO31,HepG2,WildType,24,10,Plate7,1,5,Low (2-10),MANSC1;YBEY;CA9;ITPRIPL2;CYREN,31.07.2025
SRB-0002147,,AJ,v2,SRB-0002147-001,BMS,FBXO31,HepG2,WildType,24,10,Plate7,1,38,High (>25),PFN2;RPS5;TIMM17B;PCK1;SRP19;CCN2;OSTC;GNG4;COL9A3;ISCU;FAM136A;PGPEP1;TINF2;CD302;UQCRH;SLC11A2;CMC2;ZFAND3;TRAPPC13;GNB2;ZNF428;PDCL2;CHCHD7;CD55;SMLR1;ROMO1;MT-ND3;DHTKD1;ZBTB7A;G6PC3;PURB;TEPSIN;FAM210B;MAST3;HLA-H;ZSCAN25;RAP1A;TUBB8,31.07.2025
SRB-0002146,,AJ,v2,SRB-0002146-001,BMS,FBXO31,HepG2,WildType,24,10,Plate8,1,36,High (>25),ZNF830;SOD1;NHEJ1;TMEM69;TMEM184C;ITGB4;MMAA;METTL21A;SLC27A1;NMT2;IFRD1;DNLZ;G6PC3;AP5Z1;AXIN2;TMEM101;DNAJB9;BLOC1S5;KAT6A;ARL14EP;KIAA1191;MED7;PEX12;POLR3K;STEAP1;PPP1R3D;ITPRIPL2;ZFAND2B;GORASP1;HMGN1;MAML1;TNFAIP8L3;LYRM2;SERF2;PDE6C;HSPA1L,31.07.2025
SRB-0002145,,AJ,v2,SRB-0002145-001,BMS,FBXO31,HepG2,WildType,24,10,Plate8,1,13,Medium (11-25),TMEM68;GATAD1;THAP11;ZNF652;KAT6A;H3C1;CEP290;TOR3A;NDUFV3;PDE6C;PHF21A;LRIG1;HSPA1L,31.07.2025
SRB-0002144,,AJ,v2,SRB-0002144-001,BMS,FBXO31,HepG2,WildType,24,10,Plate7,1,4,Low (2-10),SSNA1;CD302;CDCA7;CYREN,31.07.2025
SRB-0002143,,AJ,v2,SRB-0002143-001,SERAC,FBXO31,HepG2,WildType,24,10,Plate24,1,0,Silent,,11.06.2025
SRB-0002142,,AJ,v2,,,,,,,,,,,,,
SRB-0002141,,AJ,v2,SRB-0002141-001,BMS,FBXO31,HepG2,WildType,24,10,Plate9,1,8,Low (2-10),FAM98C;ARHGAP26;DENND4A;CDC42BPA;FXYD1;LIN9;GTF3C6;SNAPC3,31.07.2025
SRB-0002140,,AJ,v2,,,,,,,,,,,,,
SRB-0002139,,AJ,v2,SRB-0002139-001,BMS,FBXO31,HepG2,WildType,24,10,Plate8,1,2,Low (2-10),DHX32;PDLIM2,31.07.2025
SRB-0002138,,AJ,v2,SRB-0002138-001,SERAC,FBXO31,HepG2,WildType,24,10,Plate24,1,4,Low (2-10),APBA3;ARV1;MMADHC;TMEM167B,11.06.2025
SRB-0002137,,AJ,v2,,,,,,,,,,,,,
SRB-0002136,,AJ,v2,SRB-0002136-001,BMS,FBXO31,HepG2,WildType,24,10,Plate6,1,6,Low (2-10),TCF3;SLC22A3;C3orf33;TPST2;GPX7;MFSD14B,31.07.2025
SRB-0002135,,AJ,v2,SRB-0002135-001,BMS,FBXO31,HepG2,WildType,24,10,Plate8,1,18,Medium (11-25),POMGNT2;UBXN8;EFNA1;PEX11A;HSPA6;ABL2;SGO1;TMEM168;LIX1L;MYO5A;CDKN2AIPNL;FGFRL1;MFGE8;MGAT5;KBTBD4;HSPA1L;DGKA;NMNAT3,31.07.2025
SRB-0002134,,AJ,v2,SRB-0002134-001,BMS,FBXO31,HepG2,WildType,24,10,Plate6,1,2,Low (2-10),FAM120C;PLEKHG3,31.07.2025
SRB-0002133,,AJ,v2,SRB-0002133-001,BMS,FBXO31,HepG2,WildType,24,10,Plate6,1,2,Low (2-10),DTD2;APBB2,31.07.2025
SRB-0002132,,AJ,v2,SRB-0002132-001,BMS,FBXO31,HepG2,WildType,24,10,Plate6,1,60,High (>25),STRIP1;CD320;PRPF38B;SKP1;FDX1;MNAT1;PPP1CB;CPSF4;EIF1AY;FAM117B;TMEM97;DHRS13;PHLDA1;MTMR9;GNB2;RHOB;TOMM6;CDCA3;COX16;PPP2CA;C1D;JAG1;MED6;RALBP1;SMAD5;MRPL33;UTP23;FCGRT;FTSJ1;CYBA;TMEM120B;FAM241A;CRIPT;FOXA2;ZRANB2;VKORC1;SELENOP;JTB;JUND;HHEX;NDUFB7;NFYB;CENPH;CERS6;EIF4EBP1;MIER3;DNM3;TMEM50B;FAM193A;APBB2;SNRK;CRB3;RFX3;PPIF;PDCL2;PTTG1IP;SEC61G;SH2B1;MT-CO3;MAP6,31.07.2025
SRB-0002131,,AJ,v2,,,,,,,,,,,,,
SRB-0002130,,AJ,v2,SRB-0002130-001,SERAC,FBXO31,HepG2,WildType,24,10,Pw138,1,4,Low (2-10),IGFBP4;ING5;SNRK;HOMER2,19.05.2026
SRB-0002129,,AJ,v2,,,,,,,,,,,,,
SRB-0002128,,AJ,v2,SRB-0002128-001,BMS,FBXO31,HepG2,WildType,24,10,Plate10,1,5,Low (2-10),ARPIN;LIX1L;ALG10;EBP;TMEM14C,31.07.2025
SRB-0002128,,AJ,v2,,,,,,,,,,,,,
SRB-0002127,,AJ,v2,SRB-0002127-001,SERAC,FBXO31,HepG2,WildType,24,10,Pw34,1,1,Single (1),TMEM231,16.04.2026
SRB-0002127,,AJ,v2,SRB-0002127-001,BMS,FBXO31,HepG2,WildType,24,10,Plate9,1,6,Low (2-10),DIXDC1;RUNX1;RAD1;CRCP;CNKSR3;DCAF5,31.07.2025
SRB-0002126,,AJ,v2,,,,,,,,,,,,,
SRB-0002125,,AJ,v2,SRB-0002125-001,BMS,FBXO31,HepG2,WildType,24,10,Plate9,1,5,Low (2-10),EXOSC1;APOA5;GSDMD;ARSA;PANK1,31.07.2025
SRB-0002124,,AJ,v2,SRB-0002124-001,SERAC,FBXO31,HepG2,WildType,24,10,Pw104,1,0,Silent,,19.05.2026
SRB-0002123,,AJ,v2,,,,,,,,,,,,,
SRB-0002122,,AJ,v2,SRB-0002122-001,BMS,FBXO31,HepG2,WildType,24,10,Plate9,1,3,Low (2-10),FUT6;BANP;TYSND1,31.07.2025
SRB-0002121,,AJ,v2,SRB-0002121-001,SERAC,FBXO31,HepG2,WildType,24,10,Plate24,1,4,Low (2-10),ITPKB;TCP11L2;CALML4;IER3IP1,11.06.2025
SRB-0002120,,AJ,v2,SRB-0002120-001,SERAC,FBXO31,HepG2,WildType,24,10,Plate24,1,1,Single (1),CCL20,11.06.2025
SRB-0002119,,AJ,v2,SRB-0002119-001,BMS,FBXO31,HepG2,WildType,24,10,Plate10,1,0,Silent,,31.07.2025
SRB-0002118,,AJ,v2,SRB-0002118-001,SERAC,FBXO31,HepG2,WildType,24,10,Pw87,1,3,Low (2-10),TGFB1;SMUG1;TMEM161B,19.05.2026
SRB-0002117,,AJ,v2,,,,,,,,,,,,,
SRB-0002116,,AJ,v2,,,,,,,,,,,,,
SRB-0002115,,AJ,v2,SRB-0002115-001,SERAC,FBXO31,HepG2,WildType,24,10,Plate24,1,3,Low (2-10),FLNC;ACTN3;FER1L6,11.06.2025
SRB-0002114,,AJ,v2,SRB-0002114-001,SERAC,FBXO31,HepG2,WildType,24,10,Plate24,1,2,Low (2-10),RAD52;MIEN1,11.06.2025
SRB-0002113,,AJ,v2,SRB-0002113-001,BMS,FBXO31,HepG2,WildType,24,10,Plate6,1,209,High (>25),SMS;RPS11;GOLPH3;GLG1;MAP2K3;EIF2B5;POFUT2;MORF4L2;MOB4;TIMM21;UBL4A;WDR5;CHORDC1;NUDCD2;FTSJ1;RNH1;SLC25A22;CUTC;CNOT6;ENY2;ZNF451;ATG4B;VKORC1L1;NACA4P;RPL30;CTNNBL1;ELOC;SRP19;NEU1;MRPS35;REEP4;POGLUT2;CA13;STK26;EFL1;BCL10;PTGES3;CD320;LANCL2;UBE2M;TRUB1;UBE2G2;EIF1B;NUTF2;PPP1CB;CNPY3;PARK7;RPS12;LSM7;UBE2E1;GLT8D1;FABP5;MTPN;MAN2C1;SRA1;RPS5;PDXP;CMC2;TCEA3;AKR1C1;CISD2;OCIAD1;NUDT17;FDX1;CDC42;SEC13;SIGMAR1;MTMR9;RNF126;RPL5;FAM120C;RGS12;TRMT112;PEPD;NR2F1;L3HYPDH;ERGIC3;TUBA4A;MRPS6;GEMIN8;UBE2F;OBI1;ECD;CARMIL1;RBM38;PPP4R2;GLTPD2;KANK4;SLCO2B1;CCN2;METAP1;GM2A;CHCHD2;RNF114;AKT2;LGALS1;FRMD7;ACOT1;UTP23;ELOB;DNAJC12;SMAD5;CTNNBIP1;ABRAXAS1;POTEJ;UFC1;HJURP;ISCU;C8orf82;HMG20B;NDUFAB1;MACROD1;SERGEF;CTSB;ACOT8;ZNHIT3;NUDT2;RHOA;SLC17A5;COX6B1;HHEX;FCF1;LGALS2;NFYB;PDF;SMAD2;PXMP2;UQCRH;RAB29;NCBP2AS2;CTCF;FZR1;MTARC2;ARFRP1;PCBP4;RCBTB1;RPL36A;SLC35F6;FAM193A;MSANTD2;EIF4EBP1;ATP5MJ;FHL2;CPSF4;ASB9;SAC3D1;CYBA;PALLD;GCSH;ANG;AIMP2;AIG1;TSSC4;APOH;RHOB;LYRM2;LYPLA2;MT1F;PPIF;ZFYVE9;TUBA8;ABITRAM;NAA38;SLC11A2;TM2D3;SEMA6A;RNF128;SYS1;IGF2;VKORC1;ZNF330;CD59;CNEP1R1;CHCHD5;CPLX2;ROMO1;CIAO1;SERINC3;THUMPD2;COX7C;PANX1;FAM210B;SMLR1;PURB;CRIP1;ZRANB2;ZFAND3;COQ4;PCBP3;CNBP;ELOVL6;TMEM120B;GNB2;BCKDHB;PDCL2;BOLA3;EIF1AY;MRPL33;FAAP100;UBE2E3;BMI1;NEXN;MDK;NDUFB7;ZDHHC4;MT-ND3;PPP2CA;PTTG1IP;DYNLT3,31.07.2025
SRB-0002112,,AJ,v2,SRB-0002112-001,BMS,FBXO31,HepG2,WildType,24,10,Plate6,1,17,Medium (11-25),NEK3;SLC22A3;CETN2;NDUFAF5;GATA4;LAMTOR4;EIF4EBP1;SELENOP;MIER3;WDFY3;NDFIP1;SIVA1;RFX3;MAD2L2;DNM3;SLC25A43;ZBTB43,31.07.2025
SRB-0002111,,AJ,v2,,,,,,,,,,,,,
SRB-0002110,,AJ,v2,SRB-0002110-001,SERAC,FBXO31,HepG2,WildType,24,10,Plate24,1,2,Low (2-10),MIEN1;TATDN3,11.06.2025
SRB-0002109,,AJ,v2,,,,,,,,,,,,,
SRB-0002108,,AJ,v2,SRB-0002108-001,SERAC,FBXO31,HepG2,WildType,24,10,Plate24,1,12,Medium (11-25),SOCS6;MPDU1;PTEN;CROCC;RWDD4;IFT20;DTX3;MOAP1;FOXQ1;KIAA1586;LMBRD1;SPHK1,11.06.2025
SRB-0002108,,AJ,v2,,,,,,,,,,,,,
SRB-0002107,,AJ,v2,SRB-0002107-001,SERAC,FBXO31,HepG2,WildType,24,10,Pw103,1,0,Silent,,19.05.2026
SRB-0002106,,AJ,v2,SRB-0002106-001,BMS,FBXO31,HepG2,WildType,24,10,Plate9,1,4,Low (2-10),SYPL1;DIXDC1;KYAT1;SIVA1,31.07.2025
SRB-0002105,,AJ,v2,SRB-0002105-001,SERAC,FBXO31,HepG2,WildType,24,10,Pw141,1,1,Single (1),TTC21A,19.05.2026
SRB-0002104,,AJ,v2,SRB-0002104-001,SERAC,FBXO31,HepG2,WildType,24,10,Plate24,1,7,Low (2-10),B4GALT5;TDG;INO80D;CDC42BPG;NET1;SLC9A7;RPL26L1,11.06.2025
SRB-0002103,,AJ,v2,SRB-0002103-001,BMS,FBXO31,HepG2,WildType,24,10,Plate8,1,12,Medium (11-25),WDR20;ZNF687;CSPP1;HDAC8;NAT14;TMEM179B;BOLA3;RNPEPL1;ANKRD27;RC3H2;VPS9D1;RPS20,31.07.2025
SRB-0002102,,AJ,v2,SRB-0002102-001,SERAC,FBXO31,HepG2,WildType,24,10,Plate24,1,39,High (>25),SLC22A23;GLTPD2;C17orf100;PRRG1;FPGT;B4GALT5;S100A2;OTX1;ACOT2;NDST2;PTTG1IP;RASGRF1;FASTKD3;ZNF79;KIF19;TBRG1;PXDC1;KLHDC7A;TCTN3;GDPGP1;KCTD9;MON1A;GTPBP8;PPTC7;CHURC1;TTN;GTF2H4;ZNF524;MALSU1;KXD1;ZNF670;ALG8;METTL9;ZDHHC6;VCPKMT;ZNF160;SLC35D1;MAD2L2;SIT1,11.06.2025
SRB-0002101,,AJ,v2,SRB-0002101-001,SERAC,FBXO31,HepG2,WildType,24,10,Plate24,1,15,Medium (11-25),SIAH2;B4GALT5;DXO;LDHB;LTBR;ETV3;SP3;ADAM15;NOMO1;CDKN3;MANEAL;OSTM1;ZDHHC14;TMEM123;SEMA4C,11.06.2025
SRB-0002100,,AJ,v2,SRB-0002100-001,SERAC,FBXO31,HepG2,WildType,24,10,Pw137,1,1,Single (1),PRADC1,19.05.2026
SRB-0002099,,AJ,v2,SRB-0002099-001,BMS,FBXO31,HepG2,WildType,24,10,Plate8,1,59,High (>25),MICA;HACD1;RNF123;MXRA7;MICOS13;NAT14;CEACAM1;ARG1;RPL10L;TPRKB;TTR;NMT2;CEBPA;LMBRD1;ZER1;NUCKS1;PGS1;LRP11;FEM1C;SPP1;TAF10;LGR4;MRPS12;TAF1A;SNRK;CXorf38;FBXO6;NSRP1;BOLA3;CTIF;ZNF652;UBE2E3;SLC25A42;RTEL1;KANK4;FAM174A;EPG5;GARIN4;PSEN2;ZBTB14;MFGE8;TMEM132A;XPA;SULT1E1;MFSD8;MELTF;KAT6A;PCDHB2;GATAD1;ADIPOR1;G6PC3;MED7;MAML1;TNFAIP8L3;BHMT2;RAD51D;SLC6A9;PDE6C;HSPA1L,31.07.2025
SRB-0002098,,AJ,v2,SRB-0002098-001,BMS,FBXO31,HepG2,WildType,24,10,Plate8,1,17,Medium (11-25),TMEM184C;CRTC2;GRN;NUCKS1;CENATAC;FRMD7;USP38;SLC6A9;PDE6C;JRK;CALCOCO1;LRRC3;SERF2;H3C15;RPS20;ZBTB38;HSPA1L,31.07.2025
SRB-0002097,,AJ,v2,,,,,,,,,,,,,
SRB-0002096,,AJ,v2,SRB-0002096-001,SERAC,FBXO31,HepG2,WildType,24,10,Plate24,1,30,High (>25),B4GALT5;GABARAP;SLC2A10;SMIM13;S100A2;USP6;ARSD;FHIP1A;ATP5MC2;SERINC3;ARL6IP1;NOMO1;KLHDC7A;MORC1;CDR2L;TMEM123;PGBD3;SREK1IP1;CCHCR1;N4BP2L2;DTD2;WDR24;NEURL2;ZNF670;DGCR6L;SPNS1;SLC35D1;TOR4A;ANGEL1;WDR83OS,11.06.2025
SRB-0002095,,AJ,v2,SRB-0002095-001,SERAC,FBXO31,HepG2,WildType,24,10,Pw33,1,21,Medium (11-25),CYR61;F13A1;CYP1A1;EDN1;LCP1;AREG;JUNB;ENG;CDKN1A;RRAD;F2RL1;CLDN12;CCL20;DST;PCOLCE;ZC3H12B;CCNJ;CRYBG2;SLC37A2;PLEKHB1;IL17B,16.04.2026
SRB-0002095,,AJ,v2,SRB-0002095-001,BMS,FBXO31,HepG2,WildType,24,10,Plate7,1,97,High (>25),EIF2S3;WDR82;PUSL1;CCNC;TMEM242;PRR11;ANAPC4;TBP;SAR1B;NMT2;MGST1;FAM98A;NME3;HSPBP1;RSBN1;CORO1A;ARMC10;YARS2;HACD2;C3orf38;RPL21;ERGIC2;ABCC6;WIPI2;MYRF;KRT17;DYNLT1;ZNFX1;LYN;GNPDA2;YIF1A;SCNM1;STIMATE;GPAT3;KDM5A;PGAP6;BUD23;MAP3K1;C2orf76;VPS13B;ELOVL6;IFT122;BTBD9;FAIM;VPS41;KIAA0100;SPPL2B;TYW3;KLHDC2;TPRG1L;MOB2;SDCBP;SLC41A3;PRR15;KDELR1;SMIM15;SLC39A5;SSBP3;MEF2A;ZNF131;BBS7;HOMER3;RAD51D;ADGRE5;RPL37A;PRMT9;FAM8A1;CEP152;MMGT1;RGL2;HASPIN;ZBTB7A;MLXIP;TMEM138;FAM210A;DPY19L4;HCFC2;RFWD3;SIGMAR1;CYBC1;KLF13;FBXL3;AP5S1;ZBTB14;H3C15;JADE1;DGUOK;H3C1;ADAL;MAST3;MBTD1;TRAF6;GORASP1;ACTBL2;MGST3;RPL3L;SZT2,31.07.2025
SRB-0002094,,AJ,v2,,,,,,,,,,,,,
SRB-0002093,,AJ,v2,SRB-0002093-001,BMS,FBXO31,HepG2,WildType,24,10,Plate7,1,62,High (>25),PLEC;MYO1D;HSD17B2;HACD3;EPPK1;DIAPH2;MYBBP1A;WFS1;PIGO;FAM114A2;PTDSS1;FAM83H;METTL7A;RFT1;ERLIN2;SOAT2;QPCTL;SLC25A1;DGAT1;HMGA2;IER3IP1;CDS2;SLC35C2;MBOAT7;MSMO1;DHCR7;ICMT;BANF1;EEF1AKMT1;TAF3;TRIM65;YBEY;MFGE8;CHFR;TM7SF2;RTTN;MFSD9;HACD2;CNKSR3;NR2C2;KRTCAP2;SFT2D1;TMEM53;TBC1D14;TMEM199;COBL;HSD11B2;AP5S1;BBS2;KRT17;NAT14;ICE1;CENATAC;PCMTD1;DENND11;HDAC11;FXYD1;MID1IP1;G6PC3;ACTBL2;USP22;ANGPTL4,31.07.2025
SRB-0002092,,AJ,v2,,,,,,,,,,,,,
SRB-0002091,,AJ,v2,SRB-0002091-001,BMS,FBXO31,HepG2,WildType,24,10,Plate7,1,3,Low (2-10),PCSK1N;TMEM94;DHTKD1,31.07.2025
SRB-0002090,,AJ,v2,,,,,,,,,,,,,
SRB-0002089,,AJ,v2,,,,,,,,,,,,,
SRB-0002088,,AJ,v2,SRB-0002088-001,BMS,FBXO31,HepG2,WildType,24,10,Plate7,1,1,Single (1),CA9,31.07.2025
SRB-0002087,,AJ,v2,SRB-0002087-001,SERAC,FBXO31,HepG2,WildType,24,10,Plate24,1,17,Medium (11-25),SLC2A10;SMIM13;S100A2;OTX1;ETV3;RPL39;RPL39P5;SP3;WDR87;TEDC2;ITIH5;CDR2L;KDF1;ZNF670;MIXL1;AKAP7;HSPB8;WDR83OS,11.06.2025
SRB-0002086,,AJ,v2,SRB-0002086-001,BMS,FBXO31,HepG2,WildType,24,10,Plate6,1,9,Low (2-10),CABIN1;FAM185A;HACD1;HYAL1;SS18L2;TSTD2;TBC1D31;SCPEP1;CLK4,31.07.2025
SRB-0002085,,AJ,v2,,,,,,,,,,,,,
SRB-0002084,,AJ,v2,SRB-0002084-001,BMS,FBXO31,HepG2,WildType,24,10,Plate6,1,9,Low (2-10),FBXL4;FOXA2;FIG4;TNFRSF19;BOLA3;GATAD1;TANC1;YAE1;TNRC6C,31.07.2025
SRB-0002083,,AJ,v2,,,,,,,,,,,,,
SRB-0002082,,AJ,v2,SRB-0002082-001,SERAC,FBXO31,HepG2,WildType,24,10,Pw87,1,3,Low (2-10),CYB561D2;HPD;SMURF1,19.05.2026
SRB-0002081,,AJ,v2,SRB-0002081-001,SERAC,FBXO31,HepG2,WildType,24,10,Pw84,1,3,Low (2-10),ADH1B;ACOT11;CLDND1,19.05.2026
SRB-0002080,,AJ,v2,,,,,,,,,,,,,
SRB-0002070,,AJ,v2,SRB-0002070-001,SERAC,FBXO31,HepG2,WildType,24,10,Plate5,1,26,High (>25),MAST3;TADA2A;DUS4L;ADH4;RHOQ;MPZ;TRAF2;BRD3;PTPN14;UNC50;LRRC28;ECHDC2;RCOR2;HELB;BCL2L2;ALKBH8;RUNDC1;SEC22A;METTL2A;ANGPTL4;TRPV4;NCDN;AK6;LSM5;CEP83;PCDHB3,04.03.2025
SRB-0002068,,AJ,v2,SRB-0002068-001,BMS,FBXO31,HepG2,WildType,24,10,Plate9,1,28,High (>25),SULT1A3;PCNT;PCSK9;CCN2;NPC2;NANP;IGFBP1;FXYD2;BRMS1L;CYP2W1;MARCHF6;SULT1A2;CHPF2;ARSA;ASPHD1;RBM4B;RUNX1;GBP1;POTEJ;UBE2Q2;RBP5;GTF3C6;NAA80;SPECC1;SLC51A;ANXA9;MTHFSD;TUBB1,31.07.2025
SRB-0002067,,AJ,v2,,,,,,,,,,,,,
SRB-0002066,,AJ,v2,SRB-0002066-001,BMS,FBXO31,HepG2,WildType,24,10,Plate9,1,4,Low (2-10),EXOSC1;ARL6;CAMLG;CNEP1R1,31.07.2025
SRB-0002064,,AJ,v2,SRB-0002064-001,SERAC,FBXO31,HepG2,WildType,24,10,Plate5,1,15,Medium (11-25),TNFRSF10A;DNA2;TRAF2;AMMECR1L;TECPR1;NAA40;TTC21A;PRG4;RNF166;PPP1R16A;GEMIN7;ZNF408;FBXO5;HEG1;LSM5,04.03.2025
SRB-0002063,,AJ,v2,SRB-0002063-001,SERAC,FBXO31,HepG2,WildType,24,10,Plate5,1,4,Low (2-10),PRG4;JADE2;AKAP7;LSM5,04.03.2025
SRB-0002062,,AJ,v2,SRB-0002062-001,SERAC,FBXO31,HepG2,WildType,24,10,Plate24,1,117,High (>25),IFT56;HACD1;ERVK3-1;DEGS1;POLR3G;ADCY6;PRKAB2;ZBTB14;CUTA;CTSV;NPHP4;STC2;SFT2D2;STARD3NL;TTR;TUBB4A;PRKCG;RPLP1;F7;SULT1A3;SULT1A4;COX7A2;NAGA;IL1RN;KRT15;S100A1;GCSH;AOAH;PRKAR2B;OTX1;EIF1;PPIC;UBE2A;DIO1;SULT1A2;STAT5B;PTTG1IP;NAP1L1;CLDN12;SEC61G;PPP4C;COPZ1;NUTF2;RPL39;RPL39P5;TYRO3;SULT2A1;C1QBP;CYP4F3;COX10;TUBB3;GAMT;ZNF146;PPP2R5B;ZNF174;EXT1;CDKN3;KYAT1;DUSP6;INO80D;ACTBL2;ALG10;ALG10B;THEM4;ZFYVE27;EEIG2;MEX3C;TUBA3E;XIRP1;EIF3M;MORC1;SFR1;DZIP3;NDUFA11;SLC22A9;GSPT2;TMEM123;SIX5;CRACR2B;CCNY;TET1;GRPEL2;SPPL2A;OVCA2;ISOC2;UBE2W;RBM18;COA8;DGAT2;FAM111A;YPEL2;CRBN;CYTH2;MNT;TXN2;TUBA1C;ZNF670;GON7;SELENOI;TKTL2;TMEM168;SPNS1;TMT1A;MINDY3;NHEJ1;SMURF2;TCIM;NMRK1;TMEM160;ZDHHC3;PLEKHB1;SS18L2;LAMTOR3;NAT8;NXT1;PROCR;FLVCR2;DMTF1;NAALAD2;PRKAB1,11.06.2025
SRB-0002061,,AJ,v2,SRB-0002061-001,SERAC,FBXO31,HepG2,WildType,24,10,Plate5,1,10,Low (2-10),GPT;AOAH;SCN9A;LRRC28;ZFAND2B;FBXL8;SELENOO;ROGDI;HEG1;LSM5,04.03.2025
SRB-0002060,,AJ,v2,SRB-0002060-001,SERAC,FBXO31,HepG2,WildType,24,10,Plate5,1,3,Low (2-10),LSM5;CRLS1;SSSRB-0002IP,04.03.2025
SRB-0002059,,AJ,v2,SRB-0002059-001,SERAC,FBXO31,HepG2,WildType,24,10,Pw103,1,6,Low (2-10),NDUFA3;HLA-C;DNAL1;SMURF2;CENPJ;NEU3,19.05.2026
SRB-0002058,,AJ,v2,,,,,,,,,,,,,
SRB-0002057,,AJ,v2,,,,,,,,,,,,,
SRB-0002056,,AJ,v2,,,,,,,,,,,,,
SRB-0002055,,AJ,v2,SRB-0002055-001,SERAC,FBXO31,HepG2,WildType,24,10,Pw159,1,0,Silent,,19.05.2026
SRB-0002054,,AJ,v2,,,,,,,,,,,,,
SRB-0002053,,AJ,v2,SRB-0002053-001,BMS,FBXO31,HepG2,WildType,24,10,Plate7,1,125,High (>25),GNL3;SULT2A1;RSPRY1;GRB7;CYP51A1;EIF1AX;RPS19;HNRNPAB;ACY1;UBR7;TMX2;JMJD6;RAB43;VSNL1;NDUFS5;GCKR;MAN1B1;SRSF4;MICA;TCP11L1;TPMT;MAIP1;SCFD2;NDUFS8;IDI1;AGFG2;YWHAB;TRMT61A;BOK;ZC3H15;HYPK;MIF4GD;C2orf69;LGMN;VASP;UQCRH;MAP2K3;PTCD1;EIF4H;OSTF1;POGLUT3;RNF2;TM7SF2;PCSK9;CPNE1;AKR1C3;OSTC;EEF1AKMT1;PPIF;MFSD9;BIRC5;AKR1C1;TRAM1;LBR;SRSF7;SLC35F5;IGHMBP2;NCL;CBX3;PITHD1;CLGN;NDUFS6;CAMK2G;WDR37;GLO1;TIA1;AGPAT5;CLEC16A;ZNF189;AKAP8;PAIP2;CHEK2;RAB8A;MTFR1;EGLN1;TMEM94;TMEM147;DYM;RAP2B;PALB2;NFYC;EIF1B;RCE1;FASTK;ECSIT;YES1;AP5S1;GCHFR;LAMP2;UTP3;CAMSAP2;CETN2;RNPEPL1;SF3B6;GSKIP;LYSMD3;BRAT1;TSPAN3;RAP2C;PICK1;PSMB7;SHARPIN;SNRNP48;HSD11B2;ELOVL6;ASB6;NAALADL1;PPP2CA;SMIM15;FZD5;EPCAM;LSM7;RBP5;ICE1;ANGPTL4;SDHAF2;PLD6;RAB8B;TOMM7;FXYD2;TOMM20;RFFL;SNX24;H3C1;H3C15,31.07.2025
SRB-0002052,,AJ,v2,SRB-0002052-001,SERAC,FBXO31,HepG2,WildType,24,10,Pw85,1,3,Low (2-10),TNFRSF21;PSMG4;CPEB2,19.05.2026
SRB-0002051,,AJ,v2,SRB-0002051-001,SERAC,FBXO31,HepG2,WildType,24,10,Pw36,1,0,Silent,,16.04.2026
SRB-0002050,,AJ,v2,SRB-0002050-001,BMS,FBXO31,HepG2,WildType,24,10,Plate8,1,167,High (>25),FAM162A;ALG3;COMMD8;PGP;RAD51AP1;UBXN4;BLVRB;TMED2;BHMT;ATP5ME;SERGEF;RAB43;RPLP0;ZNF362;CYP51A1;CYP2S1;SMAP;GADD45GIP1;EXOSC1;MPZL1;ARID4A;SOD1;H3-7;ANP32E;ARMT1;RPL13A;SEMA4G;IL17RB;LMBRD1;KRTCAP2;ZMIZ1;MAP3K20;TMEM68;SLC17A5;NR5A1;PEPD;SLC22A23;DNLZ;EFNB1;RPS15;CRTC2;ISOC2;MAPK1IP1L;BOD1;SUMO2;SHFL;CCN2;BLOC1S5;MED7;C1GALT1C1;ELOB;DPY19L4;CEACAM1;FIGN;MTPN;RPL10;PHAX;TTR;DYNLRB1;MRPS10;CYP2W1;SELENOI;COA1;PHF12;ZNF428;CLK1;PHYH;MT1F;HPN;AP5Z1;NDUFB11;CRBN;SERINC3;GM2A;RNPEPL1;EMP3;GMPR2;NHEJ1;GRPEL2;PSRC1;ACAT2;GRN;TCEA3;MRPL41;ERCC8;GRTP1;AURKAIP1;SULT2A1;UBE2E1;SOX5;NDUFS4;NAA38;UQCC2;ZBTB7A;FEM1C;PDCD4;MT-CO1;STXBP1;ZFAND2B;ZKSCAN8;SH2B1;LAMTOR5;USP20;SELENOP;CD9;TMEM256;UFC1;MTIF3;BICD1;BOLA3;C15orf40;TMEM102;GLRX;NUDT12;SFT2D1;SCAP;NDUFB7;MORC4;PGS1;ELOVL5;RALBP1;RETREG2;SURF6;C1D;LGALS2;PAM;GARIN4;SELENOH;ATXN7L3B;NOL3;TMEM101;BIRC5;ATP5MJ;ING5;ZC3H12A;COL9A3;SEC22A;FRMD7;MAP6;THAP11;CRIP1;ROGDI;PLCL2;MFSD9;CYB561D2;NACA4P;CHCHD1;FAM174A;SS18;MEST;COX7C;DNAJC25;CYBA;MTRES1;PDE6C;ITPRIPL2;SH3BP5L;JTB;TNRC6C;USP38;ZBTB17;H2AC20;SERF2;HSPA1L;CD151;KDELR3;DYNLL2,31.07.2025
SRB-0002049,,AJ,v2,SRB-0002049-001,BMS,FBXO31,HepG2,WildType,24,10,Plate6,1,6,Low (2-10),BRCC3;SNAPC3;PNKD;NSRP1;ZNF747;TRIM21,31.07.2025
SRB-0002048,,AJ,v2,SRB-0002048-001,SERAC,FBXO31,HepG2,WildType,24,10,Plate5,1,9,Low (2-10),ADH4;ALDH1A3;NAAA;BMPR2;PTPN14;KBTBD7;CDH23;ZNF408;ELL3,04.03.2025
SRB-0002047,,AJ,v2,SRB-0002047-001,SERAC,FBXO31,HepG2,WildType,24,10,Pw103,1,4,Low (2-10),ANGPTL8;TTC17;TUFT1;NDFIP2,19.05.2026
SRB-0002046,,AJ,v2,SRB-0002046-001,SERAC,FBXO31,HepG2,WildType,24,10,Plate5,1,9,Low (2-10),TFPT;NFYA;CHD3;PTPN14;MAST2;TECPR1;SLC16A10;ZFAND2B;HAUS7,04.03.2025
SRB-0002045,,AJ,v2,SRB-0002045-001,SERAC,FBXO31,HepG2,WildType,24,10,Plate5,1,20,Medium (11-25),TNFRSF10A;MAPKBP1;RHOQ;NFYA;LUM;KRT17;CHD3;GCKR;BLTP2;PTPN14;C3orf33;LRRC28;MIGA1;ZNF555;NEIL2;CMTM3;TRIB3;LGMN;CGREF1;CDC14A,04.03.2025
SRB-0002044,,AJ,v2,SRB-0002044-001,SERAC,FBXO31,HepG2,WildType,24,10,Pw36,1,0,Silent,,16.04.2026
SRB-0002043,,AJ,v2,SRB-0002043-001,SERAC,FBXO31,HepG2,WildType,24,10,Pw36,1,0,Silent,,16.04.2026
SRB-0002042,,AJ,v2,SRB-0002042-001,SERAC,FBXO31,HepG2,WildType,24,10,Pw42_FAIMS,1,25,Medium (11-25),BHLHE40;APOL1;MRAS;UBD;FAM13A;CLIC3;LRG1;GSPT1;HOXA5;MPZ;LOX;PCK1;PCLAF;ANKRD1;ANGPTL8;GSPT2;SPRYD3;WBP2;LRRC58;ALKBH3;EPAS1;LRRC3;UBL5;OLFML3;TMEM98,16.04.2026
SRB-0002042,,AJ,v2,SRB-0002042-001,BMS,FBXO31,HepG2,WildType,24,10,Plate6,1,10,Low (2-10),TGFBR3;DLC1;INO80E;DNAJC30;SMYD4;SNX29;GSPT1;ABTB3;GSPT2;MAP6,31.07.2025
SRB-0002041,,AJ,v2,SRB-0002041-001,BMS,FBXO31,HepG2,WildType,24,10,Plate6,1,7,Low (2-10),ZNF428;ZNF330;HYAL1;TMEM50A;CMTM4;DTD2;C1orf112,31.07.2025
SRB-0002040,,AJ,v2,SRB-0002040-001,BMS,FBXO31,HepG2,WildType,24,10,Plate6,1,407,High (>25),BAIAP2;MIX23;RALY;YARS1;DHRS2;GLO1;LRRC59;YTHDC2;BORCS5;SEC23A;MRPL44;WDR5;GLG1;NFYC;EIF1AX;ANP32B;WDR43;PFN2;PGP;FAHD2A;CTNNBL1;RPS11;NEU1;GOLPH3;LIN28B;PPP1CB;SURF4;CLIC4;PSMD9;BOLA2;SPR;SNRPD2;ARIH1;RPL9;PSMB6;SLC25A5;ARPC3;COX7A2L;GATD3B;AFP;TRUB1;SEC23B;RABGGTA;TACO1;FBXO2;SNAPC3;ATP5PD;TAOK2;TPMT;FAM3C;RPS7;RNH1;GLOD4;CUTC;APOC2;SMARCA1;RCOR2;CTSD;EHMT2;FTCD;MRPS35;LIN7C;DDHD2;CPNE1;GMEB2;PNPLA4;TOP3B;CHMP6;NDUFAF5;DHRS4;HEATR3;SOD1;DENR;NUDT17;PPIA;RSU1;SEC62;GLTP;ATG4B;COA7;CMC2;POFUT2;METAP1;RAP2B;COX5B;SLC25A22;MBNL1;LRRC57;SLC25A19;DCP2;RPL30;ENOSF1;TRAPPC2;MORF4L2;RBM8A;CTSA;SMAD5;MRPL28;GAB1;DHRS13;MED6;AAMDC;EIF1B;DSTN;ENY2;ELP4;PCDH11X;ZMAT2;SEZ6L2;CHPT1;CAPNS1;PXMP2;SLC30A7;YIPF4;TCEA3;NEK7;ALKBH5;GGT1;NDUFA2;NTMT1;RPS5;SLC31A1;DNAJC12;FDX1;SERINC1;RPUSD4;NUDT2;TMCC1;AS3MT;AKAP17A;MRRF;TRIM15;RPL23;SMIM20;SF1;LGALS1;MIS18A;CCDC97;FABP5;PDCD4;UBE3C;FTSJ1;STK32C;THAP11;IFT52;SEPSECS;MAP2K6;MAL2;FHL3;MINDY2;ZNF579;ROMO1;FPGT;ANKRD52;CISD2;LAMTOR4;SLC13A5;RIOK3;NDUFAB1;CHORDC1;CCDC174;CDC42;N6AMT1;PDF;GM2A;COQ8B;PPIF;EIF5A;DIPK2A;LBR;PTGES3;IL17RB;ECD;HNRNPH2;UBE2G2;MEST;GRTP1;SLC17A5;CLP1;NDUFB9;L3HYPDH;RNF114;SIVA1;KDELR3;UBE2M;CDC42EP4;PTMS;SULT1C2;COX6B1;COTL1;GET4;RBFA;SCO1;JUN;YAE1;PLPP3;PIP4P1;CFB;VKORC1L1;NUS1;PSAP;TENT2;FAM118B;PHF6;ZMIZ1;SNX29;GEMIN8;RALBP1;TBC1D13;PPP4R2;BCL7C;NAGA;SIGMAR1;CNOT6;NDUFB11;LGALS2;PCBP4;POTEJ;ANXA1;TMEM115;TRIOBP;LAMP2;SC5D;MTRF1L;REEP6;SURF6;PEPD;RBMXL1;CLDN6;ABITRAM;CTNNBIP1;ATXN7L3B;FBXL20;RHOA;FCF1;SERPINA7;ZNHIT2;ERICH1;TMEM167A;ODF2;ACVR1;LYPLA2;C1orf226;IGF2;CCL20;VEZF1;SNX12;TSSC4;CENPH;MTMR9;TMEM97;NSA2;CTSB;NDOR1;TMEM102;NACA4P;JAG1;SLBP;CHCHD2;TGFB1;ARFRP1;SLC35B4;LANCL2;COX11;ARF5;ATP5F1E;FAM117B;FRMD7;AP3S2;FAM193A;GARIN4;KDM8;KDM4B;STMN1;HHEX;CYBA;FAM120C;EFNB1;HMG20B;NAF1;CFLAR;NAA38;CIAO1;CLCN3;CTCF;UBE2E3;TMEM120B;PLEKHG5;BRPF1;COX6C;ZCCHC7;TEPSIN;NDFIP1;MIER3;FHIP2B;MTERF1;FBXO17;PDXP;MTPN;IGFBP1;SMAD2;RPL36A;SLC22A23;MT-CYB;MT1F;ISCU;BICRAL;TNRC6C;PALLD;MAD2L2;AP4S1;ARL6IP1;C1D;LSM7;FGFR1OP2;HNMT;SS18;ING5;MRPL41;RPLP1;FHL2;MT2A;KCNAB2;AIMP2;RCBTB1;FAM210B;RAB30;TOMM20;APOH;TMEM50B;ZBTB7A;CERS6;TMEM65;MRPS6;IQCB1;GCSH;CCND1;UFC1;SCAI;ELOB;SP140L;TUSC2;DUSP22;MXRA7;SLC25A20;SELENOP;DNAJC19;CPSF4;MTARC2;ATP5MJ;CD47;SMLR1;ZRANB2;CD36;PIBF1;BTRC;ACOT1;UTP23;MRPS18A;AIG1;SNUPN;NCBP2AS2;ELOVL5;CHCHD5;SAC3D1;TMEM104;TM2D3;COMTD1;TRMT112;CNBP;RPS26;CD59;SPPL2A;PURB;GNB2;BCKDHB;HLA-H;SYS1;TUBB1;COL9A3;VKORC1;PCBP3;ENTPD7;BOLA3;RHOB;SERINC3;CCN2;NFYB;PPP2CA;ZNF428;DYNLT3;RFX3;SLC51B;GLRX;PPIP5K1;SLC36A1;RNF128;TRIM4;CCDC167;COX7C;RBP5;RPL22L1;MDK;DNM3;MT-ND3;NDUFB7;CNEP1R1,31.07.2025
SRB-0002039,,AJ,v2,,,,,,,,,,,,,
SRB-0002038,,AJ,v2,SRB-0002038-001,BMS,FBXO31,HepG2,WildType,24,10,Plate7,1,3,Low (2-10),LYRM2;TRAPPC13;MFSD8,31.07.2025
SRB-0002037,,AJ,v2,SRB-0002037-001,SERAC,FBXO31,HepG2,WildType,24,10,Pw36,1,0,Silent,,16.04.2026
SRB-0002036,,AJ,v2,SRB-0002036-001,BMS,FBXO31,HepG2,WildType,24,10,Plate10,1,8,Low (2-10),GZF1;SHFL;SMCR8;GSKIP;AP5M1;IQCB1;IFRD1;KBTBD4,31.07.2025
SRB-0002035,,AJ,v2,,,,,,,,,,,,,
SRB-0002034,,AJ,v2,SRB-0002034-001,BMS,FBXO31,HepG2,WildType,24,10,Plate9,1,6,Low (2-10),MTG1;UBA7;ANGEL1;B3GNTL1;ARHGAP32;RAD51D,31.07.2025
SRB-0002033,,AJ,v2,SRB-0002033-001,SERAC,FBXO31,HepG2,WildType,24,10,Plate5,1,65,High (>25),SLC22A23;BTN3A1;ZBTB39;PPM1D;TPST2;HRAS;FYN;C8A;C4B;NR2C1;ICAM2;UGT1A4;NFYA;SLC7A1;STX2;PIK3CB;SSR1;NDST1;GNA12;MGAT5;TRAF2;MYO7A;LRP8;ZNF268;PTPN14;GEN1;C5orf22;FLYWCH1;ODF2;FHIP2A;TENT2;GDPGP1;ITIH5;NAA40;RTTN;CUL9;AQP11;SLC38A9;TTC21A;PPP1R35;METTL21A;RHBDF1;LRRC58;STARD4;RMDN2;MUS81;TRPM7;STN1;TRPV4;ZFYVE1;MYOF;TBC1D7;SENP1;SLC2A6;NAT8;FBXO9;FBXO5;CYP8B1;AP4E1;NAALADL1;LAMTOR2;AK6;DOP1B;LSM5;COX11,04.03.2025
SRB-0002032,,AJ,v2,SRB-0002032-001,SERAC,FBXO31,HepG2,WildType,24,10,Plate5,1,23,Medium (11-25),NRP1;PPM1D;A1BG;CREB1;UGT1A4;GUCY2C;ST3GAL4;TRAF3;MAP2K5;ZNF827;FRY;DENND5A;BAIAP2L2;VPS13B;SMIM29;LRRC28;APLF;PRG4;PPP1R16A;INPP4A;DSCC1;POLI;LIPT1,04.03.2025
SRB-0002031,,AJ,v2,SRB-0002031-001,SERAC,FBXO31,HepG2,WildType,24,10,Plate5,1,74,High (>25),MED19;FAM171A2;PODXL;PPM1D;DXO;VAMP5;SNAPIN;APOM;UGT1A4;NFYA;GPT;PCK1;CDKN1A;VHL;ETV6;PPP1R2;CDKN2C;MTHFR;STAT5B;NDUFV3;CRADD;HMGN5;TBX2;ITGB3BP;BMPR2;ZNF268;SS18;PTPN14;CCDC85B;C5orf22;BCL7A;MIDN;PDLIM3;CNST;UQCC3;ARSK;TOM1L2;KCTD9;MIGA2;SMIM29;NAA40;GLCCI1;TDRP;PARP16;FBH1;PPP1R35;BAHD1;SPIRE2;PPP1R16A;ATP5MK;INPP4A;LGMN;MNT;ANP32E;SARG;SRXN1;TGIF2;CDH23;POMK;PANK3;NHEJ1;BIN3;DISC1;TOMM22;ZNF358;GID8;FBXL12;ZSWIM5;SLC2A6;CEP164;HDAC5;MSRB2;LSM5;SPCS1,04.03.2025
SRB-0002030,,AJ,v2,SRB-0002030-001,BMS,FBXO31,HepG2,WildType,24,10,Plate9,1,3,Low (2-10),EXOSC1;GUK1;SPHK1,31.07.2025
SRB-0002029,,AJ,v2,SRB-0002029-001,BMS,FBXO31,HepG2,WildType,24,10,Plate9,1,23,Medium (11-25),SERPINA3;PJA2;FILIP1L;TFPI;CCN2;IGFBP1;RHOA;LOX;ALKBH4;CERS6;COX6B1;ELOF1;NUCKS1;PIGBOS1;GNB2;EIF1AY;PPP2CA;SMAD2;H3C15;ZDHHC4;NOL3;FRS2;MDK,31.07.2025
SRB-0002028,,AJ,v2,SRB-0002028-001,BMS,FBXO31,HepG2,WildType,24,10,Plate9,1,0,Silent,,31.07.2025
SRB-0002027,,AJ,v2,SRB-0002027-001,SERAC,FBXO31,HepG2,WildType,24,10,Plate5,1,44,High (>25),RFXAP;NRP1;SLC37A4;TPST2;ULK1;PFKM;CERS1;RGS3;GSK3B;ERF;PCBP3;ROMO1;ELP6;TBX2;ITGB3BP;PGGHG;KMT5B;SETMAR;TAF1B;DALRD3;TMEM201;ABHD17B;NUDT18;CNTROB;KDM8;WDR19;SHKBP1;SETD6;KAT6B;NEO1;RHBDF1;SNRNP25;WWP1;GGNBP2;STN1;RNPEPL1;RC3H2;JADE2;HINT3;CRIPT;CALCOCO1;NAALADL1;SNX24;LSM5,04.03.2025
SRB-0001999,,AJ,v2,SRB-0001999-001,SERAC,FBXO31,HepG2,WildType,24,10,Plate5,1,206,High (>25),MSRB2;UQCC3;TIMM10,04.03.2025
SRB-0001997,,AJ,v2,SRB-0001997-001,SERAC,FBXO31,HepG2,WildType,24,10,Pw36,1,1,Single (1),FBXW4,16.04.2026
SRB-0001997,,AJ,v2,,,,,,,,,,,,,
SRB-0001997,,AJ,v2,SRB-0001997-003,SERAC,FBXO31,HepG2,WildType,24,10,Pw101,1,8,Low (2-10),PHF14;CNN1;RBBP7;CCDC84;DDX11;VKORC1;ZNF649;ANGPTL2,19.05.2026
SRB-0001995,,AJ,v2,,,,,,,,,,,,,
SRB-0001992,,AJ,v2,SRB-0001992-001,SERAC,FBXO31,HepG2,WildType,24,10,Plate5,1,0,Silent,,04.03.2025
SRB-0001991,,AJ,v2,SRB-0001991-001,BMS,FBXO31,HepG2,WildType,24,10,Plate8,1,28,High (>25),NSUN4;MLLT1;SMAD4;IL17RB;MICA;EBP;KAT5;SEMA4G;ITGB4;NECTIN1;NME2P1;VWA3B;UBE2A;TFR2;HBA1;CKMT1A;FAM118A;B3GNT2;CYBC1;YY1AP1;MARCHF6;ZBTB7A;RPL22L1;RGS3;TYSND1;ZNF813;PERP;COX6A1,31.07.2025
SRB-0001991,,AJ,v2,SRB-0001991-002,SERAC,FBXO31,HepG2,WildType,24,10,Pw79,1,2,Low (2-10),CYP1A1;CYP24A1,15.04.2026
SRB-0001990,,AJ,v2,SRB-0001990-001,BMS,FBXO31,HepG2,WildType,24,10,Plate7,1,1,Single (1),ARL14EP,31.07.2025
SRB-0001989,,AJ,v2,SRB-0001989-001,SERAC,FBXO31,HepG2,WildType,24,10,Plate5,1,1,Single (1),RGPD5,04.03.2025
SRB-0001988,,AJ,v2,SRB-0001988-001,SERAC,FBXO31,HepG2,WildType,24,10,Plate5,1,3,Low (2-10),ARV1;IGFBP4;MGST1,04.03.2025
SRB-0001987,,AJ,v2,SRB-0001987-001,SERAC,FBXO31,HepG2,WildType,24,10,Plate5,1,0,Silent,,04.03.2025
SRB-0001986,,AJ,v2,SRB-0001986-001,SERAC,FBXO31,HepG2,WildType,24,10,Plate5,1,0,Silent,,04.03.2025
SRB-0001985,,AJ,v2,SRB-0001985-001,SERAC,FBXO31,HepG2,WildType,24,10,Pw34,1,0,Silent,,16.04.2026
SRB-0001985,,AJ,v2,SRB-0001985-001,BMS,FBXO31,HepG2,WildType,24,10,Plate7,1,8,Low (2-10),SRP19;PICK1;EIF1AY;SLC35B3;FGFR3;RAD51D;CRLS1;CCDC106,31.07.2025
SRB-0001984,,AJ,v2,SRB-0001984-001,SERAC,FBXO31,HepG2,WildType,24,10,Plate5,1,0,Silent,,04.03.2025
SRB-0001983,,AJ,v2,SRB-0001983-001,BMS,FBXO31,HepG2,WildType,24,10,Plate8,1,10,Low (2-10),CSTA;GRN;RNF34;SERF2;MAFK;HSPA1L;ZNF771;SARAF;MMAA;SLC25A36,31.07.2025
SRB-0001982,,AJ,v2,SRB-0001982-001,BMS,FBXO31,HepG2,WildType,24,10,Plate6,1,28,High (>25),C15orf40;TMEM167A;NACA4P;SNX12;CGGBP1;CNEP1R1;NFYB;TMEM120B;SLC6A9;POLR2M;ACOT11;MFSD14B;CENPH;JTB;CASD1;SLC35B4;RAB1B;PTTG1IP;ZBTB14;VPS9D1;SELENOP;DNM3;CD9;NRSN2;CRIP1;ING5;SH3BP2;SLCO4A1,31.07.2025
SRB-0001981,,AJ,v2,SRB-0001981-001,BMS,FBXO31,HepG2,WildType,24,10,Plate6,1,5,Low (2-10),ITM2C;FBH1;PCNT;MRPL30;TMEM167B,31.07.2025
SRB-0001980,,AJ,v2,,,,,,,,,,,,,
SRB-0001979,,AJ,v2,SRB-0001979-001,BMS,FBXO31,HepG2,WildType,24,10,Plate8,1,269,High (>25),C4B;SEC24D;POLR2B;MAGED2;KNTC1;ICAM1;DSP;NCAPD2;STAT3;C1GALT1;TLE1;SORT1;SNRPB;ASGR1;RIPK2;EIF2D;ARHGAP18;AGT;FGB;FAT1;PDK2;A2M;PAPSS1;TBC1D23;BCAM;DAB2;TWF2;CTCF;SMYD2;NFKB1;IBTK;LGALS1;SERPINF2;SORBS3;NDRG2;SLC6A8;FANCI;ENY2;ZBED1;TUBB;NFAT5;FRAS1;PROX1;PPIL2;SUN2;FANCG;RAB11FIP4;ZC3HAV1L;COQ6;TF;NHEJ1;AAMDC;STIM2;APAF1;OAT;HNMT;CRYBG1;PET117;TANK;IFITM3;COX18;CHCHD5;NFKB2;IL6ST;USP40;RAB43;RSRC1;BRD3;BIRC2;SPAG7;RPL10;OBSL1;SLCO4C1;TCEA3;FGFR4;BABAM1;NAB1;PROS1;RP2;TBC1D13;GTF3C2;DDB2;VASN;SUMO2;RPS15;ASPSCR1;INO80C;PRXL2B;SORL1;ZNF512B;TMED1;ABLIM1;RAVER1;LAPTM4A;SORBS2;TONSL;IRF2BP2;NEK3;RHOB;TNS3;MTO1;TRIM25;FHL2;PCBP4;MINK1;PDPK1;RELN;NR6A1;IL13RA1;CKB;PIP4P1;MTPN;ASGR2;FKRP;VEZF1;CP;NR2F6;CDK17;CARHSP1;STAT2;GTPBP3;H2AC21;RNF128;PTGES2;HLTF;STK39;MRPS17;NKD1;SORBS1;POLR3A;SP2;HEXIM2;THAP11;PLEKHA1;RASSF4;FGD4;SYNE3;CIZ1;CGNL1;C5;ANKRD54;PSMC3IP;MALT1;ABL2;RCOR2;UBE2D4;ZKSCAN1;TCAF1;CTDSP1;CHCHD7;LYZ;CENPH;VWA1;TMEM256;IGFBP1;CXorf38;ARPIN;ERBB3;PEG3;CCL20;TRAPPC13;ZNF362;TFR2;KLF3;CAVIN2;ATXN7L3B;SEZ6L2;SPTLC3;TACC1;FGA;LRRC3;MXRA8;RBM41;DENND6A;EFNA1;TTC3;SERPINA5;KANK4;RNF126;TMEM102;OPTN;PAM;ZBTB14;ZNF771;MYRF;SELENOP;ALG13;SLC38A2;ZCRB1;MAN2C1;GRAMD1A;ERBB2;MAGED4;SAPCD2;MED7;G6PC3;SERF2;FRMD7;PEG10;SDHAF2;MASTL;ACTR5;TXNIP;SS18;AFP;GREB1;WWC1;GRB7;CRCP;ZNF652;FGL1;HEPACAM;GARIN4;SOX5;COQ7;MAGED1;TRIM65;HSPA1L;ZNF511;LRP11;MOSPD1;MISP;CLDN6;TNFAIP3;PPT2;CRIP1;LGR5;SGCE;DGKK;PRR12;FREM1;RNASE4;HIGD2A;FILIP1L;GTF3C6;WDR91;PDCD4;TOE1;COX7C;CHCHD1;FGFR3;PSRC1;SULT1E1;TTC39B;TTR;PTTG1IP;TIGD2;DCDC2;FMO5;OGFR;RPL22L1;SLX4;MELTF;SERINC3;NEURL4;SERPINA3;SLC30A10;DIP2A;SERPINA7;TGFBR3;KDELR3;MATN3;POLR3K;CEMIP;H3C15;ANG;CCN2;SELENOH;MAP6,31.07.2025
SRB-0001978,,AJ,v2,,,,,,,,,,,,,
SRB-0001977,,AJ,v2,SRB-0001977-001,SERAC,FBXO31,HepG2,WildType,24,10,Pw97,1,623,High (>25),EPOP;C15orf61;CENPX;C17orf100;ESPN;SMIM1;C11orf98;ATOX1;PIK3R2;NME4;CDK2AP1;SDHD;EIF1AY;ZNF195;ENC1;ITGB1BP1;CHEK1;APOL1;BCKDK;ZBTB5;KIAA0355;UBD;FANCG;SIVA1;FANCA;SOX12;TOX3;MSH4;PDPK1;IRAK2;PHF1;SPINT1;CCP110;ADCY6;BCL2L11;FOXO3;XRCC3;SPRY1;CFAP410;EXTL3;LZTS3;FZD6;STX10;OGA;SORBS3;TPST1;SLC19A2;PPFIA3;OBSL1;LRP5;DUSP11;BCAS1;E2F6;LGR5;TNFRSF21;LRP6;OFD1;CAPN15;PIAS2;STC2;RNF8;ZFAND5;NOL4;MICAL2;KIAA0754;KDM4B;RTN3;CBX6;SLC2A10;TBC1D8;CAVIN2;LATS1;NSD2;LMNA;FGA;GBA;GAPDH;ERBB2;APP;INSR;GSN;C8A;SP1;IGFBP1;TPM1;FURIN;SPP1;NR2F6;NR2F1;MAPT;MBL2;FGFR1;SKI;UNG;ICAM2;ETS2;AREG;HIST1H1B;TSHR;YBX3;ZNF14;ZNF24;ZNF3;HMGA1;SON;RCC1;RAB3A;EFNA1;C4BPB;TNFAIP3;EPHA1;FGFR2;ERBB3;IL32;NR2F2;CD40;PTPN3;FKBP2;LOX;SMARCA1;RBL1;ARID4A;COL4A5;WEE1;CDC25B;HLA-C;HLA-C;ALDH3A1;GRK4;DUT;PCGF2;GRK3;HNF1B;SREBF1;PBX2;ETV3;BCL6;KDM5C;CASP2;FRK;SLC1A2;ETV4;ZFP36L2;SOX9;CSNK1D;CCT3;CARS;CEBPD;CLK2;DIO1;ERF;DNA2;CYP2J2;CCR6;CNN1;HNRNPA3;HCCS;TTC3;TERF1;MFAP3;F2RL1;MLLT10;FOXA1;FOXA3;TPD52;DLX6;POLE2;CLDN6;CLDN12;KLF3;PCBP4;ZNF121;ZNF445;RHOA;HSPE1;RAB11A;ACTA2;HIST1H4A;UBXN2A;PITX1;CNTNAP1;PHC1;CX3CL1;PRR3;LSM11;CDC42EP1;NFKB2;MDM2;TIAL1;IFITM2;TFAP4;MEF2A;ID2;HHEX;TGFBR3;ERCC6;EIF4G1;TJP1;ZFP36L1;CYP24A1;AES;RBL2;ABHD18;CGNL1;ZBTB17;RLF;DHRS2;PABPC4;CTBP1;XRCC4;OS9;TNK1;SNAPC2;BIRC2;ALCAM;SPTAN1;HNRNPD;VGLL4;KEAP1;UBAP2L;ZMYM3;TRIM25;FASTK;SLBP;NEDD9;ZNF268;NBR1;GANAB;MBTPS1;CBX2;SHPRH;HERPUD1;PDK1;PDK2;PLEC;SHB;SS18;HMGN3;JMJD1C;ELF2;ZFHX3;LAMA4;TAF12;HLF;RBBP7;HIF1A;CA9;ST3GAL2;CYP51A1;GEN1;KIAA0753;RFX7;UVSSA;ARL13B;KMT5B;FILIP1L;DNAL1;TIGD2;GREB1;ARHGAP29;FNDC3B;INO80D;ZNF326;DALRD3;DNAJC21;ZRANB3;SLC27A3;DGKK;SNAPC4;NHSL1;ZNF362;PHF19;KANK4;GORAB;MINOS1;RNF220;FAM171A1;ZMYM4;FBXO31;TNS2;CEP135;SP5;VASN;ZFAND6;ZNF770;SLC25A25;REEP3;SWSAP1;DNAJC24;MTFR2;INO80C;FIGNL1;TRIM65;ATAD2;CPLX2;BRWD3;FAM111B;ANKRD11;CRTC1;IL27RA;DRAM2;ANGPTL8;BCOR;THADA;SLC39A5;MEX3B;FRRS1;C15orf39;EP400P1;CCDC9B;PAQR9;USP31;DHX32;CXXC5;CHST15;CHST3;RAI1;R3HCC1L;IRF2BP2;TECPR1;SDCCAG8;ZBTB33;PEG10;TADA2B;SAPCD2;SLC51A;ITIH5;LRP11;GPBP1;TTC30A;LRRC28;CIR1;ZNF761;MEX3D;FRAS1;ADGRG3;PTOV1;PDSS2;RAB11FIP4;PRAG1;MED12L;HIST2H2AB;MISP;ITPRIP;CCDC28A;LMTK2;TP53INP2;MSRB3;BAP18;YAF2;TRMT44;ZNF100;CMTR2;RCOR2;ZNF101;MAML2;TNS4;NAGS;REXO1;STK40;CLASRP;PIAS4;SVBP;ZNF664;KLHL36;AFAP1;MINDY1;CCNYL1;ZNF614;CNEP1R1;L3MBTL4;ZBTB38;KDF1;ZNF511;MINDY2;PDPR;ZNRF1;NUP35;BBS1;TNIP2;KDM2B;GRPEL2;TTC8;MPLKIP;SMARCC2;PRXL2B;PIGX;FAM174A;HM13;CHD6;FAT3;RNF128;PIGO;FNIP1;HASPIN;GDPD5;DEPDC1B;PHLDA1;ATRIP;BBX;RIN2;DDB2;ARHGAP45;NRGN;PTPRU;PROX1;JARID2;NAA80;SECISBP2L;TATDN2;GTF3C6;NKD1;ZNF566;SLC25A28;ADIPOR1;FUBP1;TMEM45B;SLCO4A1;R3HDM4;CXorf40B;TCEAL4;ZNF503;PIK3IP1;BICD1;ZNF799;TOE1;MASTL;MSANTD3;CENPN;TONSL;WDYHV1;APOPT1;RBM41;LRIG1;MAGED4;LCOR;LCOR;ZC3H10;ZNF512B;BMF;DHRS1;CCDC138;MFSD14A;MUS81;ARHGEF17;FAM193B;DLC1;ATAD5;SMIM14;TUBGCP5;TRIB3;FIZ1;CDK5RAP2;CDK5RAP1;MNT;CGRRF1;SMO;RBM4B;VKORC1;SENP7;EIF2AK1;CLSTN3;PIGQ;SRSF8;PCGF1;CHCHD5;LIMD2;THUMPD2;CHCHD7;WRAP53;MCRIP2;PHF20;SELENOO;DDA1;HIRIP3;RPAP1;C1orf43;CDCA7;BRIP1;SORBS1;BBS2;FANCD2;KDM5D;FAM126A;FOXQ1;TTYH3;PEG3;TMEM39B;WWTR1;MTFR1L;MAF1;PAIP1;AP5M1;UNC93B1;NUCKS1;UPF3A;CXCL16;SEMA6A;BLZF1;MIXL1;FOXP1;TXNIP;TMX1;KDM4C;PPDPF;TAF1D;CDCP1;PCNX3;EPS8L2;ANTXR1;RNF167;C12orf49;WDR26;MVB12B;KAT14;ZNF430;CAAP1;SRD5A3;ZFAND3;CHODL;ZMAT3;ZNF556;PLEKHA2;IFT122;TNS1;GPBP1L1;PLXNA4;CELSR2;SINHCAF;GPRC5C;TRIM36;JADE2;SLC35C2;CHST12;SDHAF3;LTBP3;TNFRSF19;TM7SF3;C1orf112;LYRM2;SLC39A9;SPTLC3;TMEM184C;SLC38A7;FANCI;RLIM;FANCL;TMEM51;DDIT4;ANKRD10;BET1L;RTEL1;MAT2B;C1RL;OGFR;SELENON;CRIPT;FOXJ2;TBC1D7;ZNF581;FAM135A;ANKIB1;CGN;ZNF219;DNMT3B;ZMYM2;MALT1;PLEKHB1;IFT172;KDM5B;SUN2;NAT8;DCDC2;GTF2IRD1;FEZ2;EIF2B4;GLS2;MBD1;CRLS1;ERRFI1;TUBE1;TUBD1;DBNL;ZNF580;FBXO9;DNAJC12;CHIC2;ZHX1;MTUS1;HEG1;ZBTB21;PRR12;FZD4;CIZ1;CA14;SLC6A14;ING4;CYP8B1;C19orf53;WASF3;NEU3;PRELID1;RCE1;FOXA2;SLC35A3;R3HDM2;AXIN2;C15orf41;CARHSP1;MTO1;COQ4;TMED7;RHBDD3;JRKL;DCAF1;TCAF1;KCTD3;INSIG2;MAGED1;CHCHD2;ATP23;PCLO;ZHX2,19.05.2026
SRB-0001976,,AJ,v2,SRB-0001976-001,SERAC,FBXO31,HepG2,WildType,24,10,Pw104,1,82,High (>25),C11orf98;ENC1;NRP1;UBD;TOX3;LGR5;SERPINB7;DKK1;HMGN2;IGFBP1;NR2F6;NR2F1;MBL2;CKB;ETS2;FOSL1;AREG;JUNB;TNFAIP3;FGFR3;F2R;MPZ;CTGF;ALDH3A1;RRM2;S100A3;ETFB;ETV4;CYP2J2;JAK3;CLDN12;UBXN2A;RELB;TGFBR3;CYP24A1;OS9;NPAT;TRIM25;ARID5B;KMT5B;FILIP1L;FBXO31;INO80C;ATAD2;LCN15;MMS22L;SLC25A26;CHST15;CYP2U1;ADGRG3;HIST2H2AB;ZNF101;MROH1;EDA;NKD1;MARVELD3;TOE1;C5orf30;FAM193B;TINAGL1;MAF1;CXCL16;SEMA6A;MIXL1;TXNIP;TUBB1;TCIM;DEPP1;KBTBD4;RTEL1;OGFR;PLEKHB1;NAT8;DCDC2;EIF2B4;TUBD1;CYP8B1;RCE1;B3GNT3;C15orf41;MSRB2;INSIG2,19.05.2026
SRB-0001975,,AJ,v2,SRB-0001975-001,SERAC,FBXO31,HepG2,WildType,24,10,Pw116,1,141,High (>25),PLEKHG3;TRIM38;ENC1;RASGRF2;UBD;POLR3G;FANCA;XRCC3;SLC19A2;LGR5;RECQL4;CAVIN2;TSPAN13;AGR2;CP;IGFBP1;POLR1D;NR2F1;MBL2;FGFR1;CKB;FGFR3;CHML;MAP4;LOX;CTGF;L1CAM;SOX5;FRK;SOX9;NEK4;JAK3;F2RL1;DLX6;PCBP4;IL13RA1;PRR3;NFKB2;IFITM3;TFAP4;SP2;TGFBR3;CBLB;ATM;PDE3B;NFATC2;NAB1;RIN1;NPAT;TRIM25;ZNF268;ARID5B;TNIP1;PDK1;TAF1A;KIAA0753;RFX7;FILIP1L;GREB1;ZNF385B;DALRD3;SNAPC4;FRY;FBXO31;VASN;INO80C;FIGNL1;ATAD2;FAM111B;TMCO3;MEX3B;MMS22L;CHST15;DENND4A;SAPCD2;LRP11;NCAPG2;PROSER1;MEX3D;PRAG1;IGDCC3;PARP9;RCOR2;MAML2;ZDHHC14;LCORL;METTL13;ZNF614;CEP120;C12orf29;L3MBTL4;MROH1;TET1;GRPEL2;BAHD1;PRXL2B;PARD3B;NKD1;TMCO6;TOE1;PLIN4;SLC38A2;ATAD5;CITED2;VKORC1;AIF1L;FANCD2;KDM5D;DUSP16;SLC17A9;STK33;ARL6;MIXL1;TXNIP;TAF1D;ZNF703;SRD5A3;IFT122;TNS1;CELSR2;ZNF331;C1orf112;SPTLC3;FANCI;KBTBD4;OGFR;CEP72;FAM135A;MALT1;PLEKHB1;DCDC2;DNAJC12;ANGPTL2;ZHX1;HEG1;HDAC5;B3GNT3;MYRF;CARHSP1;ARL5A;ATP23,19.05.2026
SRB-0001974,,AJ,v2,SRB-0001974-001,SERAC,FBXO31,HepG2,WildType,24,10,Pw112,1,34,High (>25),ENC1;LECT2;UBD;LGR5;DKK1;ZNF205;CYP1A1;NGFR;MBL2;AREG;FGFR3;MPZ;CTGF;JAK3;ZNF268;E2F5;ZNF385B;FBXO31;VASN;MIGA2;PRXL2C;TTC30A;NAGS;LIMD2;TGIF2;KLHL25;MIXL1;TXNIP;ANTXR1;SPAG4;ZNF446;OGFR;TUBE1;DNAJC12,19.05.2026
SRB-0001973,,AJ,v2,SRB-0001973-001,BMS,FBXO31,HepG2,WildType,24,10,Plate9,1,240,High (>25),CPD;GPT2;ATM;POLR2B;MAP4K4;SLC39A14;SNRPB;A2M;CNN2;LGALS8;TNS3;RPS4Y1;VSNL1;MADD;PCNT;FKBP7;STAT2;MAP4K3;DQX1;NPTN;FGD4;FAM91A1;CADPS2;NID1;TBL2;ADGRG6;DDB2;METTL7A;CHDH;BNIP3;MTO1;SORT1;TCEA3;VWA1;NARF;KBTBD7;RBPMS;CD109;TACC1;RELN;NFATC2;PLXNB1;CRYBG1;FRAS1;PEG3;SBF1;FANCI;NUDT4;CLDN1;SEMA7A;VPS54;SLC2A3;FOXP4;FBXO21;TIMELESS;APOBEC3C;BCAM;PDE8A;LIMK2;CHPT1;SLC25A5;DDHD2;SLC2A1;NUTF2;FAT1;FUT6;FGL1;MT-ATP6;PIK3R2;EVA1A;POLR3A;PNPLA4;SLC46A1;TONSL;MALT1;MBNL1;PLPP3;NCAPD3;SORL1;MMP15;NRM;WIPI1;C5;ZMYM4;DDX19B;FGFR4;CP;HMBOX1;CSPP1;HLCS;RNF220;NFKB2;CYP1A1;ATRN;TBC1D8;SYNE3;PRMT9;SH2D4A;GORAB;TIMM29;CAVIN2;SORBS1;TNFRSF19;HLTF;PDK2;GDE1;SPTLC3;TFPI;MAN2C1;ERBB2;IL1RAP;ROMO1;LGALS1;TIMP3;LYZ;FGA;TRIM25;NR6A1;CARHSP1;ZKSCAN1;TASOR;MMS22L;NR2F6;NPHP3;CGNL1;WDR83;TTYH3;TCAF1;NDUFB7;SDHAF2;TMEM106A;ATAD5;TARBP1;ARMC5;SEZ6L2;SAP30;TOX4;SLC38A2;DGKK;AGR2;MAGED1;JAK3;TTC21B;IGDCC3;FILIP1L;TRIAP1;IGFBP1;VASN;SEMA6B;BPIFB2;SERPINA3;SLC25A46;TTR;ERBB3;KLHL14;DUSP6;COX6B1;AFP;PEG10;MRPL52;GREB1;GRB7;SERPINA5;ZNF362;DDO;ACTR5;MATN3;RHOB;BCAS1;PCSK1N;GCH1;BCKDHB;LGR4;CRCP;DENND4A;ICAM2;MXRA8;NBR1;SERPINA7;TGFBR2;TOE1;MLLT6;USP1;CHMP4C;PRXL2B;ENTPD7;METTL22;PCBP4;FMO5;WIPI2;SIVA1;TSR3;GDPGP1;TTC39B;SP5;SCML1;NKD1;MYO9A;POLR3GL;SPRY1;TMEM129;IL13RA1;SMURF2;STK11;CENPI;NDFIP1;SPHK1;DCDC2;ESPL1;ZFYVE9;ATP7A;PEX12;VKORC1;INO80C;TRIM65;TGFBR3;TTC32;TXNIP;ARID5B;CEMIP;MT1F;NOL12;COX8A;SLC2A10;H2AC20;MYRF;LGR5;TNFAIP3;IFI35;OGFR;CHCHD5;SLC10A1;CCN2;FRY;DLX6;ENC1;DCAF10;PGC;TCIM;CTCF,31.07.2025
SRB-0001972,,AJ,v2,SRB-0001972-001,BMS,FBXO31,HepG2,WildType,24,10,Plate10,1,119,High (>25),CAT;IGSF1;SRPRA;ATAD2;TF;MYO5C;RALGPS2;MXRA8;TOE1;TLCD4;FGA;A2M;APOA1;SHANK2;PAH;MSMO1;LAMA5;TNS3;MAP3K4;GLTP;BCAM;CERS4;NR6A1;IL6ST;PCF11;C5;CHD6;APPL2;CMIP;AFMID;SPTLC3;MACROH2A2;MPP7;OXNAD1;ITIH3;SCD;SORL1;GLYCTK;PDZD8;NID1;NR2C2;SQLE;PFKFB4;TGFBR3;TRAPPC5;ZNF768;BPIFB2;CETN2;AZGP1;SERPINA3;SYNE3;SERPINF1;PLEKHA2;CYP51A1;ARPIN;ARG1;SERPINA7;SDHAF2;FAM126A;HPN;GLT8D1;MATN3;NDUFB11;AAK1;CLK2;ST3GAL2;DGKK;TNFRSF19;AXIN1;ZFHX3;PCK1;NKIRAS1;RGN;SERPINF2;VASN;CEBPA;DGLUCY;APOM;PEG10;IFT172;PDCD4;MEF2D;PGC;SERPINA5;CCN2;NRM;MAGED1;TTR;SERPIND1;PCSK9;EFNA1;SLCO2B1;SLC51B;CCP110;KLHL14;MBL2;BLZF1;SPRED2;SLC25A33;HEPACAM;TAF1A;KLB;GLS2;ARHGAP32;OSER1;C4A;FUT6;ARL6IP1;PROSER1;TPST2;APOA5;MPZL2;TBC1D14;JARID2;MAGED4;MAFF;ACSL6;HDAC5;MPZ,31.07.2025
SRB-0001971,,AJ,v2,SRB-0001971-001,SERAC,FBXO31,HepG2,WildType,24,10,Plate4,1,9,Low (2-10),DPYSL4;NAGA;DPY19L1;LDB1;ZFP62;ZBTB45;KMT5A;ONECUT1;ASB4,04.03.2025
SRB-0001970,,AJ,v2,SRB-0001970-001,SERAC,FBXO31,HepG2,WildType,24,10,Pw44,1,0,Silent,,16.04.2026
SRB-0001970,,AJ,v2,SRB-0001970-001,BMS,FBXO31,HepG2,WildType,24,10,Plate6,1,5,Low (2-10),DCDC2;TTC39C;CEP63;TMEM129;PTTG1,31.07.2025
SRB-0001969,,AJ,v2,SRB-0001969-001,BMS,FBXO31,HepG2,WildType,24,10,Plate6,1,208,High (>25),ALB;MT-CO2;VASN;GGT1;GOLPH3;SORBS1;SF1;SEC61G;NR2F6;CD320;NFATC2;TMEM167A;CAPNS1;UROD;RPL9;BORCS5;PRXL2A;PEG10;ACAD8;CDK5;SERPINA5;ARHGEF28;LANCL2;KLB;STK25;GIPC1;TBC1D13;PEPD;AFP;EIF1AY;THAP11;NDUFAF5;GNB2;IRAK2;CSTF2T;EIF1B;TMEM11;MGAT4A;TTR;BCL7C;C5;CMC2;APOA1;RPLP1;NEK7;PDXP;CKB;TACC1;MTMR9;GCSH;CPSF4;CLU;TANC1;TTYH3;UXT;FBXO4;SREBF2;TIMP3;SNX12;HHEX;CHPT1;PHLDA1;ARFRP1;TMEM120B;SQLE;MRPL41;EML2;PDCD4;TENT2;FKRP;PRPF38B;PIK3CA;APOH;UBE3B;CNOT6;PLCD1;PTMS;TSSC4;GRTP1;FGA;POLR2M;FAM171A1;SLC17A5;GAB1;PLPP3;CDK11B;RBM42;MT-ND3;ELP5;MTPN;MAL2;FAM117B;KLF13;EEF1AKMT4;DNAJC12;SEMA7A;ATP6V1E1;FGB;SPTLC3;TCEA3;STXBP1;PPP2CA;MBL2;TMEM115;SMLR1;CYBA;BPIFB2;GAS2L3;ASB9;ECD;PCSK9;ENY2;NRBF2;NR2F1;DNMT3B;CERS6;HNMT;HSD11B2;JTB;ATXN7L3B;PAN3;FIGN;MRPS6;MT2A;DERL1;UFC1;LYRM2;MAN2C1;IGFBP1;BRWD1;COX6C;PXMP2;VPS9D1;RHOB;CFLAR;FANCB;SP140L;MPZ;GLT8D1;SERPINA6;PRADC1;SERPINF2;MATN3;TRIM4;SHFL;LAMTOR4;GARIN4;SERPINA11;TNRC6C;MTMR4;DMXL1;APBB2;TMEM127;MDK;PCBP3;MT1F;MRPL33;SLC25A42;FAM193A;REL;CSNK1G1;CCND1;GLRX;PALM2;MXRA7;ZNF3;UBE2L6;IRS4;MIER3;R3HDM4;VKORC1;SYS1;SH2B1;PTGR2;VANGL1;SERPINA7;UBE2Q2;ATP5MJ;PANK1;PTTG1IP;CNEP1R1;SLC29A3;RAB1B;DPEP1;SLC35F6;CCN2;RAP1A;SS18;CLDN12;TRIM14;COX7C;STARD4;CRIP1;CCDC167;ZBTB17;FRMD7;IGF2;NDUFV3;DMGDH;RECQL4;NDUFB7;DNM3;ING5;SNX29;CCHCR1;PROSER1;TMEM50B;SEMA6A,31.07.2025
SRB-0001968,,AJ,v2,SRB-0001968-001,BMS,FBXO31,HepG2,WildType,24,10,Plate9,1,36,High (>25),PEG10;FGG;GPATCH1;NGEF;MACROH2A2;LAMB2;PTGES2;LYZ;SPTLC3;PCSK9;FGA;KLB;DERL2;LCOR;HACD1;TCP11L1;PGK2;SCAP;MANSC1;WDR7;SLC25A46;FAM111B;BICD1;ZFP64;SYNE1;OSER1;H3C15;SIVA1;ZNF579;ROR1;NOL3;ZDHHC4;UBE2Q2;NABP2;PHF21A;SLC10A1,31.07.2025
SRB-0001948,,AJ,v2,SRB-0001948-001,BMS,FBXO31,HepG2,WildType,24,10,Plate7,1,6,Low (2-10),G6PC3;ZNF195;MXRA7;PTTG1;FXYD1;LIN37,31.07.2025
SRB-0001946,,AJ,v2,,,,,,,,,,,,,
SRB-0001945,,AJ,v2,SRB-0001945-001,SERAC,FBXO31,HepG2,WildType,24,10,Pw36,1,1,Single (1),MAP2,16.04.2026
SRB-0001939,,AJ,v2,,,,,,,,,,,,,
SRB-0001933,,AJ,v2,SRB-0001933-001,BMS,FBXO31,HepG2,WildType,24,10,Plate6,1,3,Low (2-10),ALG6;TMEM167B;DCBLD2,31.07.2025
SRB-0001917,,AJ,v2,SRB-0001917-001,SERAC,FBXO31,HepG2,WildType,24,10,Pw48,1,7,Low (2-10),PPP1R37;UBA52;RBM48;C22orf39;ADIPOR2;FAM222B;FMC1,23.04.2026
SRB-0001916,,AJ,v2,,,,,,,,,,,,,
SRB-0001911,,AJ,v2,SRB-0001911-001,SERAC,FBXO31,HepG2,WildType,24,10,Pw42_NOT_FAIMS,1,2,Low (2-10),CYP1A1;STAT6,16.04.2026
SRB-0001911,,AJ,v2,SRB-0001911-001,BMS,FBXO31,HepG2,WildType,24,10,Plate4,1,3,Low (2-10),ERI3;ZFYVE9;STAT6,31.07.2025
SRB-0001911,,AJ,v2,,,,,,,,,,,,,
SRB-0001905,,AJ,v2,SRB-0001905-001,SERAC,FBXO31,HepG2,WildType,24,10,Pw41,1,1,Single (1),ERRFI1,16.04.2026
SRB-0001895,,AJ,v2,SRB-0001895-001,BMS,FBXO31,HepG2,WildType,24,10,Plate7,1,17,Medium (11-25),SPRY1;CDKN1B;WASF3;AHR;PCK1;ZNF574;CA9;EMILIN1;SERAC1;TAF13;SFT2D1;TRAPPC13;ITGB3BP;CXXC5;FAM241A;STRADA;MFSD8,31.07.2025
SRB-0001895,,AJ,v2,SRB-0001895-002,SERAC,FBXO31,HepG2,WildType,24,10,Pw79,1,4,Low (2-10),CYP1A1;JUNB;ATP5F1E;ATP5EP2;ELP5,15.04.2026
SRB-0001894,,AJ,v2,SRB-0001894-001,SERAC,FBXO31,HepG2,WildType,24,10,Pw41,1,0,Silent,,16.04.2026
SRB-0001894,,AJ,v2,SRB-0001894-002,SERAC,FBXO31,HepG2,WildType,24,10,Pw79,1,5,Low (2-10),CYP1A1;STAT6;FAM160A1;TRAPPC5;CNKSR2,15.04.2026
SRB-0001893,,AJ,v2,SRB-0001893-001,BMS,FBXO31,HepG2,WildType,24,10,Plate5,1,2,Low (2-10),NOL3;PLEKHG5,31.07.2025
SRB-0001893,,AJ,v2,SRB-0001893-002,SERAC,FBXO31,HepG2,WildType,24,10,Pw79,1,11,Medium (11-25),CTDSPL;SLC16A6;ZBTB14;CYP1A1;MAP4;CYP24A1;GRAP;COX17;TMC7;CSGALNACT2;TMEM39A,15.04.2026
SRB-0001892,,AJ,v2,SRB-0001892-001,SERAC,FBXO31,HepG2,WildType,24,10,Pw36,1,5,Low (2-10),SVBP;MROH1;WDR60;HIGD2A;ZNF330,16.04.2026
SRB-0001890,,AJ,v2,,,,,,,,,,,,,
SRB-0001889,,AJ,v2,SRB-0001889-001,SERAC,FBXO31,HepG2,WildType,24,10,Pw36,1,0,Silent,,16.04.2026
SRB-0001888,,AJ,v2,SRB-0001888-001,SERAC,FBXO31,HepG2,WildType,24,10,Pw36,1,5,Low (2-10),SLC1A2;SEC61G;LRRC58;HPF1;CYP8B1,16.04.2026
SRB-0001887,,AJ,v2,,,,,,,,,,,,,
SRB-0001886,,AJ,v2,,,,,,,,,,,,,
SRB-0001884,,AJ,v2,SRB-0001884-001,SERAC,FBXO31,HepG2,WildType,24,10,Pw36,1,10,Low (2-10),IGFBP1;ETFB;SLC1A2;DST;DHRS2;MMS22L;RALYL;LRRC58;SEPT9;NAT8,16.04.2026
SRB-0001883,,AJ,v2,SRB-0001883-001,SERAC,FBXO31,HepG2,WildType,24,10,Pw36,1,19,Medium (11-25),IGFBP1;CKB;LOX;PCK1;ETFB;SLC1A2;ANAPC15;TYRO3;GNMT;FBXO31;MROH1;ARHGAP45;LRRC58;ERP27;HIGD2A;TNS1;TNS1;NAT8;ANGPTL2,16.04.2026
SRB-0001882,,AJ,v2,SRB-0001882-001,SERAC,FBXO31,HepG2,WildType,24,10,Pw36,1,41,High (>25),DEGS1;DDX3Y;STK16;EPM2A;IGFBP1;RBP1;CKB;LOX;DST;TYRO3;FLII;ACOX1;VMA21;FUT11;ABCC10;BRWD3;MMS22L;ZER1;USP48;UNC93A;RAB42;ARL6IP6;MROH1;OSBP2;LRRC58;ASB9;GMCL1;MYADM;NAA38;CENPK;TMX4;JPT2;RHOF;TOPORS;PODXL2;SCOC;ANGPTL2;STRIP2;SNX24;UGT2A1;MPC1,16.04.2026
SRB-0001881,,AJ,v2,SRB-0001881-001,BMS,FBXO31,HepG2,WildType,24,10,Plate5,1,485,High (>25),PPP6R3;MSH6;DSP;RRM1;MAP4K3;UBXN7;IPO4;GTF3C5;TJP2;PLXND1;RFC1;HNRNPLL;MED23;PFAS;TRAF2;NUMA1;SLC7A2;SMPD4;KIF11;ZC3H11A;SMYD5;AGFG2;TAGLN;POLD1;DENND4C;SPAG5;ANPEP;HNMT;SIN3A;ARHGEF2;RANBP6;SLC2A3;USP11;RIF1;STAG2;SBF1;ASPSCR1;LGALS8;PTK7;GPATCH1;FASTKD1;EXOG;DPCD;RPS25;ITGA2;ADNP;ITGAV;DNAAF5;NOL9;RPAP1;OBSL1;FUBP1;TARS2;SORBS2;TIMELESS;NCAPH;RNF149;TMEM201;HERC4;USP40;USP34;CNP;MDN1;SKP2;YAP1;KDM5C;H1-4;GTF3C1;CMIP;DNMT1;MRI1;NFKB2;SQOR;MTO1;MAD2L1;ITGB1;CEP43;SMC2;MGA;DENND4A;RRM2;USP7;NSUN3;TXNDC9;SLC39A14;CIT;BEND3;SUZ12;PRIM1;RAD18;POLE2;THADA;MAP4K4;RAB11FIP4;TPX2;TNS3;HDAC3;DUS3L;ARHGEF10L;PCM1;KIF4A;NFATC2;HAUS5;USP3;TMX1;KAT8;FBXL18;FGD4;RAB42;GTPBP6;SORBS1;SUN2;MGAT4A;TTR;SORL1;EFR3A;CP;SMARCA1;CNN2;HAUS6;ZC3H7B;SEC11A;PKP4;ZKSCAN1;SMARCAD1;NUF2;KIF2C;ACSM3;PRORP;MCMBP;ABAT;FOXRED1;PIEZO1;FPGS;C5;ACSL4;PLD1;ITPRID2;ITCH;CHD1L;LDLR;SLC38A5;SPTLC3;BIRC2;PNPLA4;HAUS2;FAT1;RARS2;HELLS;KLHDC3;RCCD1;GRK2;DNAJC21;EPCAM;NEDD9;NCAPG2;MKI67;PHLDA1;GTF3C2;POLA1;PRPF38B;PCLAF;RPS4Y1;CHEK1;KANK2;NCAPD2;KIF20B;PSMG2;ZNF451;ARL6IP6;SPRY1;KLHL14;PEG10;MAGED4;TXNDC12;ATR;SLC6A8;SLC6A11;FAU;CAT;MSL1;CDK5RAP1;CDAN1;L1RE1;POLR2J;ERCC6L;RAPGEF6;C1GALT1C1;TIPIN;ZMYM2;SASS6;N4BP2;MPZL2;DPEP1;GTF3C3;TOP2A;BRD9;CHCHD2;MSTO1;ATP11A;SNAPC4;PARP12;ZNF639;AASDH;PDCD4;MAN2C1;RBPMS;ZMYM3;RAB20;CDC45;PRTG;PTOV1;ECT2;SOX9;IL1RAP;SIDT2;SETX;SEMA6B;PRIM2;ARL5B;OSTM1;RNF220;CSNK1G3;POLRMT;SGCE;H1-5;XRCC3;METTL2B;RPS13;IRF2BP2;ASF1B;DDHD2;IGDCC3;EIF1AD;RB1;MGME1;TNFRSF19;PROX1;BRAT1;VEZF1;RPUSD3;CPD;SLC2A1;ANKRD40;PRR14;DONSON;HLTF;CDC25C;PCNT;ITPRIPL1;INO80C;KDM5D;FANCL;YRDC;GTPBP2;CDR2;DENND2B;BUB1B;DHX37;POLR2C;KMT2B;BCAM;FGL1;VLDLR;NCAPH2;COLGALT2;BRPF3;RTEL1;UHRF1;CHPT1;ERBB3;SIX4;RELL1;DNAJC12;FGFR4;CRLF1;KIF15;PLK1;BIN3;RAD54L2;TRIM27;BTN3A3;SP140L;ZNF512B;IPO8;PRAG1;POLR3A;KNL1;KRT23;NOTUM;FOXO1;CCNB2;KNTC1;SGF29;SERPINA3;NEK3;TBC1D13;SH2D4A;PDSS2;MMP15;POLR2B;CEP20;KBTBD4;INO80D;SERPINA11;CENPK;OAS3;CHKA;OFD1;RAD54B;UNG;TTC39B;LIMK2;CLDN1;SERPINA4;FAM120C;ARHGAP21;PRR11;TRIM15;LRP6;MTSS1;WRN;BCL10;APOB;ATM;CD63;SERPINE2;TMEM45B;ARHGEF40;TNFRSF21;NR6A1;TNS1;DHX40;PHF20;RCOR2;ZRANB3;RBM48;LYZ;ANKRD52;MIS18BP1;ACP6;SPC25;KDM2B;DNA2;AP4S1;ANG;RIOK1;DUS2;TSPAN6;SDHAF2;FIGN;FREM1;PDE3B;GON4L;DCAF1;MAGED1;C5orf24;HERPUD2;PRXL2B;FMO5;F8A1;VASN;RCE1;RYBP;NBR1;SOX5;MCM9;CASP2;ACTA2;SYNE3;UBE2C;ERBB2;TONSL;CEP76;E2F6;SHPRH;MALT1;FANCA;DGKK;KBTBD6;TGFBR2;BRMS1;BRWD1;PCGF2;SMYD4;TMEM164;ITGB2;CHCHD10;ANGPTL8;PSRC1;NKD1;PLEKHM2;AHR;ATAD2;NR2F6;TOE1;NDE1;SNRK;DUSP6;ATP13A3;MNX1;IL13RA1;BIRC5;PASK;SPRY4;DCBLD1;AXIN2;TAF1C;LGR5;NCAPD3;SLCO4C1;ATP7B;FANCI;GREB1;ALMS1;WBP2;CCNYL1;WSB1;ZBTB21;CGNL1;E2F3;TRIM65;HEPACAM;TEAD3;KEAP1;DCAF15;RTTN;PAGR1;ACTR5;SLC23A2;DCP2;CYP51A1;CCP110;ARMCX5;CCL20;FRY;TRIM25;ZBED1;BCOR;FANCD2;SP2;PEG3;MMS22L;FILIP1L;SLBP;FANCG;PHF12;TCAF1;RAB3IP;RECQL4;IFT122;ERF;ELF2;ANGPTL2;SP5;TOR4A;DENND5B;ZNF395;FAM118B;MROH1;GLRX;RIOK2;MSL2;LTV1;MASTL;MATN3;SLC38A2;KAZN;OGFR;SLC2A10;CEMIP;DCDC2;ZFP36L1;ENC1;TGFBR3;SERPINA7;RPL22L1;TXNIP;IGFBP1;TNFAIP3;CYP1A1;SAPCD2;MAML2;CCN2;ASTE1,31.07.2025
SRB-0001880,,AJ,v2,SRB-0001880-001,SERAC,FBXO31,HepG2,WildType,24,10,Pw48,1,41,High (>25),CRYAA2;CRYAA;UBD;TOX3;LGR5;DKK1;SLC2A10;STAU1;TTR;MT2A;MBL2;SKIL;CYP3A5;CTGF;CNN1;JAK3;IRX3;DHRS2;BAAT;FREM1;ZNF684;FRY;CNKSR3;CRACR2B;OXR1;MROH1;FAM222B;NKD1;TOE1;BBS4;GFI1;MXD3;LGR4;SEMA6A;MIXL1;BICC1;UNKL;CHRAC1;DEPP1;OGFR;DCDC2;DNAJC12,23.04.2026
SRB-0001879,,AJ,v2,,,,,,,,,,,,,
SRB-0001878,,AJ,v2,SRB-0001878-001,SERAC,FBXO31,HepG2,WildType,24,10,Pw125,1,80,High (>25),DDX11L8;BTN3A3;ENC1;UBD;SLC19A2;LGR5;ARG1;IGFBP1;POLR1D;MBL2;FGFR1;CKB;FST;FGFR2;FGFR3;CTGF;L1CAM;AHR;TGFBR2;ETFB;HAL;CASP2;SELENOP;CYP2J2;JAK3;PCBP4;IFITM3;TGFBR3;NFATC2;NAB1;FILIP1L;DALRD3;FAM171A1;FBXO31;CEP135;ARHGAP11A;INO80C;TRIM65;ANGPTL8;MMS22L;CHST15;SAPCD2;PDSS2;MISP;RCOR2;MAML2;BPIFB2;MREG;MROH1;PRXL2B;GDPD5;CEMIP;NKD1;ENTR1;TOE1;TONSL;MAGED4;SLC38A2;SELENOS;LRRC3;SLC17A9;FTO;SEMA4C;MIXL1;TXNIP;TAF1D;S100A14;ASAH2;DEPP1;FANCI;RTEL1;OGFR;COX16;MALT1;SLC2A6;DCDC2;DNAJC12;TIMELESS;AMMECR1;HEMK1,19.05.2026
SRB-0001652,,AJ,v2,,,,,,,,,,,,,
SRB-0001651,,AJ,v2,SRB-0001651-001,SERAC,FBXO31,HepG2,WildType,24,10,Plate1,1,62,High (>25),C1orf226;CASTOR2;AHRR;ZBTB39;SLC31A1;ONECUT3;RTN2;CDH16;MPDU1;TUBB4A;CALM1;CALM2;CALM3;GPX3;NFYA;CYP2J2;SEC61G;UBE2N;USP46;PAFAH1B2;IFI35;CYP4F3;HMGXB3;CBLB;ZNF268;ARHGEF6;MEA1;RTL8B;HKDC1;TMEM259;UNC50;DCAF17;DEPDC1;H2AC18;SIGIRR;CNST;LRRC28;ERO1B;MIGA1;CCNY;TRPM4;ABHD5;SMIM19;BORCS8;MED30;C9orf72;SLC49A4;LYST;HAUS7;ORAI3;ANAPC13;PRADC1;RAB5IF;GON7;MINDY3;CPNE5;ENTPD7;SELENON;TXNDC16;WRAP73;STK17A;PPT2;SUFU;PROCR,24.02.2025
SRB-0001650,,AJ,v2,SRB-0001650-001,BMS,FBXO31,HepG2,WildType,24,10,Plate4,1,2,Low (2-10),CHST13;PANK1,31.07.2025
SRB-0001649,,AJ,v2,SRB-0001649-001,SERAC,FBXO31,HepG2,WildType,24,10,Plate1,1,135,High (>25),MEX3A;C1orf226;SLC22A31;SFI1;GNB5;ZBTB39;UBD;SLC31A1;SOCS1;BCL2L11;MAPKBP1;FKTN;CDH16;SULT1C4;LRIG2;DUSP14;ANGPTL1;MT-CO3;MT-ND1;TUBB4A;SLC35E2B;CALM1;CALM2;CALM3;BCL3;KITLG;EPHA1;S100A1;NFYA;CYP3A7;GUCY2C;ANXA13;EIF1;PPIC;SLC6A12;RAB28;CYP2J2;ZNF136;SEC61G;UBE2N;UFM1;SUPT4H1;PAFAH1B2;HSD11B2;CYP4F3;IFFO1;MXD4;ZNF268;NR6A1;MEA1;DUSP6;RTL8B;HKDC1;ZNF260;TMEM259;UNC50;MEST;ZNG1C;ZNG1E;SAMD9;THEM4;TMEM268;H2AC18;MIGA2;ZNF627;PRXL2C;NAA40;LRRC28;DOLPP1;IFT20;GSPT2;TRIM22;UNC80;STK40;CSGALNACT2;ZNF709;CCNY;TTC21A;DOCK8;TET1;EOLA1;EOLA2;ZFAND2B;OVCA2;EDEM1;PRG4;OSBP2;RILPL2;MED30;TLCD4;BTBD9;NPAS2;TBL1Y;NAA38;PIGQ;PYGO2;ANAPC13;ZNF670;RAB5IF;TPPP3;ELOVL1;CCDC106;RTL8A;GON7;SLC29A3;FOXQ1;ARHGAP39;STRADB;MTRFR;MMADHC;ASB7;CCSER2;CAB39L;CPNE5;ANKH;ASH1L;EVA1B;PLEKHJ1;SPHK1;ZDHHC3;CRIPT;ZSWIM5;DNAH1;TBC1D14;ONECUT1;CLN8;SRRD;LAMTOR3;TRMT112;MAD2L2;SH3BGRL2;CA14;DDX19B;PPT2;SUFU;PROCR;DNM3;SNX10;SIRT4,24.02.2025
SRB-0001647,,AJ,v2,SRB-0001647-001,BMS,FBXO31,HepG2,WildType,24,10,Plate4,1,1,Single (1),GTF2A1,31.07.2025
SRB-0001646,,AJ,v2,SRB-0001646-001,SERAC,FBXO31,HepG2,WildType,24,10,Pw36,1,0,Silent,,16.04.2026
SRB-0001644,,AJ,v2,,,,,,,,,,,,,
SRB-0001635,,AJ,v2,,,,,,,,,,,,,
SRB-0001633,,AJ,v2,SRB-0001633-001,SERAC,FBXO31,HepG2,WildType,24,10,Plate1,1,34,High (>25),FBLL1;SLC31A1;MPDU1;MT-ND1;TUBB4A;CALM1;CALM2;CALM3;S100A1;SEC61G;FAU;TUBA4A;PAFAH1B2;EBP;DUSP6;MPV17L;UNC50;ARSH;FGD3;H2AC18;ARSK;B3GNT8;MRPL52;ZNF709;EPS8L1;OSBP2;ARL8A;SLC49A4;GON7;ASB7;CD320;MBNL1;TXNDC16;SH3BGRL2;PLXNB3;PPT2,24.02.2025
SRB-0001632,,AJ,v2,SRB-0001632-001,BMS,FBXO31,HepG2,WildType,24,10,Plate4,1,7,Low (2-10),KHDRBS3;WDTC1;RMI1;ERF;FAM241B;CD55;RNF41,31.07.2025
SRB-0001630,,AJ,v2,SRB-0001630-001,SERAC,FBXO31,HepG2,WildType,24,10,Plate1,1,9,Low (2-10),TNFSF10;ZNF136;LSM3;DUSP6;CYP51A1;DEPDC1;RNASEH2C;FOXQ1;SELENOI,24.02.2025
SRB-0001629,,AJ,v2,SRB-0001629-001,SERAC,FBXO31,HepG2,WildType,24,10,Plate1,1,1,Single (1),DPY30,24.02.2025
SRB-0001628,,AJ,v2,SRB-0001628-001,SERAC,FBXO31,HepG2,WildType,24,10,Plate1,1,5,Low (2-10),TUBB4A;CALM1;CALM2;CALM3;RALYL;OSBP2;ELL3,24.02.2025
SRB-0001624,,AJ,v2,SRB-0001624-001,SERAC,FBXO31,HepG2,WildType,24,10,Pw36,1,0,Silent,,16.04.2026
SRB-0001617,,AJ,v2,SRB-0001617-001,SERAC,FBXO31,HepG2,WildType,24,10,Plate1,1,7,Low (2-10),MPDU1;CALM1;CALM2;CALM3;HKDC1;PMM1;OSBP2;DDX19B;KPTN,24.02.2025
SRB-0001616,,AJ,v2,SRB-0001616-001,SERAC,FBXO31,HepG2,WildType,24,10,Plate1,1,37,High (>25),FBLL1;MGST3;SLC31A1;IGF2;MT-ND1;TUBB4A;ALDOB;PRKCG;CALM1;CALM2;CALM3;S100A1;CALML3;FAU;SUPT4H1;PAFAH1B2;TRAM2;DUSP6;MPV17L;HKDC1;NCBP2AS2;H2AC18;B3GNT8;NAA40;UNC80;OSBP2;ARL8A;ABCC11;SLC49A4;URM1;SELENOI;TMX4;MBNL1;CHRAC1;NMRK1;ASB6;TXNDC16;SH3BGRL2;PPT2,24.02.2025
SRB-0001616,,AJ,v2,,,,,,,,,,,,,
SRB-0001615,,AJ,v2,SRB-0001615-001,SERAC,FBXO31,HepG2,WildType,24,10,Plate1,1,64,High (>25),FBLL1;SLC31A1;TIMM8A;MPDU1;MT-ND1;PROC;TUBB4A;COL4A2;CALM1;CALM2;CALM3;COX6A1;COX7A2;PTMS;BMI1;SULT1A1;CYP2J2;FAU;SUPT4H1;PRR3;GSTM4;HYAL1;TBX2;GAMT;ZNF460;TRAM2;TCEA2;DUSP6;RTL8B;MPV17L;ZNF260;TMEM259;UNC50;MEST;TMEM69;TSTD2;TMEM268;PPP2R2D;H2AC18;FBXO46;GDPGP1;KCTD1;H2AZ2;WDR53;B3GNT8;KMT5C;GSPT2;ZNF614;ZNF709;RETREG2;MCFD2;DEPDC1B;OVCA2;TLCD4;SPON2;MMADHC;OPA3;ENTPD7;CENPM;ONECUT1;RABAC1;TRMT112;SH3BGRL2;PROCR;HIGD1A;MRPS18C,24.02.2025
SRB-0001615,,AJ,v2,SRB-0001615-001,BMS,FBXO31,HepG2,WildType,24,10,Plate1,1,1,Single (1),ZFYVE27,31.07.2025
SRB-0001614,,AJ,v2,SRB-0001614-001,SERAC,FBXO31,HepG2,WildType,24,10,Pw36,1,0,Silent,,16.04.2026
SRB-0001607,,AJ,v2,,,,,,,,,,,,,
SRB-0001600,,AJ,v2,,,,,,,,,,,,,
SRB-0001599,,AJ,v2,SRB-0001599-001,SERAC,FBXO31,HepG2,WildType,24,10,Pw95,1,1,Single (1),ZNF672,19.05.2026
SRB-0001597,,AJ,v2,SRB-0001597-001,SERAC,FBXO31,HepG2,WildType,24,10,Plate6,1,5,Low (2-10),ZFTA;MMP11;CCNC;ARHGAP19;FADS3,28.02.2025
SRB-0001597,,AJ,v2,SRB-0001597-001,BMS,FBXO31,HepG2,WildType,24,10,Plate3,1,2,Low (2-10),FADS2;GNG5,31.07.2025
SRB-0001591,,AJ,v2,SRB-0001591-001,BMS,FBXO31,HepG2,WildType,24,10,Plate3,1,7,Low (2-10),WIPI1;ZFP36L2;FILIP1L;ATP11B;ATXN7L3;KLHL36;SENP2,31.07.2025
SRB-0001590,,AJ,v2,SRB-0001590-001,SERAC,FBXO31,HepG2,WildType,24,10,Pw36,1,1,Single (1),JUNB,16.04.2026
SRB-0001589,,AJ,v2,SRB-0001589-001,BMS,FBXO31,HepG2,WildType,24,10,Plate3,1,1,Single (1),OTUD3,31.07.2025
SRB-0001571,,AJ,v2,SRB-0001571-001,SERAC,FBXO31,HepG2,WildType,24,10,Plate6,1,5,Low (2-10),BNIP3L;CCNC;SETDB1;SYTL4;YIPF1,28.02.2025
SRB-0001569,,AJ,v2,SRB-0001569-001,BMS,FBXO31,HepG2,WildType,24,10,Plate3,1,7,Low (2-10),BRD7;SCRN2;C3orf33;BHMT2;SYS1;PPFIA3;ADCK1,31.07.2025
SRB-0001568,,AJ,v2,,,,,,,,,,,,,
SRB-0001567,,AJ,v2,SRB-0001567-001,SERAC,FBXO31,HepG2,WildType,24,10,Plate49_Pw5,1,3,Low (2-10),ATG4C;TXNL4B;LIPG,22.07.2025
SRB-0001559,,AJ,v2,SRB-0001559-001,BMS,FBXO31,HepG2,WildType,24,10,Plate3,1,8,Low (2-10),MLKL;IL32;ST7;MALSU1;GNG5;ZNF646;RBM48;ARL14EP,31.07.2025
SRB-0001554,,AJ,v2,SRB-0001554-001,SERAC,FBXO31,HepG2,WildType,24,10,Plate46_Pw2,1,0,Silent,,15.07.2025
SRB-0001553,,AJ,v2,SRB-0001553-001,SERAC,FBXO31,HepG2,WildType,24,10,Plate63_Pw9,1,1,Single (1),CYHR1,08.09.2025
SRB-0001552,,AJ,v2,SRB-0001552-001,BMS,FBXO31,HepG2,WildType,24,10,Plate3,1,0,Silent,,31.07.2025
SRB-0001543,,AJ,v2,,,,,,,,,,,,,
SRB-0001542,,AJ,v2,SRB-0001542-001,SERAC,FBXO31,HepG2,WildType,24,10,Plate52_Pw8,1,2,Low (2-10),GCNT2;SIAH1,05.09.2025
SRB-0001541,,AJ,v2,SRB-0001541-001,SERAC,FBXO31,HepG2,WildType,24,10,Pw36,1,0,Silent,,16.04.2026
SRB-0001540,,AJ,v2,SRB-0001540-001,BMS,FBXO31,HepG2,WildType,24,10,Plate3,1,1,Single (1),PPFIA3,31.07.2025
SRB-0001539,,AJ,v2,SRB-0001539-001,BMS,FBXO31,HepG2,WildType,24,10,Plate3,1,1,Single (1),ANGPTL8,31.07.2025
SRB-0001538,,AJ,v2,SRB-0001538-001,BMS,FBXO31,HepG2,WildType,24,10,Plate3,1,3,Low (2-10),RECQL4;CRTC2;SECISBP2L,31.07.2025
SRB-0001537,,AJ,v2,SRB-0001537-001,SERAC,FBXO31,HepG2,WildType,24,10,Plate51_Pw7,1,12,Medium (11-25),SSNA1;TRAPPC6A;SLC6A9;CYP2J2;VLDLR;ST3GAL4;CA9;SLC18B1;SGMS1;COA5;TXNIP;CIDEB,28.07.2025
SRB-0001536,,AJ,v2,SRB-0001536-001,BMS,FBXO31,HepG2,WildType,24,10,Plate3,1,2,Low (2-10),OTUD3;MALSU1,31.07.2025
SRB-0001530,,AJ,v2,SRB-0001530-001,SERAC,FBXO31,HepG2,WildType,24,10,Pw36,1,8,Low (2-10),JUN;CEBPG;EIF4EBP1;SS18;TUBB8;AKIRIN2;ADAT2;DBNDD1,16.04.2026
SRB-0001529,,AJ,v2,SRB-0001529-001,SERAC,FBXO31,HepG2,WildType,24,10,Plate47_Pw3,1,13,Medium (11-25),SLC28A1;BNIP3L;CDH16;BNIP3;DEPDC1;SLC30A10;PLEKHM3;RTN4RL2;CYB5D2;ALDH8A1;TXNIP;SLC2A4RG;FBXO9,15.07.2025
SRB-0001528,,AJ,v2,SRB-0001528-001,SERAC,FBXO31,HepG2,WildType,24,10,Plate52_Pw8,1,10,Low (2-10),C11orf95;NDUFC1;SLC35E2B;CA9;SPOPL;RTN4RL2;CCDC84;TXNIP;DDIT4;SIT1,05.09.2025
SRB-0001527,,AJ,v2,SRB-0001527-001,BMS,FBXO31,HepG2,WildType,24,10,Plate3,1,1,Single (1),GNG5,31.07.2025
SRB-0001526,,AJ,v2,SRB-0001526-001,SERAC,FBXO31,HepG2,WildType,24,10,Pw36,1,2,Low (2-10),CRYAB;DBNDD1,16.04.2026
SRB-0001524,,AJ,v2,,,,,,,,,,,,,
SRB-0001516,,AJ,v2,SRB-0001516-001,BMS,FBXO31,HepG2,WildType,24,10,Plate1,1,3,Low (2-10),PPP1R16A;SPTBN2;PTMS,31.07.2025
SRB-0001515,,AJ,v2,,,,,,,,,,,,,
SRB-0001514,,AJ,v2,,,,,,,,,,,,,
SRB-0001512,,AJ,v2,SRB-0001512-001,SERAC,FBXO31,HepG2,WildType,24,10,Plate77_Pw12,1,33,High (>25),GSAP;PLIN1;NUPR1;MITF;STC2;APOL3;OTC;HPR;HPX;CYP1A1;ARG1;F7;IGFBP1;PDGFRB;C1S;CYP19A1;NPR2;AADAC;MPZ;SAA4;PCK1;G6PC;TNFSF10;COL16A1;CA9;TMEM53;ZC3H18;TP53INP2;FAM20A;TNS1;DEPP1;PPARGC1A;MOSPD1,22.09.2025
SRB-0001511,,AJ,v2,SRB-0001511-001,BMS,FBXO31,HepG2,WildType,24,10,Plate3,1,10,Low (2-10),ISG15;SCRN2;FAAP100;ST7;SYS1;PCBP4;ING2;MBD4;HLA-H;RHOC,31.07.2025
SRB-0001510,,AJ,v2,SRB-0001510-001,SERAC,FBXO31,HepG2,WildType,24,10,Plate78_Pw13,1,2,Low (2-10),SLC51B;PKM,10.10.2025
SRB-0001506,,AJ,v2,SRB-0001506-001,BMS,FBXO31,HepG2,WildType,24,10,Plate2,1,0,Silent,,31.07.2025
SRB-0001505,,AJ,v2,SRB-0001505-001,BMS,FBXO31,HepG2,WildType,24,10,Plate4,1,0,Silent,,31.07.2025
SRB-0001499,,AJ,v2,,,,,,,,,,,,,
SRB-0001498,,AJ,v2,SRB-0001498-001,BMS,FBXO31,HepG2,WildType,24,10,Plate2,1,1,Single (1),CCDC138,31.07.2025
SRB-0001495,,AJ,v2,SRB-0001495-001,BMS,FBXO31,HepG2,WildType,24,10,Plate2,1,0,Silent,,31.07.2025
SRB-0001488,,AJ,v2,,,,,,,,,,,,,
SRB-0001486,,AJ,v2,SRB-0001486-001,SERAC,FBXO31,HepG2,WildType,24,10,Pw44,1,2,Low (2-10),PANX1;TSPYL2,16.04.2026
SRB-0001486,,AJ,v2,SRB-0001486-001,BMS,FBXO31,HepG2,WildType,24,10,Plate2,1,17,Medium (11-25),DPP4;TOLLIP;HAUS4;PSMB1;CHAC2;UBXN8;PDCD2L;RASSF7;PSMB4;RAD51;RTL8C;DPH6;VNN1;POP7;ZFYVE9;PIBF1;PRDM15,31.07.2025
SRB-0001484,,AJ,v2,,,,,,,,,,,,,
SRB-0001483,,AJ,v2,,,,,,,,,,,,,
SRB-0001453,,AJ,v2,SRB-0001453-001,BMS,FBXO31,HepG2,WildType,24,10,Plate2,1,0,Silent,,31.07.2025
SRB-0001431,,AJ,v2,SRB-0001431-001,SERAC,FBXO31,HepG2,WildType,24,10,Plate17,1,0,Silent,,30.04.2025
SRB-0001430,,AJ,v2,,,,,,,,,,,,,
SRB-0001427,,AJ,v2,SRB-0001427-001,BMS,FBXO31,HepG2,WildType,24,10,Plate3,1,0,Silent,,31.07.2025
SRB-0001426,,AJ,v2,,,,,,,,,,,,,
SRB-0001421,,AJ,v2,SRB-0001421-001,SERAC,FBXO31,HepG2,WildType,24,10,Pw93,1,5,Low (2-10),NFYB;NFX1;UNC119;IMMP1L;SSX2IP,19.05.2026
SRB-0001420,,AJ,v2,SRB-0001420-001,BMS,FBXO31,HepG2,WildType,24,10,Plate3,1,3,Low (2-10),WIPI1;ZNHIT3;G6PC3,31.07.2025
SRB-0001418,,AJ,v2,SRB-0001418-001,BMS,FBXO31,HepG2,WildType,24,10,Plate3,1,1,Single (1),CLCN3,31.07.2025
SRB-0001413,,AJ,v2,,,,,,,,,,,,,
SRB-0001412,,AJ,v2,SRB-0001412-001,SERAC,FBXO31,HepG2,WildType,24,10,Plate17,1,0,Silent,,30.04.2025
SRB-0001411,,AJ,v2,SRB-0001411-001,SERAC,FBXO31,HepG2,WildType,24,10,Plate64_Pw10,1,4,Low (2-10),FCHO1;UNC93B1;EPB41L1;YIPF1,11.09.2025
SRB-0001410,,AJ,v2,SRB-0001410-001,BMS,FBXO31,HepG2,WildType,24,10,Plate3,1,7,Low (2-10),TNFRSF19;BNIP3;GEMIN6;CYP4F12;BNIP3L;FBXO9;INIP,31.07.2025
SRB-0001409,,AJ,v2,SRB-0001409-001,SERAC,FBXO31,HepG2,WildType,24,10,Plate52_Pw8,1,21,Medium (11-25),NEMP1;MEIS2;CYTH3;COX6A1;MAP4;S100A11;SLC35B1;BNIP2;NR1H3;TEAD4;IL27RA;HIST2H3A;NUDT13;STAG2;KLHL23;TTC8;SNAPC3;MKNK2;ZSWIM5;MYH2;AP4S1,05.09.2025
SRB-0001408,,AJ,v2,SRB-0001408-001,BMS,FBXO31,HepG2,WildType,24,10,Plate3,1,2,Low (2-10),MRPS14;UBE2R2,31.07.2025
SRB-0001406,,AJ,v2,,,,,,,,,,,,,
SRB-0001405,,AJ,v2,SRB-0001405-001,BMS,FBXO31,HepG2,WildType,24,10,Plate3,1,11,Medium (11-25),HDAC4;AXIN1;GNG5;CSRP2;SUSD2;MEF2A;KDM4B;OTUD3;WRN;C19orf12;METTL21A,31.07.2025
SRB-0001404,,AJ,v2,SRB-0001404-001,BMS,FBXO31,HepG2,WildType,24,10,Plate3,1,7,Low (2-10),TSKU;CGGBP1;GNG5;OTUD3;CENPQ;ZBTB17;PLEKHG5,31.07.2025
SRB-0001402,,AJ,v2,,,,,,,,,,,,,
SRB-0001401,,AJ,v2,SRB-0001401-001,SERAC,FBXO31,HepG2,WildType,24,10,Pw40,1,0,Silent,,16.04.2026
SRB-0001401,,AJ,v2,SRB-0001401-001,BMS,FBXO31,HepG2,WildType,24,10,Plate3,1,2,Low (2-10),STXBP5;SZRD1,31.07.2025
SRB-0001401,,AJ,v2,,,,,,,,,,,,,
SRB-0001400,,AJ,v2,SRB-0001400-001,BMS,FBXO31,HepG2,WildType,24,10,Plate3,1,10,Low (2-10),ATP11B;SLC36A1;GRTP1;MLLT10;CENPQ;ANGPTL8;SPP1;CDKN1A;TSC22D1;SLX4,31.07.2025
SRB-0001399,,AJ,v2,SRB-0001399-001,BMS,FBXO31,HepG2,WildType,24,10,Plate3,1,0,Silent,,31.07.2025
SRB-0001398,,AJ,v2,SRB-0001398-001,SERAC,FBXO31,HepG2,WildType,24,10,Plate8,1,0,Silent,,04.03.2025
SRB-0001397,,AJ,v2,SRB-0001397-001,SERAC,FBXO31,HepG2,WildType,24,10,Plate8,1,9,Low (2-10),ZNF92;MIER3;SLC26A11;RTKN2;ACY3;ZNF594;SHANK3;ZBTB4;SLC2A6,04.03.2025
SRB-0001397,,AJ,v2,SRB-0001397-001,BMS,FBXO31,HepG2,WildType,24,10,Plate3,1,6,Low (2-10),ANGEL1;CA9;CYP4F12;SLC36A1;BNIP3L;ZBTB17,31.07.2025
SRB-0001396,,AJ,v2,SRB-0001396-001,BMS,FBXO31,HepG2,WildType,24,10,Plate3,1,38,High (>25),PLK1;KIF4A;DGKK;KIF11;TNS1;HELLS;NEDD9;PTPRM;OIP5;KIF20A;CYP4F12;DCDC2;SPDL1;OBSL1;TK1;PRR11;TXNIP;EEF2K;KDM4B;ASF1B;LIME1;PCLAF;ITGB2;PCGF5;POLR2I;PPFIA3;C9orf72;FBXO9;LOX;BNIP3L;PAIP2;WDR54;BNIP3;CGREF1;H3C1;CDCA7;PLEKHG5;ATXN7L3,31.07.2025
SRB-0001395,,AJ,v2,SRB-0001395-001,SERAC,FBXO31,HepG2,WildType,24,10,Pw34,1,0,Silent,,16.04.2026
SRB-0001395,,AJ,v2,SRB-0001395-001,BMS,FBXO31,HepG2,WildType,24,10,Plate3,1,3,Low (2-10),PXYLP1;FGFR3;CENPS,31.07.2025
SRB-0001393,,AJ,v2,SRB-0001393-001,BMS,FBXO31,HepG2,WildType,24,10,Plate3,1,1,Single (1),PPP3CB,31.07.2025
SRB-0001392,,AJ,v2,SRB-0001392-001,SERAC,FBXO31,HepG2,WildType,24,10,Plate80_Pw16,1,5,Low (2-10),RAD51D;ELAVL4;KHK;FOXA3;EZH1,29.09.2025
SRB-0001389,,AJ,v2,SRB-0001389-001,SERAC,FBXO31,HepG2,WildType,24,10,Plate17,1,0,Silent,,30.04.2025
SRB-0001388,,AJ,v2,SRB-0001388-001,SERAC,FBXO31,HepG2,WildType,24,10,Plate78_Pw13,1,14,Medium (11-25),FNDC10;SUPT5H;NUPR1;MAP2;NQO2;CDKN1B;FHL1;C4orf33;ZNF496;IMUP;TXNIP;COA4;CLIC5;IL17B,10.10.2025
SRB-0001387,,AJ,v2,SRB-0001387-001,BMS,FBXO31,HepG2,WildType,24,10,Plate3,1,17,Medium (11-25),PLD2;SUSD2;SMOC1;NKTR;ABTB2;PLXNA2;KANK2;RELL1;INPP5F;STARD13;MRNIP;PPP1R37;RUFY3;TNFAIP8;BRD1;ARHGAP11A;H3-3A,31.07.2025
SRB-0001386,,AJ,v2,SRB-0001386-001,BMS,FBXO31,HepG2,WildType,24,10,Plate3,1,4,Low (2-10),RECQL4;WIPI1;CLCN3;HSD11B2,31.07.2025
SRB-0001385,,AJ,v2,,,,,,,,,,,,,
SRB-0001384,,AJ,v2,SRB-0001384-001,SERAC,FBXO31,HepG2,WildType,24,10,Plate64_Pw10,1,2,Low (2-10),MIEN1;NECTIN3,11.09.2025
SRB-0001383,,AJ,v2,SRB-0001383-001,BMS,FBXO31,HepG2,WildType,24,10,Plate3,1,5,Low (2-10),WIPI1;MRPL33;ATXN7L3;ROMO1;DYNLT3,31.07.2025
SRB-0001381,,AJ,v2,,,,,,,,,,,,,
SRB-0001377,,AJ,v2,,,,,,,,,,,,,
SRB-0001375,,AJ,v2,SRB-0001375-001,BMS,FBXO31,HepG2,WildType,24,10,Plate3,1,26,High (>25),ZFP36L2;MRPS21;TMEM181;MRPL42;DHRS7B;L3HYPDH;ATP9B;P2RX4;LIN7C;ELL;VPS28;FTH1;BACH1;TOR4A;TMEM222;MINDY3;ECD;FAM3A;MED18;TNFRSF19;SELENOP;PCBP4;BOLA3;GTF2A1;TNFAIP8;H3-3A,31.07.2025
SRB-0001373,,AJ,v2,SRB-0001373-001,BMS,FBXO31,HepG2,WildType,24,10,Plate3,1,0,Silent,,31.07.2025
SRB-0001371,,AJ,v2,SRB-0001371-001,BMS,FBXO31,HepG2,WildType,24,10,Plate3,1,4,Low (2-10),FPGT;ZFP36L2;ST3GAL2;ELOVL6,31.07.2025
SRB-0001367,,AJ,v2,SRB-0001367-001,SERAC,FBXO31,HepG2,WildType,24,10,Plate46_Pw2,1,9,Low (2-10),PLA2G12B;ID1;B4GALT5,15.07.2025
SRB-0001366,,AJ,v2,SRB-0001366-001,BMS,FBXO31,HepG2,WildType,24,10,Plate3,1,0,Silent,,31.07.2025
SRB-0001364,,AJ,v2,,,,,,,,,,,,,
SRB-0001361,,AJ,v2,SRB-0001361-001,BMS,FBXO31,HepG2,WildType,24,10,Plate3,1,1,Single (1),OTUD3,31.07.2025
SRB-0001360,,AJ,v2,SRB-0001360-001,SERAC,FBXO31,HepG2,WildType,24,10,Pw37,1,1,Single (1),HIGD2A,16.04.2026
SRB-0001360,,AJ,v2,SRB-0001360-001,BMS,FBXO31,HepG2,WildType,24,10,Plate3,1,5,Low (2-10),MGST1;WIPI1;NMT2;CLCN3;RHOC,31.07.2025
SRB-0001359,,AJ,v2,SRB-0001359-001,SERAC,FBXO31,HepG2,WildType,24,10,Pw42_FAIMS,1,0,Silent,,16.04.2026
SRB-0001359,,AJ,v2,SRB-0001359-001,BMS,FBXO31,HepG2,WildType,24,10,Plate3,1,8,Low (2-10),NOCT;TMEM127;SERAC1;SETD6;CLCN3;MEX3A;FAM217A;ARRDC1,31.07.2025
SRB-0001358,,AJ,v2,SRB-0001358-001,BMS,FBXO31,HepG2,WildType,24,10,Plate3,1,0,Silent,,31.07.2025
SRB-0001356,,AJ,v2,SRB-0001356-001,BMS,FBXO31,HepG2,WildType,24,10,Plate3,1,4,Low (2-10),DLK1;ITIH3;SLC36A1;GNG5,31.07.2025
SRB-0001354,,AJ,v2,SRB-0001354-001,BMS,FBXO31,HepG2,WildType,24,10,Plate3,1,0,Silent,,31.07.2025
SRB-0001353,,AJ,v2,SRB-0001353-001,SERAC,FBXO31,HepG2,WildType,24,10,Plate79_Pw14,1,0,Silent,,13.10.2025
SRB-0001352,,AJ,v2,SRB-0001352-001,SERAC,FBXO31,HepG2,WildType,24,10,Pw37,1,32,High (>25),MEX3A;PLOD2;ARG1;IGFBP1;CISD3;MAPT;MBL2;CKB;LOX;ETFB;S100A12;NFKB2;CA9;SMUG1;ZMYM1;LCN15;RAB42;MROH1;IPMK;ARHGAP45;ACY3;GPX7;SMO;NAA38;CDCA7;CEP44;PEG3;TNS1;DCDC2;MUTYH;OSGIN1;POLR3H,16.04.2026
SRB-0001352,,AJ,v2,SRB-0001352-002,BMS,FBXO31,HepG2,WildType,24,10,Plate4,1,185,High (>25),C7orf50;PHYHIPL;GTF3C2;ACSL4;ADAM10;ACSL3;RNH1;DDAH2;ANKRD28;RASSF4;SORT1;FNDC3B;ABRAXAS1;FANCD2;RPL32;PSMD9;CBX3;RCOR2;ABCC10;PBK;AFP;MCTS1;SEC13;ZC3HC1;MMS22L;RABEPK;PPP4R2;CIAO1;MORF4L2;ACP6;ERRFI1;PARK7;GPX2;TXNDC12;CKB;METAP1;ZFPL1;PTGES3;PDSS2;PPP6R1;CD46;PGP;COX6B1;ELOB;GPC1;AIMP2;TAF10;NEDD9;PEG10;MOB4;TRMT13;PCBP1;RPS3A;KPNA4;PCBP2;INPP5D;SDHAF2;COX20;TRAF2;PNPLA2;BNIP3L;MAGI3;LIAS;PPP2R5C;RPE;SERINC1;RPS11;TNS1;TRIM47;GNB1L;MRPL33;TEPSIN;SPRY1;CCNH;KATNB1;NTMT1;ARFRP1;NBR1;CMC2;GTPBP3;SLC5A3;LYSMD3;FILIP1L;UBAP1;CTSB;L3HYPDH;TEDC1;GPX1;TMEM65;CDC25C;PDCL2;BACH1;CD7;ANG;GRPEL2;PSD4;REL;CKMT1A;CARD8;TMEM87B;IGFBP1;NFKB2;ANKRD54;CDKN1B;VLDLR;SERGEF;SNU13;PRMT9;LOX;OPTN;TMEM120B;TRIAP1;ABITRAM;CLCN3;MBNL1;DCTN5;AGFG2;ISCU;MBTPS1;ACSL6;SRP19;FABP5;BCKDHB;HEXIM2;ZRANB2;G6PC3;SMAD2;PURB;COX11;GNB2;UTP23;FCF1;MTHFSD;LIPT1;RNF41;PTGR2;NDUFAB1;TAF11;CENPK;GPN2;UBXN2A;DYNLT3;MBD1;SLC13A3;HSD11B2;COL9A3;NAT14;ZNF195;TGFBR3;RNASE4;SLC2A10;FCHO1;CD59;ZDHHC4;MAPKAPK5;PTTG1IP;CPTP;R3HDM4;PPP2CA;ROMO1;PKNOX1;ZFAND3;MT-ND3;ZNF761;CHCHD2;PCBP4;EIF1AY;CCL20;SLC25A39;MAP2K5;VKORC1;PCMTD1;CCN2;MBNL3;BOLA3;DUSP6;CHCHD7;TCEAL1;ACTB;CHCHD5;MROH1;UBE2E3;BICRAL;MDK;RNF128,31.07.2025
SRB-0001349,,AJ,v2,SRB-0001349-001,SERAC,FBXO31,HepG2,WildType,24,10,Plate8,1,7,Low (2-10),ANO9;SLC19A2;UGT1A3;UBE2D1;PCBP3;FIRRM;COQ4,04.03.2025
SRB-0001348,,AJ,v2,SRB-0001348-001,SERAC,FBXO31,HepG2,WildType,24,10,Plate8,1,4,Low (2-10),APC2;RNF135;TMEM68;TBC1D2,04.03.2025
SRB-0001347,,AJ,v2,SRB-0001347-001,BMS,FBXO31,HepG2,WildType,24,10,Plate3,1,1,Single (1),GNG5,31.07.2025
SRB-0001346,,AJ,v2,SRB-0001346-001,SERAC,FBXO31,HepG2,WildType,24,10,Plate64_Pw10,1,1,Single (1),TCP11L2,11.09.2025
SRB-0001345,,AJ,v2,SRB-0001345-001,SERAC,FBXO31,HepG2,WildType,24,10,Plate1,1,80,High (>25),C1orf226;FBLL1;CASTOR2;SFI1;FAAH;UBD;RAD51B;SLC31A1;CDH16;MPDU1;CREG1;SCGN;DUSP14;MT-ND1;TUBB4A;ANKRD34C;RGPD1;RGPD2;SMPD1;BCL3;CYP3A5;S100A1;ANXA13;KRT9;GRK3;TOB1;RAB28;SEC61G;FAU;SUPT4H1;PAFAH1B2;IRX3;EFEMP1;MXD4;TRAM2;DUSP6;RTL8B;MPV17L;ZNF791;DNAL1;TMEM259;UNC50;TMEM69;H2AC18;KCTD1;MRPL52;NAA40;LRRC28;ZNF761;RNF130;APOBEC3F;GSPT2;TRMT44;UNC80;ZNF709;SUMF1;ZNF555;FNIP1;OVCA2;OSBP2;ZNF689;CPB2;LRR1;SPATA13;BTBD9;YPEL2;PYGO2;ZNF670;TAPBPL;GON7;FOXQ1;CPNE5;MBNL1;OSTC;SPHK1;DNAH1;SLC2A6;ZMYM5;SH3BGRL2;DDX19B;PPT2,24.02.2025
SRB-0001344,,AJ,v2,SRB-0001344-001,SERAC,FBXO31,HepG2,WildType,24,10,Plate17,1,0,Silent,,30.04.2025
SRB-0001342,,AJ,v2,SRB-0001342-001,BMS,FBXO31,HepG2,WildType,24,10,Plate3,1,1,Single (1),GRN,31.07.2025
SRB-0001338,,AJ,v2,SRB-0001338-001,BMS,FBXO31,HepG2,WildType,24,10,Plate3,1,1,Single (1),MAST3,31.07.2025
SRB-0001337,,AJ,v2,SRB-0001337-001,BMS,FBXO31,HepG2,WildType,24,10,Plate3,1,1,Single (1),PIMREG,31.07.2025
SRB-0001336,,AJ,v2,SRB-0001336-001,SERAC,FBXO31,HepG2,WildType,24,10,Plate1,1,9,Low (2-10),POLR2G;PAFAH1B2;HKDC1;B3GNT8;ZFAND2B;OSBP2;ELOVL1;ENTPD7;PLEKHB1,24.02.2025
SRB-0001333,,AJ,v2,SRB-0001333-001,BMS,FBXO31,HepG2,WildType,24,10,Plate3,1,0,Silent,,31.07.2025
SRB-0001331,,AJ,v2,,,,,,,,,,,,,
SRB-0001330,,AJ,v2,SRB-0001330-001,BMS,FBXO31,HepG2,WildType,24,10,Plate3,1,3,Low (2-10),UNK;OTUD3;CA9,31.07.2025
SRB-0001329,,AJ,v2,SRB-0001329-001,BMS,FBXO31,HepG2,WildType,24,10,Plate3,1,0,Silent,,31.07.2025
SRB-0001328,,AJ,v2,,,,,,,,,,,,,
SRB-0001326,,AJ,v2,SRB-0001326-001,BMS,FBXO31,HepG2,WildType,24,10,Plate3,1,2,Low (2-10),PSRC1;FBXO6,31.07.2025
SRB-0001325,,AJ,v2,SRB-0001325-001,BMS,FBXO31,HepG2,WildType,24,10,Plate3,1,4,Low (2-10),ANGEL1;OTUD3;SULT1C2;HLA-H,31.07.2025
SRB-0001324,,AJ,v2,SRB-0001324-001,SERAC,FBXO31,HepG2,WildType,24,10,Plate49_Pw5,1,100,High (>25),E2F8;SLC22A23;EEF2K;HMGN4;CDK2AP1;UBD;SIVA1;TP73;SOCS1;SGCE;BNIP3L;OBSL1;TRAPPC6A;SLCO2B1;FADS2;HPR;ARG1;IGFBP1;HMOX1;NR2F6;BCL3;EFNA1;EPHA1;LOX;SERPINA4;HNF1B;MLLT3;SLC1A2;SLC6A9;TNFSF10;DAPK1;MFAP3;HGFAC;PNRC1;NPRL3;BNIP3;SKP2;EIF4EBP2;NEDD9;MELK;PCLAF;PCOLCE;E2F5;CA9;CYP51A1;PFKFB4;CRY2;ESCO2;ISM2;PSRC1;APOA5;TMCO3;SLC30A10;SLC39A5;LRP11;ZSWIM9;PRR15;SLC22A9;IL22RA1;PCSK9;TET1;NEIL3;PANK1;FNIP1;DUSP19;DEPDC1B;SPIRE2;PMM1;STMN2;MARVELD3;APH1A;RMI2;ZNF764;GAL3ST1;CDCA4;TBC1D2;FAM117A;ENKD1;TXNIP;LIME1;IFT22;PLEKHA2;CD248;PXMP2;SLC2A4RG;IL17RB;TBC1D14;CIDEB;SLC23A1;MUTYH;ZNF580;FBXO9;CHIC2;FBXO5;FZD4;SPATA2;EXO1;TMEM98;COQ4;HEMK1,22.07.2025
SRB-0001320,,AJ,v2,SRB-0001320-001,SERAC,FBXO31,HepG2,WildType,24,10,Plate17,1,0,Silent,,30.04.2025
SRB-0001319,,AJ,v2,,,,,,,,,,,,,
SRB-0001316,,AJ,v2,SRB-0001316-001,SERAC,FBXO31,HepG2,WildType,24,10,Pw44,1,197,High (>25),E2F8;SLC22A31;C11orf95;SLC28A1;FOXN3;EEF2K;SCD;APOL1;UBD;GSTA4;SIVA1;TP73;SOCS1;TET3;BNIP3L;PIP5K1C;FADS1;OBSL1;SMIM24;SRSF10;GMNN;TRAPPC6A;KDM4B;SLCO2B1;FAM13A;APOM;NPTXR;SLC2A10;PPP1R3D;ANGPTL1;DHFR;CP;INHA;APOA4;GJB1;HMOX1;IFIT1;SKI;TCF3;EFNA1;IGFBP4;MMP11;MPZ;LOX;CDC25B;TCF7;ZNF76;SLC1A2;TNNI2;CEBPA;CEBPD;GNG10;TNFSF10;TOB1;DNA2;MFAP3;IRX3;E2F1;ID2;HHEX;EMX1;AES;PNRC1;DPYD;BNIP3;DHRS2;SKP2;NCOA4;NEDD9;MXD4;ZNF273;MELK;PCLAF;NR6A1;TCEA2;MAPK14;HIF1A;CA9;CYP51A1;PFKFB4;RGL3;GREB1;TIGD5;SPIN4;ESCO2;FGD3;RPGRIP1L;POLR2M;VASN;ISM2;PSRC1;DCLRE1A;APOA5;FAM111B;OLFML1;SLC30A10;SLC39A5;AATK;CREB3L2;B4GALNT4;MCM10;NET1;PLEKHH3;PEG10;SAPCD2;RTN4RL2;LRP11;RAB11FIP4;SLC22A9;SKA3;RIMKLA;SIX5;ARHGEF39;FAM156A;TET1;NPB;NEIL3;METTL6;CERK;CCHCR1;DEPDC1B;SKA2;SLC13A3;TMEM37;PTPRU;PMM1;RILPL2;ADIPOR1;MARVELD3;TIFA;LRRC58;ARHGEF26;RMI2;CALML4;ABHD17A;ATXN7L3B;ZNF764;ZNF594;MAGED4;RITA1;WDR90;COQ10A;TESK2;EPAS1;CITED2;PAIP2;TRAIP;CYREN;CDCA7;BRIP1;BTBD2;BBS2;LRRC3;ANGPTL4;TMPRSS13;PARD6G;IFIH1;TGIF2;ALDH8A1;TXNIP;SEMA6B;LIME1;SLA2;ZNF395;MKNK2;TNS1;SPAG4;SLC2A4RG;HELLS;ASF1B;ANKRD10;MTMR4;PODXL2;STMN3;DTL;ZNF212;IFT172;CIDEB;NAT8;DCDC2;PCSK1N;NARF;MUTYH;ZNF580;FBXO9;AKAP11;FBXO5;BLOC1S6;HEG1;EXO1;PPP1R3C;FOXA2;PKIG;COQ4;SIT1;MAGED1;RAD54B,16.04.2026
SRB-0001316,,AJ,v2,SRB-0001316-001,BMS,FBXO31,HepG2,WildType,24,10,Plate3,1,16,Medium (11-25),KDM4B;IGFBP1;CKS1B;PFKFB4;KDM5B;TNS1;ARMCX5;CYP51A1;CHMP1B;TLE5;LOX;TXNIP;AOC1;CA9;BNIP3L;BNIP3,31.07.2025
SRB-0001315,,AJ,v2,SRB-0001315-001,SERAC,FBXO31,HepG2,WildType,24,10,Plate17,1,0,Silent,,30.04.2025
SRB-0001315,,AJ,v2,SRB-0001315-002,SERAC,FBXO31,HepG2,WildType,24,10,Plate17,1,0,Silent,,30.04.2025
SRB-0001314,,AJ,v2,SRB-0001314-001,SERAC,FBXO31,HepG2,WildType,24,10,Plate64_Pw10,1,3,Low (2-10),RTN4RL2;TXNIP;LUM,11.09.2025
SRB-0001313,,AJ,v2,SRB-0001313-001,SERAC,FBXO31,HepG2,WildType,24,10,Plate17,1,0,Silent,,30.04.2025
SRB-0001313,,AJ,v2,SRB-0001313-002,SERAC,FBXO31,HepG2,WildType,24,10,Plate17,1,0,Silent,,30.04.2025
SRB-0001311,,AJ,v2,SRB-0001311-001,SERAC,FBXO31,HepG2,WildType,24,10,Plate6,1,4,Low (2-10),FBXL14;SYTL4;TMEM101;TRIM39,28.02.2025
SRB-0001306,,AJ,v2,,,,,,,,,,,,,
SRB-0001305,,AJ,v2,SRB-0001305-001,SERAC,FBXO31,HepG2,WildType,24,10,Pw147,1,9,Low (2-10),CELF2;ARMCX5;ZDHHC21;PLIN2;RBBP8;UNC45A;UNC45A;COX16;SLC9A8,19.05.2026
SRB-0001305,,AJ,v2,SRB-0001305-001,SERAC,FBXO31,HepG2,WildType,24,10,Plate17,1,22,Medium (11-25),PIK3R2;MEIS1;UBD;REV3L;HBD;CD55;CHML;TSPAN7;ADGRE5;GTF2A2;PTS;MTMR3;PFKFB4;MAML2;TMEM87A;SYNE1;IP6K1;PHF21A;PLIN2;UNC45A;TMEM14C;BOK,30.04.2025
SRB-0001302,,AJ,v2,,,,,,,,,,,,,
SRB-0001301,,AJ,v2,SRB-0001301-001,BMS,FBXO31,HepG2,WildType,24,10,Plate3,1,1,Single (1),GNG5,31.07.2025
SRB-0001300,,AJ,v2,,,,,,,,,,,,,
SRB-0001299,,AJ,v2,SRB-0001299-001,SERAC,FBXO31,HepG2,WildType,24,10,Plate49_Pw5,1,4,Low (2-10),SLC16A6;TOP1MT;SGTB;ANTKMT,22.07.2025
SRB-0001298,,AJ,v2,SRB-0001298-001,SERAC,FBXO31,HepG2,WildType,24,10,Plate78_Pw13,1,2,Low (2-10),TOMM5;PLEKHN1,10.10.2025
SRB-0001296,,AJ,v2,SRB-0001296-001,BMS,FBXO31,HepG2,WildType,24,10,Plate3,1,1,Single (1),PXDC1,31.07.2025
SRB-0001295,,AJ,v2,SRB-0001295-001,SERAC,FBXO31,HepG2,WildType,24,10,Plate51_Pw7,1,30,High (>25),ASPDH;UBD;TP73;SSNA1;BNIP3L;MYBL2;EMX1;BNIP3;PCLAF;LAPTM4A;CYP51A1;FAM161A;DEPDC1;SLC30A10;MCM10;NPW;NEIL3;DEPDC1B;RAD54L;LRR1;FAM111A;PLEKHF1;TRAIP;CYREN;TXNIP;ZNF395;SLC2A4RG;KCTD5;EXO1;COQ4,28.07.2025
SRB-0001294,,AJ,v2,SRB-0001294-001,BMS,FBXO31,HepG2,WildType,24,10,Plate4,1,5,Low (2-10),STX10;CTC1;CARD8;TSPAN33;PPP1R35,31.07.2025
SRB-0001292,,AJ,v2,SRB-0001292-001,SERAC,FBXO31,HepG2,WildType,24,10,Plate17,1,0,Silent,,30.04.2025
SRB-0001285,,AJ,v2,SRB-0001285-001,SERAC,FBXO31,HepG2,WildType,24,10,Plate76_Pw11,1,87,High (>25),E2F8;C11orf95;SLC28A1;UBD;BNIP3L;OBSL1;TRAPPC6A;SLCO2B1;FAM13A;NPTXR;FADS2;SPARC;IFIT1;CYP7A1;AADAC;MMP11;LOX;ADM;CCNF;MLLT3;MKI67;CEBPD;ACOT2;SLC26A2;NEK2;EMX1;FOXM1;PNRC1;BNIP3;SKP2;MELK;PCLAF;MAPK14;HIF1A;CA9;CYP51A1;AOC3;PFKFB4;CCDC142;FAM161A;TMEM67;TSTD2;DEPDC1;FAAH2;FAM111B;SLC30A10;AATK;PGAP1;B4GALNT4;MCM10;PLEKHH3;MEGF8;ACOT1;SAPCD2;RTN4RL2;ZFHX4;LRP11;RNF130;TMEM183A;TRIM22;SYNE4;ARHGEF39;RAB42;PCSK9;TET1;NEIL3;ABHD3;DEPDC1B;FAM241B;PELI1;WDR90;EPAS1;GAL3ST1;BRIP1;TXNIP;LIME1;PRR36;ZNF395;MKNK2;TNS1;SLC2A4RG;DONSON;SLC23A1;FBXO9;FBXO5;EXO1;PCDHGB6,15.09.2025
SRB-0001284,,AJ,v2,SRB-0001284-001,BMS,FBXO31,HepG2,WildType,24,10,Plate3,1,2,Low (2-10),GNG5;SEC22A,31.07.2025
SRB-0001283,,AJ,v2,SRB-0001283-001,BMS,FBXO31,HepG2,WildType,24,10,Plate3,1,8,Low (2-10),PLEKHA8;WIPI1;ATP9B;SPP1;GNG5;MAB21L4;CPN1;H3-3A,31.07.2025
SRB-0001268,,AJ,v2,,,,,,,,,,,,,
SRB-0001267,,AJ,v2,,,,,,,,,,,,,
SRB-0001259,,AJ,v2,,,,,,,,,,,,,
SRB-0001255,,AJ,v2,SRB-0001255-001,BMS,FBXO31,HepG2,WildType,24,10,Plate3,1,17,Medium (11-25),TGFBR2;CRTC2;CHAC2;SMAP1;DCBLD1;ABCC5;SLC20A1;CASKIN2;GNG5;CKS1B;PLCXD1;SECISBP2L;MON1B;BTBD9;UMAD1;HCFC2;UBE2R2,31.07.2025
SRB-0001253,,AJ,v2,SRB-0001253-001,SERAC,FBXO31,HepG2,WildType,24,10,Pw79,1,12,Medium (11-25),ATP6V1G2;PGK2;PLTP;TBC1D25;SIAH1;FAT3;NRCAM;HIGD2A;UNC45A;UNC45A;TOR1AIP2;TOR4A,15.04.2026
SRB-0001252,,AJ,v2,SRB-0001252-001,SERAC,FBXO31,HepG2,WildType,24,10,Pw42_FAIMS,1,0,Silent,,16.04.2026
SRB-0001252,,AJ,v2,SRB-0001252-001,BMS,FBXO31,HepG2,WildType,24,10,Plate3,1,2,Low (2-10),GSPT1;RPL10L,31.07.2025
SRB-0001251,,AJ,v2,SRB-0001251-001,SERAC,FBXO31,HepG2,WildType,24,10,Pw42_NOT_FAIMS,1,57,High (>25),UMAD1;TOX3;SSNA1;SSSCA1;HSBP1;SNAPC5;MBP;LRG1;TTR;JUN;POLR1D;MAPT;GSPT1;ATF2;JUND;TFEB;LGALS7;ATN1;S100A10;AES;C1D;COL9A3;COL9A2;TNIP1;SS18;MEA1;AKIRIN2;ZFAND6;MZT2B;NRAP;SVBP;ANKRD20A12P;ZNRF2;MAML1;KIAA1191;ZNF524;MNT;CGREF1;TXN2;KXD1;PAGR1;GON7;DPY30;WWTR1;PRR36;COPRS;PDRG1;MED9;RNF181;DKK4;ERRFI1;DNAJC12;BLOC1S6;MAFF;FOXA2;BOLA1;TSC22D4,16.04.2026
SRB-0001251,,AJ,v2,SRB-0001251-001,BMS,FBXO31,HepG2,WildType,24,10,Plate3,1,3,Low (2-10),GNG5;GSPT1;GRN,31.07.2025
SRB-0001248,,AJ,v2,,,,,,,,,,,,,
SRB-0001242,,AJ,v2,SRB-0001242-001,SERAC,FBXO31,HepG2,WildType,24,10,Plate77_Pw12,1,12,Medium (11-25),TGM1;ITGA6;CYP2J2;POLR2F;E2F5;SLC35F2;THAP3;CYTH2;LRRCC1;OSBPL3;KLHL9;CHIC2,22.09.2025
SRB-0001241,,AJ,v2,SRB-0001241-001,BMS,FBXO31,HepG2,WildType,24,10,Plate3,1,6,Low (2-10),DLK1;FLYWCH2;ARL14EP;POLE3;SLC36A1;PLD6,31.07.2025
SRB-0001240,,AJ,v2,SRB-0001240-001,SERAC,FBXO31,HepG2,WildType,24,10,Pw47,1,29,High (>25),CRYAA2;CRYAA;TRBC2;UMAD1;ATP6V1G1;STK16;YBX3;ATF3;MSX1;ID1;AP3S2;HIST1H1A;PNRC1;ANKRD1;AOC3;VMAC;LIN52;PHLDA2;SBSN;UNC80;SCAMP4;YIPF4;PINK1;TOR1AIP2;ELOVL6;CMC2;CTNNBIP1;SLC39A9;SCOC;C19orf53,16.04.2026
SRB-0001238,,AJ,v2,SRB-0001238-001,BMS,FBXO31,HepG2,WildType,24,10,Plate3,1,8,Low (2-10),ZFP36L2;TNS1;ITIH3;CKS1B;OTUD3;SGSH;CYP2S1;C6orf120,31.07.2025
SRB-0001237,,AJ,v2,SRB-0001237-001,SERAC,FBXO31,HepG2,WildType,24,10,Plate48_Pw4,1,1,Single (1),CLCN3,15.08.2025
SRB-0001236,,AJ,v2,,,,,,,,,,,,,
SRB-0001235,,AJ,v2,SRB-0001235-001,SERAC,FBXO31,HepG2,WildType,24,10,Plate51_Pw7,1,2,Low (2-10),TSPAN3;SLC2A10,28.07.2025
SRB-0001228,,AJ,v2,SRB-0001228-001,BMS,FBXO31,HepG2,WildType,24,10,Plate3,1,5,Low (2-10),NDUFC1;SCRN2;BRCA1;PLEKHG5;TAPBPL,31.07.2025
SRB-0001224,,AJ,v2,SRB-0001224-001,SERAC,FBXO31,HepG2,WildType,24,10,Pw44,1,3,Low (2-10),MXD4;ZNF813;FRS2,16.04.2026
SRB-0001212,,AJ,v2,SRB-0001212-001,SERAC,FBXO31,HepG2,WildType,24,10,Plate100_Pw35,1,1,Single (1),RXYLT1,16.04.2026
SRB-0001211,,AJ,v2,SRB-0001211-001,BMS,FBXO31,HepG2,WildType,24,10,Plate3,1,0,Silent,,31.07.2025
SRB-0001210,,AJ,v2,SRB-0001210-001,SERAC,FBXO31,HepG2,WildType,24,10,Pw44,1,0,Silent,,16.04.2026
SRB-0001210,,AJ,v2,SRB-0001210-001,BMS,FBXO31,HepG2,WildType,24,10,Plate3,1,12,Medium (11-25),MGST1;LGALS2;UBE2G2;SUSD2;PCSK9;ZBTB7A;ROMO1;PCBP4;DYNLT3;GPN2;RNF128;H3-3A,31.07.2025
SRB-0001209,,AJ,v2,SRB-0001209-001,SERAC,FBXO31,HepG2,WildType,24,10,Plate50_Pw6,1,0,Silent,,02.09.2025
SRB-0001208,,AJ,v2,SRB-0001208-001,BMS,FBXO31,HepG2,WildType,24,10,Plate2,1,115,High (>25),RCC1L;RABGEF1;CHPF;CHMP6;ERCC5;LDLR;DHX37;TMEM38B;TERF2IP;MECP2;CNOT11;INTS12;CTDSP1;TMEM70;THOC7;CLTA;METTL2B;ETNK1;KDM4A;ADRM1;TENT4B;BNIP3;APOL2;CBX2;STXBP1;CFB;SLC35B2;PCTP;DSTN;GPRC5C;SMOC1;CAPG;TSC22D2;KLHL9;PTP4A1;PPHLN1;RPL35A;UNK;DHTKD1;CNOT4;HPN;LENG1;GEMIN2;DPAGT1;RNF181;NR2C2;APIP;NOMO1;NSDHL;RAD51D;TAF5L;SMIM12;FMC1;SLC39A6;ABHD14A;NR3C1;NDUFA7;ERG28;WDR73;PPP3CC;TPST1;FZR1;PNISR;TRIM13;HEXIM2;SUMO1;MCRIP2;B2M;TLE3;CEPT1;TMUB1;SLC25A42;CYP2S1;PKNOX1;TMED2;MEF2A;MPDU1;CEBPB;TMCO1;MFSD1;GPBP1;NSRP1;NDUFS6;HDAC7;TSTD2;TMEM41B;PYCR3;EXOSC6;CDK16;CHMP1A;HMGA1;ZNF195;ATP6V1B1;SLC17A5;PSRC1;COX17;ZNF24;SLC35A1;ZNF787;NIN;RPS15;RAB1B;MARCKSL1;PLSCR4;SLC25A36;BNIP3L;WWC1;MBNL3;SLC35A3;CEBPA;TMEM9B;GM2A;RBX1;RPL29;SUMO3,31.07.2025
SRB-0001207,,AJ,v2,SRB-0001207-001,BMS,FBXO31,HepG2,WildType,24,10,Plate2,1,1,Single (1),RPL29,31.07.2025
SRB-0001206,,AJ,v2,SRB-0001206-001,SERAC,FBXO31,HepG2,WildType,24,10,Plate8,1,0,Silent,,04.03.2025
SRB-0001201,,AJ,v2,SRB-0001201-001,SERAC,FBXO31,HepG2,WildType,24,10,Plate6,1,1,Single (1),FHIP1A,28.02.2025
SRB-0001200,,AJ,v2,SRB-0001200-001,SERAC,FBXO31,HepG2,WildType,24,10,Plate100_Pw35,1,35,High (>25),SLC28A1;EML1;BTN3A3;XPNPEP2;BNIP3L;FZD7;ARG1;S100A6;ZNF250;HIST1H1D;LOX;CCNF;SLC1A2;IRX3;BNIP3;CA9;CRY2;TPGS2;ISM2;SYDE1;CHST15;KCTD20;RTN4RL2;ZNF589;IL22RA1;CEP70;CDC26;SLC38A4;LRRC58;SMIM19;ALDH8A1;TXNIP;ZNF395;TNS1;TNS1,16.04.2026
SRB-0001197,,AJ,v2,,,,,,,,,,,,,
SRB-0001193,,AJ,v2,,,,,,,,,,,,,
SRB-0001192,,AJ,v2,SRB-0001192-001,SERAC,FBXO31,HepG2,WildType,24,10,Pw158,1,1,Single (1),MAP4K2,19.05.2026
SRB-0001191,,AJ,v2,SRB-0001191-001,SERAC,FBXO31,HepG2,WildType,24,10,Pw157,1,2,Low (2-10),RNASE4;MRPL52,19.05.2026
SRB-0001190,,AJ,v2,,,,,,,,,,,,,
SRB-0001176,,AJ,v2,SRB-0001176-001,SERAC,FBXO31,HepG2,WildType,24,10,Plate50_Pw6,1,0,Silent,,02.09.2025
SRB-0001175,,AJ,v2,SRB-0001175-001,BMS,FBXO31,HepG2,WildType,24,10,Plate2,1,0,Silent,,31.07.2025
SRB-0001173,,AJ,v2,SRB-0001173-001,BMS,FBXO31,HepG2,WildType,24,10,Plate2,1,0,Silent,,31.07.2025
SRB-0001172,,AJ,v2,SRB-0001172-001,SERAC,FBXO31,HepG2,WildType,24,10,Plate48_Pw4,1,3,Low (2-10),MREG;PPP2R3B;MAP1A,15.08.2025
SRB-0001162,,AJ,v2,SRB-0001162-001,SERAC,FBXO31,HepG2,WildType,24,10,Plate83_Pw15,1,1,Single (1),PPP1R14A,26.09.2025
SRB-0001161,,AJ,v2,SRB-0001161-001,BMS,FBXO31,HepG2,WildType,24,10,Plate2,1,17,Medium (11-25),DNAJC30;NFIC;WDR20;XPA;TSPAN3;POLL;RAD51D;PET117;CERS6;PFKM;AIF1L;TMEM14C;DCAF15;TCF3;GABPB1;POLE3;MICOS13,31.07.2025
SRB-0001160,,AJ,v2,SRB-0001160-001,BMS,FBXO31,HepG2,WildType,24,10,Plate2,1,2,Low (2-10),SENP7;C1RL,31.07.2025
SRB-0001158,,AJ,v2,,,,,,,,,,,,,
SRB-0001157,,AJ,v2,SRB-0001157-001,BMS,FBXO31,HepG2,WildType,24,10,Plate2,1,1,Single (1),ZDHHC3,31.07.2025
SRB-0001150,,AJ,v2,SRB-0001150-001,BMS,FBXO31,HepG2,WildType,24,10,Plate2,1,1,Single (1),METTL8,31.07.2025
SRB-0001148,,AJ,v2,,,,,,,,,,,,,
SRB-0001147,,AJ,v2,SRB-0001147-001,BMS,FBXO31,HepG2,WildType,24,10,Plate2,1,1,Single (1),MTCL1,31.07.2025
SRB-0001146,,AJ,v2,SRB-0001146-001,BMS,FBXO31,HepG2,WildType,24,10,Plate2,1,0,Silent,,31.07.2025
SRB-0001145,,AJ,v2,SRB-0001145-001,BMS,FBXO31,HepG2,WildType,24,10,Plate2,1,0,Silent,,31.07.2025
SRB-0001144,,AJ,v2,SRB-0001144-001,SERAC,FBXO31,HepG2,WildType,24,10,Plate1,1,13,Medium (11-25),UBD;SLC31A1;SLC19A2;POLR2G;PAFAH1B2;EIF4EBP2;DUSP6;UNC50;PRXL2C;ZNF709;SUMF1;ELOVL1;SELENOI,24.02.2025
SRB-0001144,,AJ,v2,SRB-0001144-001,BMS,FBXO31,HepG2,WildType,24,10,Plate2,1,0,Silent,,31.07.2025
SRB-0001143,,AJ,v2,SRB-0001143-001,BMS,FBXO31,HepG2,WildType,24,10,Plate2,1,0,Silent,,31.07.2025
SRB-0001134,,AJ,v2,SRB-0001134-001,BMS,FBXO31,HepG2,WildType,24,10,Plate2,1,16,Medium (11-25),ANKRD40;POP7;NDEL1;PDSS1;PET117;MED26;GEN1;CMTR2;ZNF672;RBMXL1;GPN2;PAIP2;AIF1L;MROH1;H3C1;ANKRD11,31.07.2025
SRB-0001129,,AJ,v2,SRB-0001129-001,BMS,FBXO31,HepG2,WildType,24,10,Plate2,1,1,Single (1),DCUN1D4,31.07.2025
SRB-0001128,,AJ,v2,SRB-0001128-001,SERAC,FBXO31,HepG2,WildType,24,10,Plate100_Pw35,1,2,Low (2-10),RPS6KA5;MAF1,16.04.2026
SRB-0001127,,AJ,v2,SRB-0001127-001,SERAC,FBXO31,HepG2,WildType,24,10,Plate100_Pw35,1,0,Silent,,16.04.2026
SRB-0001126,,AJ,v2,SRB-0001126-001,SERAC,FBXO31,HepG2,WildType,24,10,Plate46_Pw2,1,1,Single (1),LPIN1,15.07.2025
SRB-0001125,,AJ,v2,SRB-0001125-001,SERAC,FBXO31,HepG2,WildType,24,10,Plate64_Pw10,1,105,High (>25),E2F8;C15orf61;AJM1;SLC28A1;FOXN3;FCHO1;SOCS1;SGCE;PLXNA2;SMIM24;RTN2;LGR5;SUPT3H;CSDE1;STC2;RTN3;EPM2A;APOM;HPN;MCF2;CCNA2;HIST1H1T;LOX;RRM2;G6PC;SNCA;ID1;PPIC;RAB28;CLCN5;NEK2;ZNF136;ZNF142;NUP98;ACLY;ADAR;ZNF121;HYAL2;NR1H3;NR5A1;PDE7A;TRAM2;ACOX1;RTN1;ZNF791;LIN52;ORMDL2;CEP170;LPCAT4;RPGRIP1L;ISM2;EP400P1;G2E3;CHST15;SERINC5;RASSF3;KMT5C;FAM20C;RTKN2;SYNE4;ZNF664;STAG2;ZNF555;TET1;FBXO25;CCHCR1;ATG4A;RAPGEF5;DPF1;PTPRN2;NINJ1;TSR2;RPL36AL;RILPL2;CCDC126;ZDHHC12;WDYHV1;ZSCAN31;MFSD14A;TRIB3;DIRC2;CEP89;RGPD5;EPAS1;ABHD14A;ELOVL1;MIXL1;ZNF335;ZNF395;ANKH;FANCF;ASAH2;PXMP2;MTMR4;EHD2;ABCD2;UXT;SCOC;RWDD2A;FBXO5;PLAGL2;PRELID1;COQ4;SALL2;FADS3,11.09.2025
SRB-0001124,,AJ,v2,SRB-0001124-001,SERAC,FBXO31,HepG2,WildType,24,10,Plate45_Pw1,1,0,Silent,,11.07.2025
SRB-0001123,,AJ,v2,SRB-0001123-001,SERAC,FBXO31,HepG2,WildType,24,10,Plate63_Pw9,1,9,Low (2-10),SPAG9;RYK;MKI67;PEX26;SLC35F2;RAD51AP1;SSBP3;SLC2A6;SAMD4A,08.09.2025
SRB-0001120,,AJ,v2,SRB-0001120-001,SERAC,FBXO31,HepG2,WildType,24,10,Plate52_Pw8,1,2,Low (2-10),MYSM1;HNRNPA1L2,05.09.2025
SRB-0001119,,AJ,v2,SRB-0001119-001,SERAC,FBXO31,HepG2,WildType,24,10,Plate8,1,1,Single (1),IFT20,04.03.2025
SRB-0001118,,AJ,v2,SRB-0001118-001,SERAC,FBXO31,HepG2,WildType,24,10,Plate8,1,1,Single (1),PPM1J,04.03.2025
SRB-0001118,,AJ,v2,SRB-0001118-002,SERAC,FBXO31,HepG2,WildType,24,10,Plate63_Pw9,1,3,Low (2-10),FGD1;MIXL1;FAM241B,08.09.2025
SRB-0001101,,AJ,v2,SRB-0001101-001,SERAC,FBXO31,HepG2,WildType,24,10,Plate49_Pw5,1,3,Low (2-10),FOXA3;PARP3;TRIM36,22.07.2025
SRB-0001099,,AJ,v2,SRB-0001099-001,SERAC,FBXO31,HepG2,WildType,24,10,Plate45_Pw1,1,1,Single (1),GSTA2,11.07.2025
SRB-0001097,,AJ,v2,,,,,,,,,,,,,
SRB-0001096,,AJ,v2,SRB-0001096-001,SERAC,FBXO31,HepG2,WildType,24,10,Plate64_Pw10,1,0,Silent,,11.09.2025
SRB-0001095,,AJ,v2,SRB-0001095-001,SERAC,FBXO31,HepG2,WildType,24,10,Plate50_Pw6,1,0,Silent,,02.09.2025
SRB-0001094,,AJ,v2,SRB-0001094-001,SERAC,FBXO31,HepG2,WildType,24,10,Plate79_Pw14,1,0,Silent,,13.10.2025
SRB-0001094,,AJ,v2,SRB-0001094-002,SERAC,FBXO31,HepG2,WildType,24,10,Pw77,1,2,Low (2-10),CYP1A1;CYP2J2,13.04.2026
SRB-0001093,,AJ,v2,SRB-0001093-001,SERAC,FBXO31,HepG2,WildType,24,10,Plate51_Pw7,1,0,Silent,,28.07.2025
SRB-0001090,,AJ,v2,SRB-0001090-001,SERAC,FBXO31,HepG2,WildType,24,10,Plate83_Pw15,1,0,Silent,,26.09.2025
SRB-0001089,,AJ,v2,SRB-0001089-001,SERAC,FBXO31,HepG2,WildType,24,10,Plate64_Pw10,1,9,Low (2-10),TRIM37;CD47;DHRS2;C16orf87;FAM168A;CCDC120;IFT46;CLIC5;PCDHB3,11.09.2025
SRB-0001088,,AJ,v2,SRB-0001088-001,SERAC,FBXO31,HepG2,WildType,24,10,Plate46_Pw2,1,13,Medium (11-25),B4GALT5;DUS4L;BCL3;ID1;PIGW;ATG4C;PLA2G12B;FIRRM;SNX24,15.07.2025
SRB-0001087,,AJ,v2,,,,,,,,,,,,,
SRB-0001086,,AJ,v2,,,,,,,,,,,,,
SRB-0001084,,AJ,v2,SRB-0001084-001,SERAC,FBXO31,HepG2,WildType,24,10,Plate48_Pw4,1,1,Single (1),MST1R,15.08.2025
SRB-0001075,,AJ,v2,SRB-0001075-001,SERAC,FBXO31,HepG2,WildType,24,10,Plate77_Pw12,1,9,Low (2-10),ITGA6;IL4R;ALDH1A3;CEBPG;PLCB4;PPM1J;RANBP3;CNNM1;HDGFL3,22.09.2025
SRB-0001074,,AJ,v2,SRB-0001074-001,SERAC,FBXO31,HepG2,WildType,24,10,Pw37,1,0,Silent,,16.04.2026
SRB-0001074,,AJ,v2,SRB-0001074-001,BMS,FBXO31,HepG2,WildType,24,10,Plate2,1,0,Silent,,31.07.2025
SRB-0001071,,AJ,v2,,,,,,,,,,,,,
SRB-0001070,,AJ,v2,,,,,,,,,,,,,
SRB-0001069,,AJ,v2,,,,,,,,,,,,,
SRB-0001068,,AJ,v2,SRB-0001068-001,SERAC,FBXO31,HepG2,WildType,24,10,Plate100_Pw35,1,1,Single (1),HSP90AB3P,16.04.2026
SRB-0001067,,AJ,v2,SRB-0001067-001,SERAC,FBXO31,HepG2,WildType,24,10,Plate49_Pw5,1,337,High (>25),FUOM;PEDS1;SDHAF1;FBLL1;CASTOR2;UNC119B;SAC3D1;HIGD1C;HACD1;BHLHE40;CDC42EP2;STX16;HAT1;MYL12B;MYL12A;DEGS1;PLSCR1;CTDSPL;RAD51B;POLR3G;SOX12;CLOCK;AP5Z1;ADCY6;MBTPS2;B4GAT1;NDUFC1;LZTS3;MAN1A2;B4GALT4;MAFK;TPST2;CTSV;NOL3;PDCD6;ENTPD6;TADA2A;SUPT3H;BCAR3;TRAPPC6A;RNF8;DFFB;DXO;FBXO21;RHOBTB3;CEP152;FKBP9;STARD3NL;MT-CO1;TTR;FTL;MT-ND1;A1BG;TUBB4A;H2AC4;H2AC25;PFKM;F7;IGFBP1;TUBA3C;TUBA3D;COX6A1;HLA-E;SLC2A4;TCF3;ZNF3;PRKACA;TBP;MAOA;EPHA1;PROZ;LOX;PBLD;GCHFR;ALDH3A1;PRKAR2B;GRK5;SOX18;CHKA;POLR2I;VHL;BUD31;EIF1;AKR1C3;SLC1A2;MAPK8;UBE2A;CEBPA;CLK1;NUDT2;PSMD7;PLXNA3;NEK2;PRKAA2;TMBIM6;CASP9;FOXA3;MAZ;ZNF445;SEC61G;CKS1B;NAA20;LSM3;RPL23;RPL39;RPL39P5;RPS27A;CSNK2A1;CCL20;DGCR2;FGD1;IFITM3;TGFBR3;HSF2;MCL1;ST3GAL4;HYAL1;COX10;BNIP2;ITGB3BP;GAB1;ITPK1;TFDP2;EIF2B1;ZNF460;TRAM2;ZNF146;EBP;RPS6KA2;SIX1;SURF2;SMAD1;SNAPC1;UGCG;DGKD;ATP6V1F;FAM98C;TYSND1;FAM161A;ZNF791;SLC25A35;BBS9;ZNF260;ZBED5;MTERF2;CRTC2;INO80D;ACTBL2;ESCO2;TMEM97;OXLD1;DOCK11;TOR2A;MIIP;RBM48;PHYHD1;ZNF362;DCAF12;ASPHD1;ZKSCAN2;STEAP3;B3GNTL1;NCBP2AS2;SCARA3;SP5;OGFOD2;ACSM5;RWDD4;ANKRD54;FAAP20;MRPL54;FDX2;TENT2;LRIG3;SLC39A5;KDM7A;DPY19L3;TPGS1;CEP128;PHLPP2;KCTD1;KCTD9;TEDC2;CENPQ;ZNF627;CHST15;PEX26;C6orf120;CCDC91;ZER1;ZSCAN2;TMEM135;COA5;CEP57;PTRH1;ECHDC2;CCDC71;KLHL7;GSPT2;KIAA2013;ATPAF2;IL22RA1;ZBTB38;KDF1;SLC4A11;ACBD4;KCT2;ZNF740;SIMC1;ZNF548;ZNF563;ZNF420;PIGX;SPPL2B;HASPIN;NOC3L;DDI1;NSMCE1;PHLDA1;GLMP;COPS9;TTN;EDEM1;SNAPC3;HGD;GTF3C6;CNKSR1;POP5;RNF34;PNPLA2;SLCO4A1;GRAMD1A;HAUS1;LRRC58;FAM241B;CCDC126;THAP11;ALG14;RNF185;MACIR;LIN37;MSANTD3;ZNF764;COA8;LRIG1;ZNF594;B3GALT6;SNX22;MFSD14A;TLCD4;PWWP2A;CASD1;MCEE;SLC38A2;TRIB3;CCNL2;TIMM17A;SDHC;EPAS1;ANTKMT;TUBA1C;NEURL2;CCDC77;CENPK;ANAPC13;POLR3GL;TTPAL;CENPO;MKNK1;DERL1;ALG12;TRMT61B;RTL8A;YIPF2;SSBP3;CDCA4;DUSP16;SEMA4C;TINAGL1;BTBD1;ING2;MIXL1;GGNBP2;TOR3A;SAV1;ZNF552;SMYD3;GEMIN7;EVA1A;ZNF395;VPS37B;ZNF556;GPAM;CSNK1G1;CD320;EXOSC5;ZC4H2;ENTPD7;ASAH2;PXMP2;ARHGEF3;YAE1;IL17RB;GID8;ZDHHC7;UBAP1;BFAR;CRIM1;CNIH4;ANKIB1;UXT;DNAJB9;MORF4L1;ZNF70;UQCR10;RABAC1;ZNF107;SH3BGRL2;VPS28;CASP8AP2;FBXO5;BLOC1S6;PPT2;PCDHGB4;DNM3;NEU3;ITM2B;ASF1A;ZNF443;SLC35A3;MAN2B2;KLHL20;DDX52;MRPS18C;BOLA1;ENTPD2;SNX10;SNX8;MRFAP1;SELENOK;MAU2,22.07.2025
SRB-0001066,,AJ,v2,SRB-0001066-001,SERAC,FBXO31,HepG2,WildType,24,10,Plate77_Pw12,1,2,Low (2-10),ATP2B2;POLR2L,22.09.2025
SRB-0001065,,AJ,v2,SRB-0001065-001,SERAC,FBXO31,HepG2,WildType,24,10,Plate51_Pw7,1,1,Single (1),ERO1B,28.07.2025
SRB-0001064,,AJ,v2,SRB-0001064-001,SERAC,FBXO31,HepG2,WildType,24,10,Plate80_Pw16,1,4,Low (2-10),KNG1;CD46;ETFB;TMEM184B,29.09.2025
SRB-0001063,,AJ,v2,,,,,,,,,,,,,
SRB-0001053,,AJ,v2,,,,,,,,,,,,,
SRB-0001050,,AJ,v2,,,,,,,,,,,,,
SRB-0001048,,AJ,v2,,,,,,,,,,,,,
SRB-0001047,,AJ,v2,,,,,,,,,,,,,
SRB-0001045,,AJ,v2,,,,,,,,,,,,,
SRB-0001043,,AJ,v2,,,,,,,,,,,,,
SRB-0001042,,AJ,v2,SRB-0001042-001,SERAC,FBXO31,HepG2,WildType,24,10,Plate77_Pw12,1,3,Low (2-10),PLEKHM1;CC2D2A;DGAT2,22.09.2025
SRB-0001041,,AJ,v2,SRB-0001041-001,SERAC,FBXO31,HepG2,WildType,24,10,Plate48_Pw4,1,6,Low (2-10),ELOVL7;CYP1A1;CLDN12;LAMTOR4;CA9;MAP3K5,15.08.2025
SRB-0001040,,AJ,v2,SRB-0001040-001,SERAC,FBXO31,HepG2,WildType,24,10,Plate64_Pw10,1,6,Low (2-10),MRAS;YIF1A;CYP1A1;NNMT;NUDT13;ERG28,11.09.2025
SRB-0001039,,AJ,v2,SRB-0001039-001,SERAC,FBXO31,HepG2,WildType,24,10,Plate50_Pw6,1,2,Low (2-10),PPP1R14A;DUSP19,02.09.2025
SRB-0001038,,AJ,v2,SRB-0001038-001,SERAC,FBXO31,HepG2,WildType,24,10,Plate83_Pw15,1,55,High (>25),ASPDH;C11orf98;ZBTB5;MATN3;LAMTOR5;BUD23;SSNA1;IGF2;STS;SNRPC;NEDD4;FHIT;KHK;CASP9;WDR4;ZFP36L1;ENDOG;NFATC4;RAB11B;CTC1;TBC1D25;AASDH;SLC25A30;GORAB;MRPL54;C8orf82;KCTD18;MMS22L;CCDC91;ZER1;ECHDC2;KIAA2013;COP1;CDC26;ZNF564;RPS4Y2;GNPDA2;ANKRD49;ELMO1;EEF2KMT;MED30;LYSMD1;DIRC2;OSMR;RARRES2;LGR4;TRIM15;SDHAF3;PCMTD2;C1RL;VAPA;PCSK1N;JPT1;VPS9D1;ZSCAN21,26.09.2025
SRB-0001037,,AJ,v2,,,,,,,,,,,,,
SRB-0001035,,AJ,v2,,,,,,,,,,,,,
SRB-0001028,,AJ,v2,SRB-0001028-001,SERAC,FBXO31,HepG2,WildType,24,10,Plate100_Pw35,1,4,Low (2-10),CYSRT1;C2orf68;CRYBG2;POLR3K,16.04.2026
SRB-0001027,,AJ,v2,SRB-0001027-001,SERAC,FBXO31,HepG2,WildType,24,10,Plate45_Pw1,1,3,Low (2-10),PPM1J;DCDC1;H1-6,11.07.2025
SRB-0001026,,AJ,v2,,,,,,,,,,,,,
SRB-0001025,,AJ,v2,SRB-0001025-001,SERAC,FBXO31,HepG2,WildType,24,10,Pw36,1,103,High (>25),HACD1;PLOD2;NDUFA1;DDX3Y;HS6ST1;ZNF623;RAD51D;KDM4B;PIGN;TTR;SERPINE1;TUBB;IGFBP1;NMB;ANXA4;TRAPPC2;TRAPPC2;TRAPPC2B;ESRRA;ERBB3;COMT;PROZ;CDK2;LOX;ETFB;SLC11A2;DNM2;TTC3;NR1H2;ADAR;ANAPC15;S100A10;SMARCB1;NR5A1;ITPK1;ACOX1;CYTH1;DIXDC1;HIF1A;CA9;DUSP6;FAM98C;MPV17L;VMA21;FUT11;ESCO2;ALG10;CEP78;PDSS1;ASPHD1;ITPRIPL1;BRWD3;TMCO3;ABHD13;CHST15;BHLHA15;ZER1;USP37;PEG10;TBC1D1;SLC25A42;APOBEC3F;PLEKHM2;ATPAF2;RFLNB;ATP6V0D2;ZNF740;MFSD8;CERK;CHURC1;WDR60;SLC13A3;APPBP2;RIT1;OSBP2;SNX21;SLC25A28;FBXO17;WDYHV1;TCEANC2;GPHA2;TIMM17A;OSMR;PIGQ;DPH7;WRAP53;HIGD2A;CLSPN;TRPV4;TNS1;CD320;RTN4;CHST12;ASF1B;TMEM260;VSX1;ONECUT1;REV1;LAMTOR3;SCOC;FBXO5;USP18;INSIG2;MPC1;COX11,16.04.2026
SRB-0001025,,AJ,v2,SRB-0001025-001,BMS,FBXO31,HepG2,WildType,24,10,Plate3,1,229,High (>25),RELN;ADD3;KANK1;PAH;RCL1;ZFP36L2;ADD1;GPT2;CEP250;ESRP2;KIF15;BAZ1B;P4HA2;H1-5;AXIN1;PTPRG;HAUS6;TCAF1;RPS24;SPRY4;F7;PEG3;MAK16;CGNL1;MTUS1;TNS1;ACSL4;HNRNPL;PIAS2;NAV2;PKP4;N4BP2;MAN1A1;CYP51A1;CDR2;PEG10;GREB1;HDAC4;HAT1;RRBP1;LMTK2;IMP3;NDRG1;CAPN15;RMI2;R3HDM1;AKAP2;ARL6IP6;KDM5B;HOOK1;EVPL;CHM;ARNT;EBNA1BP2;VASN;ZNF768;FTSJ3;TUT4;IL32;APLP2;BMS1;DSN1;RRM2;RAB11FIP4;ATP9B;KDM5C;NEDD9;ISG20L2;NAB2;DCDC2;APOL1;SPIN1;UTP11;ZDHHC17;PTPRF;SLC36A1;CKMT1A;PLD1;DCBLD1;ZNF512;IGSF8;CHD6;UTP20;CEBPB;FBH1;PTPRK;MTR;DHX37;FPGT;PHLDB2;LIN54;TRIP11;NID1;PWWP2A;GBF1;GRTP1;ABT1;SNX8;HEPACAM;RPF2;LDLR;HAUS2;SLC7A2;PDCD11;ARL5B;SORBS3;LRP1;DDX27;PPIL2;FILIP1L;CHMP1B;PHYHIPL;ELOVL6;MCM3AP;CYTH1;HELZ;CA9;RPL7L1;LIMD1;CCDC88C;GHITM;RRP36;NOSIP;FMNL2;PCSK6;FRAS1;PATZ1;SEMA4C;RRP1B;ZNF24;KNOP1;LRCH4;TACC1;NIFK;RRS1;SORL1;PROS1;FGFR3;KANK2;KDM4B;DDX52;DOCK6;BMPR1A;ZNF512B;F10;RELL1;ZKSCAN1;SERPINE1;FNDC3B;RPS19BP1;FYTTD1;DNMT3B;CCDC59;TOM1L2;DDX10;VLDLR;ARHGAP45;PNPLA2;NOC3L;PPP1R37;RBM28;ATAD2;GRAMD1A;PLEKHA8;AP5M1;MPC1;MTFR1L;LGR5;TCIM;ZDHHC5;STARD13;SGSH;MEX3A;WWC2;CEMIP;SKI;KIAA1191;SMOC1;SLC38A2;CENPO;SLC2A10;NEDD8;ZNF691;CKS1B;JRKL;ERBB3;DLC1;ZCCHC9;LIN52;SUN2;NR5A1;TINAGL1;CCDC137;NOP53;PTOV1;RGPD5;CREB3L2;ASF1B;SNX13;IGFBP1;APOB;KATNIP;ERO1B;ANGPTL2;CCNA2;OFD1;TIMM17A;TFAP4;KAT14;PRSS8;UTP23;POMT2;TGFBR3;CCN2;NFIL3;WDTC1;SMPD1;CFAP97;TAPBPL;TNFRSF19;NEO1;PEX12;SLCO4A1;HDAC5;LOX;PAQR9;PLEKHB1;PLEKHG5;ZBTB17,31.07.2025
SRB-0001024,,AJ,v2,SRB-0001024-001,SERAC,FBXO31,HepG2,WildType,24,10,Plate50_Pw6,1,2,Low (2-10),CYP1A1;KHK,02.09.2025
SRB-0001023,,AJ,v2,SRB-0001023-001,SERAC,FBXO31,HepG2,WildType,24,10,Plate79_Pw14,1,0,Silent,,13.10.2025
SRB-0001022,,AJ,v2,SRB-0001022-001,SERAC,FBXO31,HepG2,WildType,24,10,Plate51_Pw7,1,1,Single (1),CRACR2B,28.07.2025
SRB-0001021,,AJ,v2,,,,,,,,,,,,,
SRB-0001020,,AJ,v2,SRB-0001020-001,SERAC,FBXO31,HepG2,WildType,24,10,Pw139,1,1,Single (1),CHKB,19.05.2026
SRB-0001019,,AJ,v2,,,,,,,,,,,,,
SRB-0001018,,AJ,v2,,,,,,,,,,,,,
SRB-0001009,,AJ,v2,SRB-0001009-001,SERAC,FBXO31,HepG2,WildType,24,10,Plate51_Pw7,1,1,Single (1),TMEM127,28.07.2025
SRB-0001009,,AJ,v2,,,,,,,,,,,,,
SRB-0001002,,AJ,v2,SRB-0001002-001,SERAC,FBXO31,HepG2,WildType,24,10,Pw102,1,1,Single (1),PIGL,19.05.2026
SRB-0001001,,AJ,v2,SRB-0001001-001,SERAC,FBXO31,HepG2,WildType,24,10,Plate100_Pw35,1,1,Single (1),PPM1J,16.04.2026
SRB-0001000,,AJ,v2,SRB-0001000-001,SERAC,FBXO31,HepG2,WildType,24,10,Plate47_Pw3,1,0,Silent,,15.07.2025
SRB-0000988,,AJ,v2,SRB-0000988-001,SERAC,FBXO31,HepG2,WildType,24,10,Plate79_Pw14,1,0,Silent,,13.10.2025
SRB-0000987,,AJ,v2,,,,,,,,,,,,,
SRB-0000960,,AJ,v2,,,,,,,,,,,,,
SRB-0000959,,AJ,v2,,,,,,,,,,,,,
SRB-0000958,,AJ,v2,,,,,,,,,,,,,
SRB-0000950,,AJ,v2,,,,,,,,,,,,,
SRB-0000944,,AJ,v2,SRB-0000944-001,SERAC,FBXO31,HepG2,WildType,24,10,Plate48_Pw4,1,4,Low (2-10),OAS1;CYP1A1;IL17B;MOSPD1,15.08.2025
SRB-0000943,,AJ,v2,SRB-0000943-001,SERAC,FBXO31,HepG2,WildType,24,10,Plate100_Pw35,1,1,Single (1),MIEN1,16.04.2026
SRB-0000942,,AJ,v2,SRB-0000942-001,SERAC,FBXO31,HepG2,WildType,24,10,Pw147,1,5,Low (2-10),UBE2A;EEF1A2;FBXO42;FCHSD1;UNC45A,19.05.2026
SRB-0000941,,AJ,v2,SRB-0000941-001,SERAC,FBXO31,HepG2,WildType,24,10,Plate100_Pw35,1,1,Single (1),YIPF1,16.04.2026
SRB-0000940,,AJ,v2,SRB-0000940-001,SERAC,FBXO31,HepG2,WildType,24,10,Plate50_Pw6,1,2,Low (2-10),ITPKB;PCDH12,02.09.2025
SRB-0000939,,AJ,v2,SRB-0000939-001,SERAC,FBXO31,HepG2,WildType,24,10,Pw147,1,9,Low (2-10),LBHD2;UMAD1;SIVA1;STAU1;RARA;IFT22;SLC23A1;CA14;CEP83,19.05.2026
SRB-0000926,,AJ,v2,,,,,,,,,,,,,
SRB-0000925,,AJ,v2,SRB-0000925-001,SERAC,FBXO31,HepG2,WildType,24,10,Plate100_Pw35,1,2,Low (2-10),MMP14;R3HDM2,16.04.2026
SRB-0000924,,AJ,v2,,,,,,,,,,,,,
SRB-0000923,,AJ,v2,,,,,,,,,,,,,
SRB-0000906,,AJ,v2,SRB-0000906-001,SERAC,FBXO31,HepG2,WildType,24,10,Plate46_Pw2,1,3,Low (2-10),KCTD5;SNX24;SHBG,15.07.2025
SRB-0000905,,AJ,v2,SRB-0000905-001,SERAC,FBXO31,HepG2,WildType,24,10,Plate64_Pw10,1,1,Single (1),MAST2,11.09.2025
SRB-0000904,,AJ,v2,SRB-0000904-001,SERAC,FBXO31,HepG2,WildType,24,10,Pw79,1,2,Low (2-10),PTPRT;CYP1A1,15.04.2026
SRB-0000903,,AJ,v2,SRB-0000903-001,BMS,FBXO31,HepG2,WildType,24,10,Plate2,1,0,Silent,,31.07.2025
SRB-0000902,,AJ,v2,,,,,,,,,,,,,
SRB-0000901,,AJ,v2,SRB-0000901-001,BMS,FBXO31,HepG2,WildType,24,10,Plate2,1,0,Silent,,31.07.2025
SRB-0000900,,AJ,v2,,,,,,,,,,,,,
SRB-0000891,,AJ,v2,SRB-0000891-001,BMS,FBXO31,HepG2,WildType,24,10,Plate2,1,5,Low (2-10),CDC42BPA;SUCO;NR2C2;CD58;DUSP19,31.07.2025
SRB-0000889,,AJ,v2,,,,,,,,,,,,,
SRB-0000879,,AJ,v2,SRB-0000879-001,SERAC,FBXO31,HepG2,WildType,24,10,Plate100_Pw35,1,3,Low (2-10),ICAM2;KCNJ10;PPP1R14A,16.04.2026
SRB-0000876,,AJ,v2,,,,,,,,,,,,,
SRB-0000871,,AJ,v2,SRB-0000871-001,SERAC,FBXO31,HepG2,WildType,24,10,Pw85,1,6,Low (2-10),GLOD5;MICA;TMEM164;GPATCH2L;FEZ2;FZD4,19.05.2026
SRB-0000868,,AJ,v2,,,,,,,,,,,,,
SRB-0000867,,AJ,v2,,,,,,,,,,,,,
SRB-0000866,,AJ,v2,,,,,,,,,,,,,
SRB-0000859,,AJ,v2,,,,,,,,,,,,,
SRB-0000852,,AJ,v2,,,,,,,,,,,,,
SRB-0000851,,AJ,v2,,,,,,,,,,,,,
SRB-0000849,,AJ,v2,,,,,,,,,,,,,
SRB-0000847,,AJ,v2,,,,,,,,,,,,,
SRB-0000840,,AJ,v2,SRB-0000840-001,SERAC,FBXO31,HepG2,WildType,24,10,Pw83,1,0,Silent,,19.05.2026
SRB-0000838,,AJ,v2,,,,,,,,,,,,,
SRB-0000836,,AJ,v2,SRB-0000836-001,SERAC,FBXO31,HepG2,WildType,24,10,Plate48_Pw4,1,4,Low (2-10),C6orf136;SWSAP1,15.08.2025
SRB-0000836,,AJ,v2,SRB-0000836-002,BMS,FBXO31,HepG2,WildType,24,10,Plate1,1,0,Silent,,31.07.2025
SRB-0000833,,AJ,v2,SRB-0000833-001,BMS,FBXO31,HepG2,WildType,24,10,Plate2,1,1,Single (1),SENP7,31.07.2025
SRB-0000832,,AJ,v2,SRB-0000832-001,SERAC,FBXO31,HepG2,WildType,24,10,Pw42_NOT_FAIMS,1,1,Single (1),USP21,16.04.2026
SRB-0000832,,AJ,v2,SRB-0000832-001,BMS,FBXO31,HepG2,WildType,24,10,Plate2,1,12,Medium (11-25),FILIP1L;MON1B;XPA;TMEM14C;TOR4A;RAD51D;UBN2;ETNK1;DGUOK;SLC43A2;BPGM;USP30,31.07.2025
SRB-0000831,,AJ,v2,,,,,,,,,,,,,
SRB-0000830,,AJ,v2,SRB-0000830-001,SERAC,FBXO31,HepG2,WildType,24,10,Plate100_Pw35,1,1,Single (1),ZNF101,16.04.2026
SRB-0000827,,AJ,v2,,,,,,,,,,,,,
SRB-0000825,,AJ,v2,SRB-0000825-001,SERAC,FBXO31,HepG2,WildType,24,10,Pw120,1,1,Single (1),YAE1,19.05.2026
SRB-0000824,,AJ,v2,SRB-0000824-001,SERAC,FBXO31,HepG2,WildType,24,10,Pw98,1,0,Silent,,19.05.2026
SRB-0000822,,AJ,v2,SRB-0000822-001,BMS,FBXO31,HepG2,WildType,24,10,Plate2,1,1,Single (1),TOR4A,31.07.2025
SRB-0000819,,AJ,v2,SRB-0000819-001,BMS,FBXO31,HepG2,WildType,24,10,Plate2,1,0,Silent,,31.07.2025
SRB-0000818,,AJ,v2,SRB-0000818-001,BMS,FBXO31,HepG2,WildType,24,10,Plate2,1,8,Low (2-10),BCAP31;WDR73;RAB6D;SELENOH;NUCKS1;DHTKD1;SUMO2;COX6A1,31.07.2025
SRB-0000817,,AJ,v2,SRB-0000817-001,SERAC,FBXO31,HepG2,WildType,24,10,Plate100_Pw35,1,2,Low (2-10),MYH10;UBAC1,16.04.2026
SRB-0000816,,AJ,v2,,,,,,,,,,,,,
SRB-0000808,,AJ,v2,SRB-0000808-001,SERAC,FBXO31,HepG2,WildType,24,10,Plate14,1,0,Silent,,27.04.2025
SRB-0000807,,AJ,v2,,,,,,,,,,,,,
SRB-0000805,,AJ,v2,SRB-0000805-001,SERAC,FBXO31,HepG2,WildType,24,10,Plate14,1,1,Single (1),IGFBP4,27.04.2025
SRB-0000805,,AJ,v2,SRB-0000805-001,BMS,FBXO31,HepG2,WildType,24,10,Plate2,1,1,Single (1),PCTP,31.07.2025
SRB-0000804,,AJ,v2,SRB-0000804-001,BMS,FBXO31,HepG2,WildType,24,10,Plate2,1,0,Silent,,31.07.2025
SRB-0000794,,AJ,v2,SRB-0000794-001,BMS,FBXO31,HepG2,WildType,24,10,Plate2,1,16,Medium (11-25),MARCHF5;C15orf39;SLC43A2;ARID4A;PDCD2L;SELENOI;MICOS13;BTD;USP30;RBSN;RAD9A;SEMA6A;TSPYL4;TMEM87B;TMEM129;MICU1,31.07.2025
SRB-0000793,,AJ,v2,SRB-0000793-001,BMS,FBXO31,HepG2,WildType,24,10,Plate2,1,0,Silent,,31.07.2025
SRB-0000792,,AJ,v2,SRB-0000792-001,SERAC,FBXO31,HepG2,WildType,24,10,Plate8,1,0,Silent,,04.03.2025
SRB-0000791,,AJ,v2,SRB-0000791-001,BMS,FBXO31,HepG2,WildType,24,10,Plate2,1,1,Single (1),MAGEF1,31.07.2025
SRB-0000790,,AJ,v2,SRB-0000790-001,SERAC,FBXO31,HepG2,WildType,24,10,Plate6,1,24,Medium (11-25),IGBP1C;ZFTA;SIVA1;DSCAM;AOC1;EPHA1;FUT4;TLX1;DNASE1L1;CYP2J2;TLE3;AKIRIN2;DEPDC1;TMPRSS9;WDR53;ERO1B;DOCK3;FBXL14;MCPH1;NEIL3;LYST;TOR3A;ZNRF3;SLC8A2,28.02.2025
SRB-0000789,,AJ,v2,SRB-0000789-001,BMS,FBXO31,HepG2,WildType,24,10,Plate2,1,1,Single (1),RPL29,31.07.2025
SRB-0000788,,AJ,v2,SRB-0000788-001,BMS,FBXO31,HepG2,WildType,24,10,Plate2,1,3,Low (2-10),SENP7;NKIRAS1;SUMO2,31.07.2025
SRB-0000787,,AJ,v2,SRB-0000787-001,SERAC,FBXO31,HepG2,WildType,24,10,Plate14,1,0,Silent,,27.04.2025
SRB-0000786,,AJ,v2,SRB-0000786-001,BMS,FBXO31,HepG2,WildType,24,10,Plate2,1,0,Silent,,31.07.2025
SRB-0000785,,AJ,v2,,,,,,,,,,,,,
SRB-0000784,,AJ,v2,SRB-0000784-001,SERAC,FBXO31,HepG2,WildType,24,10,Plate14,1,369,High (>25),RBM47;BDP1;GLTPD2;EPOP;CASTOR2;HIGD1C;EEF2K;BTN3A3;KRIT1;EBAG9;NME4;COPE;CDC42EP2;TOR1B;MRAS;LSM1;UBD;NDUFA1;POLR3G;PDPK1;COCH;RAD51C;RNF13;TIMM8A;BNIP3L;FADS1;STX10;SELENOF;CUTA;KDM4A;RTN2;USP12;TULP3;LGR5;HSBP1;TADA3;GCAT;TUSC2;PRKD3;ZWINT;ATG7;MED26;CLIC3;OAS1;MYC;LRG1;AFP;MT-ND2;PROC;TUBB4A;LGALS2;BPGM;SERPINA6;CHTF8;SULT1A3;SULT1A4;CKB;ARSA;GSTM3;EPHA1;TGM1;NFYA;MST1;PCSK6;TYK2;SERPINA4;GCH1;INPP5B;TCF7;ACVR1B;POLR2I;LIPA;VHL;ARL1;ETV6;UBA7;EIF1;CDKN2A;GRK6;PTPN9;MAPK8;SLC11A2;CDK8;INPP1;UBE2A;CEBPA;VPS41;MMP15;CLCN6;VAMP7;DAPK1;PGGT1B;TMBIM6;MFAP3;NAP1L1;CASP9;FOXA1;FCGRT;POLE2;RIPK4;SEC61G;PTEN;NCS1;SLC35A2;CX3CL1;BLOC1S1;ATP11A;OCRL;HHEX;TGFBR3;RAD51;C1QBP;ABHD18;COX10;IFRD2;TRIM26;PTP4A2;BNIP2;BNIP3;TRIM32;KCNAB2;ITPK1;DYRK1A;ALKBH1;TFDP1;GAMT;PCLAF;ARHGEF6;NECTIN1;RALBP1;NR6A1;ETFDH;IGFBP7;SNAPC1;MEA1;TAFAZZIN;LAMA3;CA9;MICB;C2orf68;DPY19L1;TYSND1;PGGHG;ADCK5;ALDH1L2;MGAT5B;FUT11;CRY2;CRTC2;ANKRD39;INTS6L;FGD3;TOR2A;EOGT;MANEA;TPRG1L;THEM4;GORAB;LIN9;OBSCN;CARMIL1;MBLAC2;TTC19;ETFRF1;HMBOX1;REEP3;TTI2;LETMD1;DUS1L;INTS5;RHBDF2;BRWD3;ATRAID;PET117;LCN15;CERS6;ZNF813;MMS22L;RBPMS2;PIK3AP1;TOM1L2;CREB3L2;FRA10AC1;CYB5R4;CHST15;GLRX5;SMIM29;PACS2;AMZ2;ERICH1;PTRH1;ECHDC2;APOBEC3F;GLYCTK;ITPRIP;SLF2;NELFCD;MSRB3;GSPT2;ZZZ3;GRAMD1C;SCYL3;ASPM;SVBP;FGFRL1;BPIFB2;ZC3H8;ACBD7;SLC25A29;RLIG1;ZNF579;GATD1;ATP11C;MTMR14;ZNRF1;CCNY;DIPK2A;FLCN;RPLP0P6;COP1;MCFD2;PPTC7;RP9;CEP76;CXorf38;ZNF507;ELP5;PYROXD1;CHURC1;RNF138;UBE2Q2;TSEN15;IFT81;RFFL;WASF1;PMM1;RBPMS;SECISBP2L;POP5;FBXW5;SLC25A46;ISG20;NACC2;TADA1;CENPT;FBXO17;THAP11;GNPNAT1;ADAT3;MISP3;SCLY;PLEKHA8;LOXL4;ZNF668;SENP8;TMEM68;DLC1;FIZ1;LGMN;MTERF1;C7orf25;PAIP2;KLHDC3;GORASP1;CLSTN3;VPS25;MXRA8;LZTS2;PYGO2;GINS4;HERPUD2;TSEN34;MED10;TTPAL;DOHH;SPINDOC;ALG12;C1orf50;TMED9;HIGD2A;YIPF2;BRIP1;GON7;KDM5D;FRMD8;SEMA4C;SELENOI;CEP44;ARHGAP39;TWSG1;KLHL25;XYLT2;TMX4;RWDD1;GOLPH3L;POMK;STEEP1;PCNX3;CIAO3;TMEM185B;MVB12B;MANSC1;EVA1A;MOB1A;VPS37B;DBNDD1;IFT122;SPC25;SINHCAF;MID1IP1;ENY2;CD320;SEMA4B;ZC4H2;TCIM;TNFRSF19;C19orf12;MAN2C1;TBC1D22B;BLOC1S4;TYW1;FAIM;GID8;GFOD1;ZDHHC7;FBXL12;GDAP2;ANKRD10;ING3;ARL15;FKBP11;GLTP;MRPL35;NUDT4;PSMC3IP;NCDN;CPNE7;LAMTOR3;UBQLN2;PCSK1N;GTF2IRD1;NARF;MAD2L2;GNPTG;TSR3;VPS28;FBXO3;ACSL6;CES1P1;ANKRD50;NFU1;ABCG2;TFR2;MAPRE3;FOXA2;RXYLT1;MAN2B2;TMEM98;SNX24;IFT52;TPRKB;MRPS18C;NAALAD2;WDR45;PLXND1;MMACHC;ARIH1;IER3IP1;SNX11;MRFAP1,27.04.2025
SRB-0000783,,AJ,v2,SRB-0000783-001,BMS,FBXO31,HepG2,WildType,24,10,Plate2,1,1,Single (1),DCBLD2,31.07.2025
SRB-0000782,,AJ,v2,SRB-0000782-001,SERAC,FBXO31,HepG2,WildType,24,10,Plate14,1,239,High (>25),PEDS1;GLTPD2;EEF2K;BTN3A3;NME4;PIK3C2B;SCD;APOL1;CTDSPL;UBD;PPM1D;SIVA1;CCP110;KDELR3;BNIP3L;KATNIP;FADS1;OBSL1;NPHP4;KDM4A;E2F6;GMNN;ZNF189;KDM4B;SLCO2B1;CLSTN1;ZWINT;APOM;NPTXR;PPP1R3D;CLDN1;CLIC3;FADS2;DHFR;CP;SERPINA1;IGF2;APOC3;LRG1;TTR;ALB;AFP;A1BG;ITGB2;SERPINA5;SERPINA6;SERPINF2;HMOX1;FURIN;ATXN1L;GM2A;EFNA1;LOX;MSX1;PCSK6;TYK2;VHL;UBA7;SLC1A2;PTPN9;CEBPA;CEBPD;TNFSF10;TOB1;RAB28;DAPK1;PGGT1B;PLTP;MFAP3;LAMB2;ATP5MF;FAM3B;SEC61G;TBPL1;PITX1;CX3CL1;RASSF7;HHEX;MBTD1;RAD51;TLE5;ABHD18;HYAL1;TRIM26;BNIP3;UNC119;NCOA4;FASTK;HES1;MELK;CUL7;PCLAF;ACAP1;IGFBP7;MAP3K11;HIF1A;PFKFB4;TMEM132A;TYSND1;ZNF260;PLCH1;ANKRD39;ESCO2;DGKK;MFSD4B;STEAP3;SP5;VASN;ZNF770;PSRC1;KLHDC10;LCN15;ARSK;AEBP2;FRRS1;SLCO4C1;CREB3L2;MCM10;GPRIN1;TTC21B;KCTD20;UBE3D;SERPINA11;SAPCD2;NAA40;LRP11;FRAS1;APOBEC3F;ADGRA3;CUL9;RDH10;ZNF444;ADSS1;FGFRL1;BPIFB2;ZC3H8;RFLNB;RLIG1;ZNF579;PCSK9;SIMC1;CHST13;ZMIZ2;TET1;FBH1;VANGL1;DYNC2LI1;CD99L2;SLC16A10;ABHD3;SLC13A3;METTL21A;PTPRU;PMM1;HPS1;ZKSCAN4;ZNF689;RMI2;NUS1;FBXO17;THAP11;CEP95;PRR11;METTL2A;PLEKHA8;MAGED4;L3MBTL3;LRR1;UHRF1;PLIN2;CDC6;CITED2;RARRES2;C7orf25;PAIP2;KLHDC3;LPIN3;CENPK;SPINDOC;CCDC106;BRIP1;JAM3;KDM5D;TRIM5;FAM117A;ZCCHC2;ARHGAP39;TINAGL1;DERL2;TWSG1;CDT1;SEMA6B;LIME1;NSUN3;CIAO3;ANTXR1;METTL17;YY1AP1;ZNF395;MOB1A;AKIRIN1;CLSPN;MAGEF1;PLEKHA2;IFT122;TNS1;NEK6;MID1IP1;SEMA4B;ZNF331;SLC2A4RG;HELLS;DIAPH3;PCMTD2;GFOD1;SELENON;FAM135A;WRAP73;PSMC3IP;CPNE7;IFT172;KDM5B;PCSK1N;SFMBT1;NARF;MCM8;ZNF580;FBXO9;FBXO5;ABCG2;CYP8B1;PLAGL2;KLHDC2;R3HCC1;RWDD3;MMACHC;MAGED1;SNX10;ATP23,27.04.2025
SRB-0000782,,AJ,v2,SRB-0000782-001,BMS,FBXO31,HepG2,WildType,24,10,Plate2,1,152,High (>25),FGA;PTK7;VASN;CSTF1;FRG1;SKP2;FAT1;P4HA2;YY1;FAM8A1;PLOD2;NCAPH2;NTPCR;PEG10;WDR41;BORCS7;FN1;AMBP;DHCR7;LAMB2;TAF7;SH3D19;APOBEC3C;CHAF1A;POLL;PFKFB4;CMIP;RBM33;GIT1;KDM5C;AHNAK;TBCEL;B3GNTL1;DGKK;COQ3;ERBB3;FOXK2;UBE2F;LSM12;RAB42;MBOAT7;FADS2;AMFR;TRA2B;FAM162A;HMG20A;MARCHF6;AMDHD1;MON1B;AIDA;TK1;EEF2K;NDC80;GZF1;TANK;RNF13;ANKRD40;PEX13;LYN;TMEM37;USP40;CROT;NFIL3;APOM;KANSL3;CTBS;H1-0;MORF4L2;TMEM14C;CD74;NFKBIA;GRB7;POP7;FOXA2;CDH2;SCD;FLCN;ITM2C;CRBN;RNF169;NPC2;ZC3H3;TNS1;RBM3;TCF3;TTC7A;HSD11B2;MICOS13;SAMD1;AKAP7;BET1;INIP;SLCO4C1;RAB11FIP3;FBXW2;TSTD2;SLC1A4;HDAC5;DHFR;PCLAF;SYNE1;PERP;TSPAN3;TXNIP;SS18L2;FBXO9;PKIG;RPL37A;SESN1;LMBRD1;PDCD2L;ZKSCAN1;NFKBIB;GPBP1;AGTRAP;MRPS12;FILIP1L;APTX;GTF3C6;TMEM129;POLE3;PTPRM;ASF1B;RPE;TMEM59;MOB3A;PRR11;NDFIP1;TMUB2;TMEM94;FXYD2;MKNK1;UBE2B;TOR4A;CHRAC1;METTL25;C2orf76;GEN1;SMIM15;PSRC1;ABHD18;GCHFR;RPP21;MTG2;SUSD2;BNIP3L;LOX;MFGE8;VLDLR;ZBTB2;H3C15;PCDHB9,31.07.2025
SRB-0000781,,AJ,v2,,,,,,,,,,,,,
SRB-0000780,,AJ,v2,SRB-0000780-001,SERAC,FBXO31,HepG2,WildType,24,10,Plate8,1,3,Low (2-10),UNC50;SLC38A7;KDELR1,04.03.2025
SRB-0000779,,AJ,v2,,,,,,,,,,,,,
SRB-0000778,,AJ,v2,SRB-0000778-001,SERAC,FBXO31,HepG2,WildType,24,10,Plate14,1,11,Medium (11-25),BNIP3L;PKHD1;LOX;TTK;BNIP3;SVBP;PIWIL2;CRB3;AMN;ARHGAP39;DTL,27.04.2025
SRB-0000778,,AJ,v2,SRB-0000778-001,BMS,FBXO31,HepG2,WildType,24,10,Plate2,1,33,High (>25),ADNP;IFIT5;AMBP;AKT1S1;POP4;ERCC6;KDM4A;SLC38A2;ERBB3;ING5;ZNF362;LOX;GEN1;APOBEC3C;MED16;PLEKHA8;ZNF787;MBNL2;ASF1B;ZC3H3;SCNM1;NDST2;TXNIP;TOR4A;LRRC14;PKIG;BPGM;ABHD14A;CPTP;H3C1;GRB10;USP12;SMIM15,31.07.2025
SRB-0000777,,AJ,v2,SRB-0000777-001,BMS,FBXO31,HepG2,WildType,24,10,Plate2,1,1,Single (1),COX8A,31.07.2025
SRB-0000776,,AJ,v2,,,,,,,,,,,,,
SRB-0000775,,AJ,v2,SRB-0000775-001,BMS,FBXO31,HepG2,WildType,24,10,Plate2,1,7,Low (2-10),USP30;BNIP3L;CNOT4;NACA4P;SESN1;KATNIP;UBE2Q2,31.07.2025
SRB-0000774,,AJ,v2,SRB-0000774-001,SERAC,FBXO31,HepG2,WildType,24,10,Plate14,1,0,Silent,,27.04.2025
SRB-0000773,,AJ,v2,SRB-0000773-001,SERAC,FBXO31,HepG2,WildType,24,10,Pw152,1,1,Single (1),TNFRSF1A,19.05.2026
SRB-0000772,,AJ,v2,SRB-0000772-001,SERAC,FBXO31,HepG2,WildType,24,10,Plate14,1,0,Silent,,27.04.2025
SRB-0000771,,AJ,v2,SRB-0000771-001,SERAC,FBXO31,HepG2,WildType,24,10,Plate14,1,0,Silent,,27.04.2025
SRB-0000766,,AJ,v2,SRB-0000766-001,SERAC,FBXO31,HepG2,WildType,24,10,Plate14,1,0,Silent,,27.04.2025
SRB-0000765,,AJ,v2,SRB-0000765-001,BMS,FBXO31,HepG2,WildType,24,10,Plate2,1,0,Silent,,31.07.2025
SRB-0000764,,AJ,v2,SRB-0000764-001,SERAC,FBXO31,HepG2,WildType,24,10,Plate14,1,0,Silent,,27.04.2025
SRB-0000755,,AJ,v2,SRB-0000755-001,BMS,FBXO31,HepG2,WildType,24,10,Plate2,1,1,Single (1),NFKBIA,31.07.2025
SRB-0000754,,AJ,v2,,,,,,,,,,,,,
SRB-0000753,,AJ,v2,SRB-0000753-001,BMS,FBXO31,HepG2,WildType,24,10,Plate2,1,0,Silent,,31.07.2025
SRB-0000752,,AJ,v2,,,,,,,,,,,,,
SRB-0000751,,AJ,v2,SRB-0000751-001,BMS,FBXO31,HepG2,WildType,24,10,Plate2,1,2,Low (2-10),PRKACB;CNST,31.07.2025
SRB-0000750,,AJ,v2,,,,,,,,,,,,,
SRB-0000749,,AJ,v2,,,,,,,,,,,,,
SRB-0000748,,AJ,v2,,,,,,,,,,,,,
SRB-0000747,,AJ,v2,,,,,,,,,,,,,
SRB-0000746,,AJ,v2,,,,,,,,,,,,,
SRB-0000745,,AJ,v2,,,,,,,,,,,,,
SRB-0000744,,AJ,v2,,,,,,,,,,,,,
SRB-0000743,,AJ,v2,,,,,,,,,,,,,
SRB-0000742,,AJ,v2,,,,,,,,,,,,,
SRB-0000741,,AJ,v2,SRB-0000741-001,SERAC,FBXO31,HepG2,WildType,24,10,Pw152,1,1,Single (1),MSANTD2,19.05.2026
SRB-0000740,,AJ,v2,SRB-0000740-001,SERAC,FBXO31,HepG2,WildType,24,10,Pw77,1,3,Low (2-10),RGS10;CYP1A1;PDE3A,13.04.2026
SRB-0000739,,AJ,v2,SRB-0000739-001,SERAC,FBXO31,HepG2,WildType,24,10,Plate81_Pw17,1,1,Single (1),SLC16A6,02.10.2025
SRB-0000738,,AJ,v2,SRB-0000738-001,SERAC,FBXO31,HepG2,WildType,24,10,Pw88,1,0,Silent,,19.05.2026
SRB-0000737,,AJ,v2,SRB-0000737-001,SERAC,FBXO31,HepG2,WildType,24,10,Pw139,1,5,Low (2-10),SUMO2;SNAPC2;SIAH1;MPLKIP;BOLA1,19.05.2026
SRB-0000736,,AJ,v2,,,,,,,,,,,,,
SRB-0000735,,AJ,v2,SRB-0000735-001,SERAC,FBXO31,HepG2,WildType,24,10,Plate14,1,0,Silent,,27.04.2025
SRB-0000734,,AJ,v2,SRB-0000734-001,SERAC,FBXO31,HepG2,WildType,24,10,Plate6,1,383,High (>25),PEDS1;SLC22A31;ZFTA;EEF2K;VWA5A;SCD;TRDMT1;CHEK1;APOL1;TSPAN4;PHYH;UBD;SIVA1;SOX12;SOCS1;PJA2;B4GALT5;COCH;SSNA1;BNIP3L;PHLPP1;FADS1;DSCAM;CTSV;OBSL1;KDM4A;SMIM24;CDH16;LGR5;DEDD;RNF8;USP1;RHOBTB1;KDM4B;RHOBTB3;SLCO2B1;APOM;NPTXR;PPP1R3D;ANGPTL1;FADS2;DHFR;PAH;SERPINA1;AGT;A2M;C3;APOA1;FGA;LRG1;FN1;AHSG;TTR;ALB;AFP;HMGCR;A1BG;SERPINA5;LGALS2;SERPINA7;GJB1;SERPINA6;SERPINF2;ABHD2;HBQ1;SPARC;HMOX1;PDGFRB;IFIT1;FURIN;GLI4;CYP19A1;SKI;IL1R1;GLUL;TCF3;MX2;NF1;EPHA1;FUT4;FGFR3;CPN2;PROZ;MMP11;CCND1;MPZ;LOX;MSX1;GRN;PCSK6;SERPINA4;CDC25B;PRKAR1B;RNASE4;GRK5;TCF7;FDFT1;IL6ST;VHL;EIF1;LIFR;GRK6;SLC6A9;CEBPA;CEBPD;RAB28;DNA2;BRCA2;NEK2;SLC7A2;STAT2;DAPK1;RCAN1;MFAP3;INHBC;LAMB2;FAM3B;CX3CL1;PRR3;ZNF200;HMGCS1;HHEX;TYRO3;ACTN3;DMWD;IFFO1;ST3GAL4;HYAL1;PNRC1;EFEMP1;TRIM26;BNIP3;PTPRS;NCOA4;NEDD9;MXD4;ZNF268;MELK;CUL7;SNX17;SLC39A14;NR6A1;SPA17;ZNF174;MSMO1;PDCD2;HIF1A;DGKD;CA9;TMEM132A;RFX7;FAM161A;CRY2;CDON;GREB1;AKIRIN2;SPIN4;ESCO2;TMEM67;EFHC1;DGKK;SLC10A5;CERCAM;TSTD2;RNF187;MEX3C;TNS2;STEAP3;GLT8D1;RPGRIP1L;SP5;VASN;ISM2;ZNF770;TRNP1;ACSM5;TCTN3;NOTUM;VWA1;PSRC1;KLHDC10;DCLRE1A;APOA5;FAM111B;IL27RA;LCN15;SLCO4C1;TPGS1;CREB3L2;B4GALNT4;RTL10;BEND5;RAB11FIP2;CXXC5;CHST15;PRXL2C;TTC21B;WDR53;KCTD20;ZER1;MEGF8;PEG10;SAPCD2;OAF;NAA40;LRP11;PAQR7;IFT70A;RNF130;FRAS1;ZGRF1;PTOV1;RAB11FIP4;SLC13A5;KLB;SLC22A9;FOXRED2;FAM20C;TCEAL8;SIX5;FBXL14;BPIFB2;SLC44A3;EID2;NPW;SLC25A29;NAT8L;THAP8;PCSK9;CHST14;MSANTD4;ZNRF1;CHST13;BBS1;STEAP2;IPMK;TET1;ZNF563;NEIL3;ABHD4;METTL6;CERK;DNAH5;MORC4;DOK4;GDPD5;ZFAND2B;LMBR1;SLC13A3;TMEM37;ZCCHC14;PTPRU;PMM1;GATA6;SLC38A4;RILPL2;ADIPOR1;LRRC58;STARD4;ARHGEF26;RMI2;THAP11;RMND5B;CEP95;C1orf159;COA8;PLEKHA8;MAGED4;CCDC138;COQ10A;FAM20A;TSNARE1;DEPDC7;NR1H4;BBS4;TIMM17A;NPAS2;EPAS1;CITED2;RARRES2;PAIP2;MXRA8;SDF4;ALKBH7;ZSCAN5A;RSRP1;ZNF747;CYREN;CDCA7;BRIP1;PLA2G12B;LGR4;BBS2;AMN;SHANK3;IFIH1;ZCCHC2;ARHGAP39;STRADB;PEG3;SIK2;CDT1;CXCL16;MIXL1;TTYH1;GAL3ST2;KDM4C;SEMA6B;LIME1;TOR3A;ANTXR1;SPRING1;TTC12;C14orf93;AKIRIN1;MAGEF1;IFT122;MKNK2;KIAA1586;PLXNA4;PGAP6;CD248;CELSR2;MID1IP1;KMT5A;ITM2C;ZC4H2;ENTPD7;ASAH2;ARHGEF3;SLC2A4RG;CHST12;IL17RB;OLFML3;HELLS;TNFRSF19;FIRRM;PNPLA3;DEPP1;PCMTD2;TBCCD1;ANKRD10;STMN3;GRHL1;ZNF224;BFAR;PLEKHB1;CIDEB;STEAP1;PCSK1N;SLC23A1;NARF;RWDD2A;TSPYL4;TSR3;TUBD1;ZNF580;FBXO9;AKAP11;FBXO5;VAV3;MYH2;SUFU;PCDHGB4;ANGEL1;TFR2;PLAGL2;B9D1;RNF6;PRELID1;PKIG;KLHDC2;COQ4;PRELID3B;PCDHGB1;PHLDA3;MAGED1;SNX10;CSAD;MRFAP1;RFNG;SNURF;SESN1,28.02.2025
SRB-0000733,,AJ,v2,,,,,,,,,,,,,
SRB-0000732,,AJ,v2,SRB-0000732-001,SERAC,FBXO31,HepG2,WildType,24,10,Pw77,1,2,Low (2-10),CYP1A1;CTBS,13.04.2026
SRB-0000731,,AJ,v2,SRB-0000731-001,SERAC,FBXO31,HepG2,WildType,24,10,Pw87,1,2,Low (2-10),SLC5A3;PEG10,19.05.2026
SRB-0000730,,AJ,v2,SRB-0000730-001,SERAC,FBXO31,HepG2,WildType,24,10,Pw139,1,14,Medium (11-25),TOX3;TSPAN13;C9;TFE3;ABCB4;NEK4;LMBRD2;MEGF8;CITED2;ALDH8A1;TXNIP;ENTPD7;TM7SF3;CIDEB,19.05.2026
SRB-0000729,,AJ,v2,,,,,,,,,,,,,
SRB-0000728,,AJ,v2,SRB-0000728-001,BMS,FBXO31,HepG2,WildType,24,10,Plate2,1,25,Medium (11-25),FILIP1L;APOBEC3C;ZKSCAN1;ASMTL;SENP7;TOR4A;FAM172A;ANGEL2;NUCKS1;CYP4F12;TIMP1;ATXN1;SLC35A1;PXK;HEPACAM;POLR3K;IGHMBP2;C1RL;GBP1;ATXN1L;PHLPP1;DUSP19;METTL2A;GRB10;USP30,31.07.2025
SRB-0000727,,AJ,v2,SRB-0000727-001,SERAC,FBXO31,HepG2,WildType,24,10,Plate8,1,0,Silent,,04.03.2025
SRB-0000726,,AJ,v2,SRB-0000726-001,BMS,FBXO31,HepG2,WildType,24,10,Plate2,1,0,Silent,,31.07.2025
SRB-0000725,,AJ,v2,SRB-0000725-001,BMS,FBXO31,HepG2,WildType,24,10,Plate2,1,0,Silent,,31.07.2025
SRB-0000724,,AJ,v2,,,,,,,,,,,,,
SRB-0000723,,AJ,v2,SRB-0000723-001,BMS,FBXO31,HepG2,WildType,24,10,Plate2,1,0,Silent,,31.07.2025
SRB-0000722,,AJ,v2,SRB-0000722-001,BMS,FBXO31,HepG2,WildType,24,10,Plate2,1,59,High (>25),ETNK1;KDM4A;ZNF281;COQ3;SYNE2;OBSL1;KHK;EIF4EBP2;MMTAG2;MAPKAPK2;DUSP6;FOXO1;PAXX;FILIP1L;DHFR;PAPOLG;IFT81;ARHGAP29;BNIP3;PFDN4;BNIP3L;NR2C2;LAMB2;LOX;DHX32;DUSP19;CCNY;APOBEC3C;PDSS1;RMI1;UBN2;ZBTB14;MAGED4;ASF1B;PSEN1;TXNIP;PSMB9;TANK;ING5;ODF2;TOR4A;MOB3A;DDR1;SYNJ1;SERAC1;POLE3;NAALADL1;FBXO9;MLXIP;TASP1;GRK6;PCNX3;SLC7A11;TNFRSF19;PKIG;SLC35A1;BBS1;MSL1;ZNF524,31.07.2025
SRB-0000721,,AJ,v2,SRB-0000721-001,SERAC,FBXO31,HepG2,WildType,24,10,Plate6,1,46,High (>25),CNTNAP3C;CNTNAP3;ZFTA;UBD;SIVA1;BNIP3L;DEDD;PPP1R15A;ZNF12;LOX;CDC25B;DNA2;NEK2;INHBC;RAD51;BNIP3;SKP2;HIF1A;SPIN4;ESCO2;DEPDC1;FAAH2;SLC18B1;FAM111B;SYDE1;MCM10;USP37;ZNF589;FMNL3;TCEAL8;MCPH1;STEAP2;NEIL3;DNAH5;DEPDC1B;SYTL4;WDR90;SLC49A4;CITED2;BTBD10;TXNIP;CLSPN;SLC2A4RG;HELLS;PNPLA3;DTL;FBXO9,28.02.2025
SRB-0000720,,AJ,v2,,,,,,,,,,,,,
SRB-0000719,,AJ,v2,SRB-0000719-001,SERAC,FBXO31,HepG2,WildType,24,10,Pw141,1,1,Single (1),CSPP1,19.05.2026
SRB-0000718,,AJ,v2,SRB-0000718-001,BMS,FBXO31,HepG2,WildType,24,10,Plate2,1,4,Low (2-10),CYP4F12;AGPAT1;SIPA1L3;NDST2,31.07.2025
SRB-0000717,,AJ,v2,SRB-0000717-001,BMS,FBXO31,HepG2,WildType,24,10,Plate2,1,3,Low (2-10),TOR4A;RPL29;MAD2L2,31.07.2025
SRB-0000716,,AJ,v2,,,,,,,,,,,,,
SRB-0000715,,AJ,v2,SRB-0000715-001,BMS,FBXO31,HepG2,WildType,24,10,Plate2,1,1,Single (1),DCUN1D4,31.07.2025
SRB-0000714,,AJ,v2,SRB-0000714-001,SERAC,FBXO31,HepG2,WildType,24,10,Plate14,1,0,Silent,,27.04.2025
SRB-0000713,,AJ,v2,,,,,,,,,,,,,
SRB-0000713,,AJ,v2,SRB-0000713-002,SERAC,FBXO31,HepG2,WildType,24,10,Plate14,1,0,Silent,,27.04.2025
SRB-0000713,,AJ,v2,SRB-0000713-002,BMS,FBXO31,HepG2,WildType,24,10,Plate6,1,2,Low (2-10),TMEM129;NCOA7,31.07.2025
SRB-0000712,,AJ,v2,SRB-0000712-001,BMS,FBXO31,HepG2,WildType,24,10,Plate2,1,2,Low (2-10),COX8A;DGKE,31.07.2025
SRB-0000711,,AJ,v2,SRB-0000711-001,BMS,FBXO31,HepG2,WildType,24,10,Plate2,1,1,Single (1),ISM2,31.07.2025
SRB-0000710,,AJ,v2,,,,,,,,,,,,,
SRB-0000710,,AJ,v2,SRB-0000710-002,SERAC,FBXO31,HepG2,WildType,24,10,Plate50_Pw6,1,20,Medium (11-25),MYO1F;TSPAN3;MT-CO3;P4HA1;ZNF823;FST;OS9;PUM1;RHBDD2;EP400P1;C16orf62;WWC1;ABHD17A;SPON2;GGNBP2;PIEZO2;TTC12;C14orf93;FLRT3;STOML1,02.09.2025
SRB-0000709,,AJ,v2,SRB-0000709-001,BMS,FBXO31,HepG2,WildType,24,10,Plate2,1,3,Low (2-10),NBEA;BNIP3L;FADS1,31.07.2025
SRB-0000708,,AJ,v2,SRB-0000708-001,BMS,FBXO31,HepG2,WildType,24,10,Plate2,1,1,Single (1),TOR4A,31.07.2025
SRB-0000707,,AJ,v2,SRB-0000707-001,SERAC,FBXO31,HepG2,WildType,24,10,Plate6,1,339,High (>25),SLC22A31;SFI1;ZFTA;SGK1;BMAL1;EEF2K;SCD;RFXANK;TRDMT1;CHEK1;PHYH;UBD;SIVA1;SOX12;SOCS1;COCH;XRCC3;SSNA1;BNIP3L;PIP5K1C;MARCHF6;PHLPP1;FADS1;LRP4;OBSL1;KDM4A;CDH16;LGR5;DEDD;CREG1;SNAPC5;SLC22A5;RHOBTB1;DKK1;SLCO2B1;ZWINT;APOM;PPP1R3D;ANGPTL1;FADS2;DHFR;HPR;SERPINA1;AGT;APOA1;APOC3;AHSG;TTR;ALB;AFP;ANG;A1BG;LGALS2;SERPIND1;GJB1;SERPINA6;SERPINF2;HBQ1;HMOX1;PDGFRB;IFIT1;GLI4;SKI;IL1R1;TCF3;ZNF708;AOC1;MX2;BCL3;NF1;EPHA1;GPX3;PROZ;MMP11;CCND1;MPZ;LOX;MSX1;PCSK6;SERPINA4;CDC25B;RNASE4;GRK5;GRK3;SOX6;TCF7;IL6ST;EIF1;GRK6;SLC6A9;CEBPA;RAB28;DNA2;ZNF136;RCAN1;MFAP3;INHBC;LAMB2;CDKN2D;IRX3;CX3CL1;PRR3;HMGN5;HMGCS1;HHEX;GNA12;ACTN3;TLE5;CYP4F3;DMWD;PNRC1;TRIM26;BNIP3;SKP2;PTPRS;NCOA4;PDE7A;MXD4;ZNF268;MELK;NR6A1;SPA17;DIXDC1;MSMO1;SCN9A;CRY1;HIF1A;RTL8B;GEN1;TMEM132A;RFX7;BBS9;CDON;GREB1;AKIRIN2;ESCO2;ARSH;TMEM67;EFHC1;DGKK;CERCAM;TSTD2;DEPDC1;CEP162;MEX3C;TNS2;RPGRIP1L;SP5;VASN;ISM2;TRNP1;TCTN3;STEAP1B;TMEM53;VWA1;PSRC1;APOA5;FAM111B;LCN15;SLCO4C1;CREB3L2;B4GALNT4;RTL10;RAB11FIP2;CHST15;PRXL2C;TICRR;TTC21B;ZER1;MEGF8;PEG10;SAPCD2;RTN4RL2;ZNF589;LRP11;ZSWIM9;RNF130;FRAS1;ZGRF1;PTOV1;KLB;SLC22A9;ZDHHC21;FOXRED2;ADGRA3;FANCM;TCEAL8;SIX5;FBXL14;BPIFB2;MINDY1;EID2;ZNF709;THAP8;PCSK9;CHST14;MSANTD4;CHST13;STEAP2;IPMK;TET1;ZNF563;VANGL1;NEIL3;CERK;DNAH5;USP33;ZNF483;GDPD5;CYB5D2;SPIRE2;SLC13A3;TMEM37;PTPRU;PMM1;GATA6;SLC38A4;RILPL2;ADIPOR1;DHX58;SYTL4;LRRC58;STARD4;ARHGEF26;RMI2;THAP11;IL17RA;DDX11;RMND5B;ZNF274;BCAN;CPB2;ABCC11;LRIG1;MAGED4;ZBTB45;WDR90;COQ10A;FAM20A;ZSWIM3;FAM111A;ALKBH3;DEPDC7;NR1H4;TIMM17A;NPAS2;EPAS1;CITED2;PAIP2;MXRA8;ORAI3;CHCHD5;FAAP24;ZSCAN5A;RSRP1;ZNF747;CCDC106;CYREN;CDCA7;BBS2;AMN;ANGPTL4;RNF26;SHANK3;IFIH1;TRIM8;ZCCHC2;ARHGAP39;CDT1;CXCL16;MIXL1;TTYH1;GAL3ST2;LIME1;ST6GALNAC4;ZDHHC6;ANTXR1;SPRING1;NAA60;ZNF395;C14orf93;AKIRIN1;MAGEF1;MKNK2;TRIM39;CD248;CELSR2;MID1IP1;ENTPD7;ASAH2;SLC2A4RG;CHST12;IL17RB;OLFML3;STK36;HELLS;TNFRSF19;FIRRM;PNPLA3;PCMTD2;ASF1B;ANKRD10;PODXL2;GRHL1;ZSWIM5;DNAH1;IFT80;CC2D2A;TBC1D14;ONECUT1;SLC2A6;CIDEB;PCSK1N;SLC23A1;NARF;SCOC;TSPYL4;TSR3;ZNF580;FBXO9;AKAP11;FBXO5;VAV3;ZDHHC8;SUFU;PCDHGB4;B9D1;CEP164;EXO1;SLC27A5;KLHDC2;COQ4;PRELID3B;SALL2;MAGED1;SNX10;MRFAP1;RFNG;SNURF,28.02.2025
SRB-0000704,,AJ,v2,SRB-0000704-001,SERAC,FBXO31,HepG2,WildType,24,10,Plate14,1,0,Silent,,27.04.2025
SRB-0000702,,AJ,v2,SRB-0000702-001,SERAC,FBXO31,HepG2,WildType,24,10,Plate14,1,0,Silent,,27.04.2025
SRB-0000701,,AJ,v2,,,,,,,,,,,,,
SRB-0000700,,AJ,v2,,,,,,,,,,,,,
SRB-0000699,,AJ,v2,SRB-0000699-001,BMS,FBXO31,HepG2,WildType,24,10,Plate4,1,0,Silent,,31.07.2025
SRB-0000699,,AJ,v2,SRB-0000699-002,SERAC,FBXO31,HepG2,WildType,24,10,Pw51,1,1,Single (1),MDM2,23.04.2026
SRB-0000691,,AJ,v2,SRB-0000691-001,BMS,FBXO31,HepG2,WildType,24,10,Plate4,1,1,Single (1),H3C1,31.07.2025
SRB-0000688,,AJ,v2,,,,,,,,,,,,,
SRB-0000687,,AJ,v2,SRB-0000687-001,BMS,FBXO31,HepG2,WildType,24,10,Plate4,1,1,Single (1),PLSCR3,31.07.2025
SRB-0000686,,AJ,v2,SRB-0000686-001,SERAC,FBXO31,HepG2,WildType,24,10,Plate14,1,1,Single (1),DCUN1D5,27.04.2025
SRB-0000686,,AJ,v2,SRB-0000686-001,BMS,FBXO31,HepG2,WildType,24,10,Plate1,1,2,Low (2-10),MTHFSD;POTEI,31.07.2025
SRB-0000685,,AJ,v2,,,,,,,,,,,,,
SRB-0000684,,AJ,v2,,,,,,,,,,,,,
SRB-0000683,,AJ,v2,SRB-0000683-001,BMS,FBXO31,HepG2,WildType,24,10,Plate4,1,1,Single (1),GTF2A1,31.07.2025
SRB-0000682,,AJ,v2,,,,,,,,,,,,,
SRB-0000681,,AJ,v2,SRB-0000681-001,SERAC,FBXO31,HepG2,WildType,24,10,Plate14,1,1,Single (1),MLLT10,27.04.2025
SRB-0000680,,AJ,v2,,,,,,,,,,,,,
SRB-0000674,,AJ,v2,SRB-0000674-001,BMS,FBXO31,HepG2,WildType,24,10,Plate2,1,0,Silent,,31.07.2025
SRB-0000673,,AJ,v2,SRB-0000673-001,BMS,FBXO31,HepG2,WildType,24,10,Plate2,1,1,Single (1),PDCD2L,31.07.2025
SRB-0000672,,AJ,v2,SRB-0000672-001,SERAC,FBXO31,HepG2,WildType,24,10,Plate81_Pw17,1,1,Single (1),RAB3B,02.10.2025
SRB-0000671,,AJ,v2,SRB-0000671-001,BMS,FBXO31,HepG2,WildType,24,10,Plate2,1,2,Low (2-10),DHTKD1;C1RL,31.07.2025
SRB-0000670,,AJ,v2,SRB-0000670-001,SERAC,FBXO31,HepG2,WildType,24,10,Plate8,1,1,Single (1),SIAH2,04.03.2025
SRB-0000670,,AJ,v2,SRB-0000670-001,BMS,FBXO31,HepG2,WildType,24,10,Plate2,1,3,Low (2-10),CHAF1A;MNX1;C1RL,31.07.2025
SRB-0000669,,AJ,v2,SRB-0000669-001,SERAC,FBXO31,HepG2,WildType,24,10,Plate81_Pw17,1,0,Silent,,02.10.2025
SRB-0000668,,AJ,v2,SRB-0000668-001,SERAC,FBXO31,HepG2,WildType,24,10,Plate11,1,6,Low (2-10),RNF8;NDUFB2;CTDNEP1;IFI30;TCP11L2;SPPL2B,08.06.2025
SRB-0000667,,AJ,v2,SRB-0000667-001,SERAC,FBXO31,HepG2,WildType,24,10,Plate11,1,221,High (>25),SLC22A23;PEDS1;SAC3D1;C17orf100;EEF2K;SCD;CHEK1;APOL1;UBE2L6;UBD;SIVA1;SOX12;TOX3;SOCS1;PJA2;COCH;SGCE;BNIP3L;ONECUT3;FADS1;OBSL1;SLC22A3;TRAPPC6A;SNAPC5;USP1;ATG12;SLCO2B1;YIF1A;CTDNEP1;NPTXR;SFT2D2;ANGPTL1;FADS2;DHFR;CP;SERPINA1;AGT;APOC3;FGA;APOH;LRG1;AHSG;ALB;GJB1;SERPINA6;SERPINF2;HMOX1;TFPT;CISD3;SKI;TCF3;ZNF823;GM2A;EPHA1;FGFR3;PROZ;MMP11;ITPKB;LOX;PCSK6;HNF1B;ACVR1B;TNNI2;DNA2;NEK4;PLTP;MFAP3;LAMB2;DLX6;FAM3B;SLC35A2;BTN3A2;CX3CL1;HTD2;HHEX;RAD51;ACTN3;TLE5;CD47;IFFO1;TRIM26;BNIP3;SKP2;ADAM15;NCOA4;NFE2L1;MELK;PCLAF;DIXDC1;HIF1A;PFKFB3;KIAA0753;RFX7;INAVA;CRY2;KMT5B;TIGD2;MEX3C;TENT4A;RPGRIP1L;VASN;ZNF770;TRNP1;RPL22L1;VWA1;PSRC1;APOA5;PET117;LCN15;TMEM64;SLC39A5;CREB3L2;ZNF771;CXXC5;TICRR;ZER1;SERPINA11;SAPCD2;OAF;ZNF589;NAA40;LRP11;IFT70A;PTOV1;RAB11FIP4;PLD3;ZSCAN29;FAM200C;ZDHHC14;SIX5;BPIFB2;DTWD1;NAT8L;KDM1B;PCSK9;CHST14;TTC21A;CHST13;TET1;ZNF563;METTL6;CERK;FNIP1;RNF138;C4orf3;SLC13A3;GEMIN6;TMEM37;ZCCHC14;PTPRU;PMM1;SNX21;RILPL2;CLUAP1;LRRC58;PELI1;CALML4;LRIG1;MAGED4;COQ10A;ZSWIM3;FAM111A;NR1H4;RGPD5;EPAS1;PAIP2;KLHDC3;PRADC1;ZSCAN5A;ZNF747;ELOVL1;CDCA7;BRIP1;BTBD2;AMN;LRRC3;IFIH1;FAM117A;ZCCHC2;TTYH3;CDT1;MIXL1;SEMA6B;ANTXR1;ZNF395;MAGEF1;SENP2;SDHAF3;DUSP22;HELLS;DEPP1;PCMTD2;TMEM51;ANKRD10;PODXL2;STMN3;C1RL;FNIP2;TBC1D14;ONECUT1;SLC2A6;DCDC2;PCSK1N;SLC23A1;NARF;RWDD2A;TSPYL4;TSR3;ZNF580;FBXO9;AKAP11;FBXO5;VAV3;HEG1;ANKRD26;EXO1;KLHDC2;COQ4;PCYT1B;MAGED1;SNX10,08.06.2025
SRB-0000666,,AJ,v2,SRB-0000666-001,SERAC,FBXO31,HepG2,WildType,24,10,Plate8,1,4,Low (2-10),TECTA;VLDLR;OCC1;RNF34,04.03.2025
SRB-0000665,,AJ,v2,SRB-0000665-001,BMS,FBXO31,HepG2,WildType,24,10,Plate1,1,14,Medium (11-25),SGF29;SMG7;SLC39A3;CHST12;BRF1;COL9A2;C4A;HNRNPCL3;MRPL52;PTTG1;H3C15;TUBB1;MFSD10;RIN3,31.07.2025
SRB-0000664,,AJ,v2,SRB-0000664-001,SERAC,FBXO31,HepG2,WildType,24,10,Plate8,1,4,Low (2-10),RHOBTB1;SPARC;SLC25A36;YIPF1,04.03.2025
SRB-0000663,,AJ,v2,SRB-0000663-001,SERAC,FBXO31,HepG2,WildType,24,10,Plate8,1,8,Low (2-10),BET1;CELF2;RAB3B;PIGA;FLNC;DPY19L4;FLVCR2;INSIG2,04.03.2025
SRB-0000662,,AJ,v2,SRB-0000662-001,SERAC,FBXO31,HepG2,WildType,24,10,Plate6,1,6,Low (2-10),ZFTA;MMP11;RAB3IL1;SYTL4;REEP2;NDFIP1,28.02.2025
SRB-0000661,,AJ,v2,SRB-0000661-001,SERAC,FBXO31,HepG2,WildType,24,10,Plate14,1,0,Silent,,27.04.2025
SRB-0000660,,AJ,v2,SRB-0000660-001,SERAC,FBXO31,HepG2,WildType,24,10,Plate14,1,0,Silent,,27.04.2025
SRB-0000659,,AJ,v2,SRB-0000659-001,SERAC,FBXO31,HepG2,WildType,24,10,Plate6,1,4,Low (2-10),ACTMAP;HAGHL;MON1A;SYTL4,28.02.2025
SRB-0000658,,AJ,v2,SRB-0000658-001,BMS,FBXO31,HepG2,WildType,24,10,Plate1,1,4,Low (2-10),CEP55;ASB6;HMG20B;TUBB1,31.07.2025
SRB-0000657,,AJ,v2,SRB-0000657-001,SERAC,FBXO31,HepG2,WildType,24,10,Plate14,1,0,Silent,,27.04.2025
SRB-0000656,,AJ,v2,SRB-0000656-001,SERAC,FBXO31,HepG2,WildType,24,10,Plate9,1,2,Low (2-10),C22orf39;CLOCK,13.03.2025
SRB-0000656,,AJ,v2,SRB-0000656-001,BMS,FBXO31,HepG2,WildType,24,10,Plate1,1,0,Silent,,31.07.2025
SRB-0000655,,AJ,v2,SRB-0000655-001,SERAC,FBXO31,HepG2,WildType,24,10,Plate9,1,1,Single (1),CYP2J2,13.03.2025
SRB-0000654,,AJ,v2,SRB-0000654-001,SERAC,FBXO31,HepG2,WildType,24,10,Pw42_NOT_FAIMS,1,0,Silent,,16.04.2026
SRB-0000654,,AJ,v2,SRB-0000654-001,BMS,FBXO31,HepG2,WildType,24,10,Plate1,1,6,Low (2-10),AVEN;GNG7;TMEM141;CCND1;GAS2L3;CFAP97,31.07.2025
SRB-0000653,,AJ,v2,SRB-0000653-001,BMS,FBXO31,HepG2,WildType,24,10,Plate1,1,1,Single (1),TUBB1,31.07.2025
SRB-0000652,,AJ,v2,SRB-0000652-001,BMS,FBXO31,HepG2,WildType,24,10,Plate1,1,0,Silent,,31.07.2025
SRB-0000651,,AJ,v2,,,,,,,,,,,,,
SRB-0000650,,AJ,v2,SRB-0000650-001,BMS,FBXO31,HepG2,WildType,24,10,Plate1,1,2,Low (2-10),RPP25L;TOMM20,31.07.2025
SRB-0000649,,AJ,v2,SRB-0000649-001,SERAC,FBXO31,HepG2,WildType,24,10,Plate14,1,0,Silent,,27.04.2025
SRB-0000648,,AJ,v2,SRB-0000648-001,SERAC,FBXO31,HepG2,WildType,24,10,Plate6,1,2,Low (2-10),PAPOLG;ISG20,28.02.2025
SRB-0000648,,AJ,v2,SRB-0000648-001,BMS,FBXO31,HepG2,WildType,24,10,Plate1,1,2,Low (2-10),DHX16;GNG7,31.07.2025
SRB-0000647,,AJ,v2,SRB-0000647-001,BMS,FBXO31,HepG2,WildType,24,10,Plate1,1,9,Low (2-10),GNG7;KIF7;UBE3B;NME2P1;ZNF646;SELENOH;SYNE1;TMEM68;BBC3,31.07.2025
SRB-0000646,,AJ,v2,SRB-0000646-001,SERAC,FBXO31,HepG2,WildType,24,10,Plate11,1,16,Medium (11-25),MEIS1;PLG;PROC;SLC35E2B;ORM2;FBLN1;SIX1;ZNF791;MZT2A;SV2A;BORCS7;LENG9;TRMT2B;PTPN18;B3GNT2;N6AMT1,08.06.2025
SRB-0000645,,AJ,v2,SRB-0000645-001,BMS,FBXO31,HepG2,WildType,24,10,Plate1,1,0,Silent,,31.07.2025
SRB-0000644,,AJ,v2,SRB-0000644-001,BMS,FBXO31,HepG2,WildType,24,10,Plate1,1,0,Silent,,31.07.2025
SRB-0000643,,AJ,v2,SRB-0000643-001,BMS,FBXO31,HepG2,WildType,24,10,Plate1,1,0,Silent,,31.07.2025
SRB-0000642,,AJ,v2,SRB-0000642-001,SERAC,FBXO31,HepG2,WildType,24,10,Plate11,1,1,Single (1),PIK3CD,08.06.2025
SRB-0000641,,AJ,v2,,,,,,,,,,,,,
SRB-0000640,,AJ,v2,SRB-0000640-001,BMS,FBXO31,HepG2,WildType,24,10,Plate1,1,0,Silent,,31.07.2025
SRB-0000639,,AJ,v2,SRB-0000639-001,SERAC,FBXO31,HepG2,WildType,24,10,Plate9,1,180,High (>25),SLC22A31;USP27X;ZFTA;EEF2K;SCD;CLDN4;CHEK1;APOL1;PHYH;UBD;SIVA1;SOX12;SOCS1;BNIP3L;PIP5K1C;FADS1;OBSL1;RTN2;CDH16;SLCO2B1;NFATC1;PPP1R3D;FADS2;DNAL4;DHFR;CP;HPR;SERPINA1;APOC3;FGA;TTR;ALB;F11;A1BG;GJB1;HMOX1;IFIT1;SKI;IL1R1;TCF3;PECAM1;EFNA1;NF1;EPHA1;MMP11;MPZ;ANXA13;LOX;PCSK6;HSPA1L;SLC6A12;CEBPA;CYP2J2;MFAP3;CX3CL1;HHEX;TRO;HYAL2;TRIM26;BNIP3;NCOA4;GRB14;NEDD9;MXD4;MELK;PCLAF;PRKD1;SIX1;ENOX2;HIF1A;ZSWIM7;TMEM132A;RFX7;PRSS53;ESCO2;EFHC1;CERCAM;TSTD2;MEX3C;RPGRIP1L;ZNF776;SP5;VASN;FAAH2;TRNP1;APOA5;SLC30A10;ZNF66;CHST9;RAB11FIP2;TICRR;TTC21B;SAPCD2;OAF;SHLD2;ADIPOR2;LRP11;RNF130;KLB;SLC22A9;FAM20C;RTKN2;SIX5;FBXL14;EID2;NAT8L;THAP8;FAM184A;PCSK9;TET1;TTC8;CCHCR1;C4orf3;GATA6;ZDHHC16;LRRC58;FAM241B;HVCN1;ARHGEF26;RMI2;MAGED4;PRIMPOL;COQ10A;NR1H4;EPAS1;SPIN2A;SPIN2B;CITED2;PAIP2;ZKSCAN3;CABLES2;ABHD14A;RSRP1;CYREN;CDCA7;BRIP1;IFIH1;INO80B;SIK2;CDT1;GAL3ST2;SEMA6B;PRR36;ANTXR1;METTL17;CYP4F12;CELSR2;FANCF;SLC2A4RG;IL17RB;STK36;HELLS;FIRRM;CNTLN;ANKRD10;PODXL2;DTL;CC2D2A;TXNDC16;SS18L2;CIDEB;STEAP1;NARF;TSPYL4;ZNF112;ZNF580;FBXO9;AKAP11;FBXO5;VAV3;USP18;PLAGL2;EXO1;KLHDC2;COQ4;SIT1;PCDHB3;PCDHGB1;FADS3;HEMK1;MAGED1,13.03.2025
SRB-0000638,,AJ,v2,SRB-0000638-001,BMS,FBXO31,HepG2,WildType,24,10,Plate1,1,6,Low (2-10),ADSS1;CCN2;ASB6;RHOB;UBE2E3;POTEJ,31.07.2025
SRB-0000637,,AJ,v2,SRB-0000637-001,BMS,FBXO31,HepG2,WildType,24,10,Plate1,1,191,High (>25),DCAF1;AGRN;POLR2B;CIB1;CPD;LPCAT2;ICAM1;SUN2;DDHD2;TNS3;SMARCA1;FGFR4;ADGRG6;SLC2A1;MRPL55;NHP2;SNRPB2;SERPIND1;NFATC2;SORL1;TFR2;EPCAM;PDSS2;NFKB2;SNRPB;NFAT5;BTN3A3;NT5DC2;TRMT61B;NR2F6;FGB;TARBP1;RNF220;TACC1;CP;YTHDC1;GRPEL2;SUMO1;PTGES2;FILIP1L;ERCC8;PGPEP1;DUSP6;CFB;NBR1;TRIM15;PRPF38B;BIRC2;ESPL1;MXRA8;PLCD1;FAM171A1;PRTG;SPTLC3;DDB2;HAUS7;FAT1;SEC14L2;POLR3A;STAT2;HP;SOAT2;IL1RAP;DHRS3;RELN;IGSF8;GASK1B;TTYH3;AFP;GRB7;PCIF1;CHDH;PEG3;TCAF1;PEG10;VTN;THG1L;NR6A1;NIPSNAP2;SOX13;ERBB3;PTPN2;TMX1;TTR;AZGP1;ACTR5;BCKDHB;APOA5;TMEM14C;TNS1;CIAO1;ERBB2;MAGED1;GREB1;SELENOP;ARMC5;CLSTN3;AGR2;FGA;MRPS12;SOX9;RCOR2;WWC2;FASTKD3;ANKRD54;PGC;ENC1;SAPCD2;TRIM25;FGL1;PRXL2B;SERPINA5;MRRF;SEMA6B;PCK1;SORBS1;AHR;TNFRSF21;NKD1;VEZF1;GET1;MALT1;SNX12;RP2;C5;CGNL1;LYZ;SERPINA11;MANSC1;TMEM62;PABIR1;NRP1;ZNF185;PHF1;FRY;TMEM167B;TGFBR2;IL13RA1;SHFL;PLPP3;FUT6;DGKK;RABIF;SEC61B;ANGPTL2;HDAC5;TMEM141;NIN;SLC38A2;EFNA1;CLSTN1;CASD1;CLDN12;DCDC2;FAM241A;NME4;FMO5;SP5;LGR5;SLC9A8;DRAM2;POTEJ;FIGN;SERPINA3;CCL20;INO80C;FREM1;TGFBR3;FGFR3;IGFBP1;ENTPD7;CHMP1B;CEMIP;TOE1;TXNIP;COX6A1;PTTG1IP;SLC2A10;TMEM143;MBL2;OGFR;HERPUD1;ZSCAN25;SERPINA7;MATN3;OGDHL;ARHGAP11A;PPIF;MROH1;CCN2;TUBB1,31.07.2025
SRB-0000636,,AJ,v2,SRB-0000636-001,BMS,FBXO31,HepG2,WildType,24,10,Plate1,1,2,Low (2-10),ZFPM1;SELENOK,31.07.2025
SRB-0000635,,AJ,v2,,,,,,,,,,,,,
SRB-0000634,,AJ,v2,SRB-0000634-001,BMS,FBXO31,HepG2,WildType,24,10,Plate1,1,25,Medium (11-25),METTL15;KANK2;PUSL1;ANK2;MAP3K7;GDPD3;HABP4;C2CD2;MRM2;CDKN2A;RPP25L;DDX19B;BRMS1L;TRAF4;SEC22A;PET117;SLC25A40;TSPAN3;TRMT2B;ACAP3;ANKRD11;ATF6B;H3C15;G6PC3;TUBB1,31.07.2025
SRB-0000633,,AJ,v2,SRB-0000633-001,BMS,FBXO31,HepG2,WildType,24,10,Plate1,1,0,Silent,,31.07.2025
SRB-0000632,,AJ,v2,,,,,,,,,,,,,
SRB-0000631,,AJ,v2,SRB-0000631-001,BMS,FBXO31,HepG2,WildType,24,10,Plate1,1,0,Silent,,31.07.2025
SRB-0000630,,AJ,v2,,,,,,,,,,,,,
SRB-0000629,,AJ,v2,SRB-0000629-001,BMS,FBXO31,HepG2,WildType,24,10,Plate1,1,5,Low (2-10),ULK3;AGO3;MAPK6;UQCC3;WASH6P,31.07.2025
SRB-0000628,,AJ,v2,SRB-0000628-001,SERAC,FBXO31,HepG2,WildType,24,10,Plate9,1,8,Low (2-10),BNIP3L;RAD52;BNIP3;ZSWIM9;COQ10A;ALKBH3;STK36;EXO1,13.03.2025
SRB-0000627,,AJ,v2,SRB-0000627-001,BMS,FBXO31,HepG2,WildType,24,10,Plate1,1,2,Low (2-10),FXYD1;KLF13,31.07.2025
SRB-0000626,,AJ,v2,SRB-0000626-001,BMS,FBXO31,HepG2,WildType,24,10,Plate1,1,1,Single (1),TUBB1,31.07.2025
SRB-0000625,,AJ,v2,SRB-0000625-001,SERAC,FBXO31,HepG2,WildType,24,10,Plate9,1,2,Low (2-10),TBC1D2;FADS3,13.03.2025
SRB-0000624,,AJ,v2,SRB-0000624-001,BMS,FBXO31,HepG2,WildType,24,10,Plate1,1,0,Silent,,31.07.2025
SRB-0000623,,AJ,v2,SRB-0000623-001,BMS,FBXO31,HepG2,WildType,24,10,Plate1,1,3,Low (2-10),CEP55;RPL29;GDPD3,31.07.2025
SRB-0000622,,AJ,v2,,,,,,,,,,,,,
SRB-0000621,,AJ,v2,,,,,,,,,,,,,
SRB-0000620,,AJ,v2,SRB-0000620-001,BMS,FBXO31,HepG2,WildType,24,10,Plate1,1,6,Low (2-10),PSEN1;ART4;RPP25L;MBTD1;PABIR1;PGAP6,31.07.2025
SRB-0000619,,AJ,v2,,,,,,,,,,,,,
SRB-0000618,,AJ,v2,SRB-0000618-001,BMS,FBXO31,HepG2,WildType,24,10,Plate1,1,27,High (>25),DHCR24;MRPL55;TRMT61B;MSL2;PCK1;TIMM17B;PGC;FGA;FMO5;GNG5;LIPC;CDC42EP4;SNX3;GGT7;KLB;SNX12;SERPINA6;NUDT4B;CKS1B;BIRC5;RAB30;TRMT2B;MED11;POTEJ;CHMP1B;PPIF;COX6A1,31.07.2025
SRB-0000617,,AJ,v2,SRB-0000617-001,BMS,FBXO31,HepG2,WildType,24,10,Plate1,1,174,High (>25),DHRS2;RPL18A;STAG1;METTL7A;PGPEP1;ACSS2;CNN2;PRKAA2;POLR1D;TFPI;RHOG;RPS12;RPS4Y1;RABGGTA;NSDHL;ODR4;APEX1;WASHC3;PHYHIPL;NDUFAB1;RNH1;FAM98B;RPL32;DHCR24;SURF4;EIF2B5;PGRMC2;ACOT8;UBE2M;PCBP2;STK26;SEH1L;COX11;MINPP1;PIK3CA;HGD;REXO2;MIS12;GMPR2;GLUL;TUBA4A;FABP5;MTCH1;RPL23;GNG5;FBXO2;RHOT1;RPS3A;SNU13;UBL5;TRMT112;GNG4;PCBP1;ABITRAM;NUTF2;CHORDC1;ZFPL1;MGST1;PTGES3;PLPP3;RHOA;U2AF1;XRCC3;PML;MRM2;RCE1;PPP4R2;GATD1;SNRPF;SNX12;FTSJ1;RPL30;MBNL1;CLSTN3;AIMP2;GLTPD2;MTARC2;C6orf120;ARFRP1;OSMR;JAG1;CD320;HEXIM2;GPN2;SLC35F6;AP3M2;SEC13;TICRR;RHOC;CTSB;CCN2;BCKDHB;ANKRD54;ARPC1A;TMEM167B;ISCU;TMEM14C;CDHR2;ZNF592;KPNA4;RBBP9;ARL6IP1;RPS5;RPS11;CEACAM1;NTMT1;GCSH;CHCHD5;PCBP3;HAUS7;GNB1L;AIG1;SLC31A1;LYPLA2;RNF126;CHCHD7;RAB30;MTPN;TRMT2B;NDUFS6;APOH;COL9A3;PARK7;RAP1A;POP5;GFER;CMC2;TMEM141;SIPA1L1;RPL36A;EIF1AY;RFX7;ZBTB7A;IGF2;PURB;ZFAND6;SLCO4A1;COX6B1;NABP2;SRP19;ERI3;CCDC126;VKORC1;CNEP1R1;FURIN;CHCHD2;TOMM20;GNB2;MDK;ROMO1;UQCRH;ACTB;HABP2;RHOB;SLC11A2;MT1F;COX6A1;DYNLT3;CD59;CIAO1;CCL20;CNBP;CHMP1B;PPP2CA;SMLR1;POTEJ;MRPS12;MT-ND3;RNF128;HLA-H;ZMIZ1;POTEI;UBE2E3;PPIF,31.07.2025
SRB-0000616,,AJ,v2,,,,,,,,,,,,,
SRB-0000615,,AJ,v2,SRB-0000615-001,SERAC,FBXO31,HepG2,WildType,24,0.1,Pw134,NA,3,Low (2-10),KDM1B;PCNX3;ARHGEF3,19.05.2026
SRB-0000615,,AJ,v2,SRB-0000615-001,SERAC,FBXO31,HepG2,WildType,24,0.1,Pw139,NA,4,Low (2-10),C2CD2L;KDM1B;FANCF;ASAH2,19.05.2026
SRB-0000615,,AJ,v2,SRB-0000615-001,SERAC,FBXO31,HepG2,WildType,24,0.1,Pw159,NA,1,Single (1),SLC39A5,19.05.2026
SRB-0000615,,AJ,v2,SRB-0000615-001,SERAC,FBXO31,HepG2,WildType,24,0.1,Pw141,NA,1,Single (1),KDM1B,19.05.2026
SRB-0000615,,AJ,v2,SRB-0000615-001,SERAC,FBXO31,HepG2,WildType,24,0.1,Pw137,NA,2,Low (2-10),KDM1B;SIMC1,19.05.2026
SRB-0000615,,AJ,v2,SRB-0000615-001,SERAC,FBXO31,HepG2,WildType,24,0.1,Pw138,NA,5,Low (2-10),BHLHA15;LRP10;PARP9;KDM1B;PRELID1,19.05.2026
SRB-0000615,,AJ,v2,SRB-0000615-001,SERAC,FBXO31,HepG2,WildType,24,0.1,Pw135,NA,89,High (>25),LBHD2;CENPX;QSOX1;CYR61;MRAS;KIAA0355;AGPAT2;PLSCR1;CBFA2T2;SPRY1;SLC25A17;HS6ST1;ERN1;DXO;PTTG1;GC;CYP1A1;SERPINA6;PKM;GM2A;CD58;ADD2;MPV17;BCL6;RFX2;GNG10;SMTN;ST5;HGFAC;RAD51;SPAG1;BCL2L1;CD47;KIAA0100;SETDB1;NECTIN1;PLCH1;PSMG4;SLC25A30;POLR2M;MSANTD2;ANGPTL8;PIK3AP1;TOM1L2;GDPD3;TMC7;TEDC1;HOGA1;IGDCC3;HOMEZ;SPICE1;CCNQ;CERS5;NPW;PTGR2;ZFP62;KDM1B;WDR19;FAT3;OMA1;EEF2KMT;SMIM8;SLC46A1;SENP7;SLC25A21;PAXX;C1QTNF3;TRIM5;PCBD2;GGNBP2;SEMA6B;LIME1;RNPEPL1;PLXNA4;SALL1;C1orf112;PDRG1;TMEM242;GFOD1;STMN3;MED11;PTGFRN;UVRAG;CLN8;FZD4;ZBTB1;COQ4;UBIAD1;RFNG,19.05.2026
SRB-0000615,,AJ,v2,SRB-0000615-001,SERAC,FBXO31,HepG2,WildType,24,0.1,Pw136,NA,4,Low (2-10),ZNF771;KDM1B;GLRX2;LYRM2,19.05.2026
SRB-0000615,,AJ,v2,SRB-0000615-001,SERAC,FBXO31,HepG2,WildType,24,0.1,Pw152,NA,4,Low (2-10),NFYB;ZRSR2;KDM1B;SCML1,19.05.2026
SRB-0000615,,AJ,v2,SRB-0000615-001,SERAC,FBXO31,HepG2,WildType,24,0.1,Pw125,NA,3,Low (2-10),AMY1A;AMY2B;AMY2B;YOD1;KDM1B,19.05.2026
SRB-0000615,,AJ,v2,SRB-0000615-001,SERAC,FBXO31,HepG2,WildType,24,0.1,Pw127,NA,2,Low (2-10),KDM1B;TMEM242,19.05.2026
SRB-0000615,,AJ,v2,SRB-0000615-001,SERAC,FBXO31,HepG2,WildType,24,0.1,Pw121,NA,1,Single (1),KDM1B,19.05.2026
SRB-0000615,,AJ,v2,SRB-0000615-001,SERAC,FBXO31,HepG2,WildType,24,0.1,Pw126,NA,1,Single (1),KDM1B,19.05.2026
SRB-0000615,,AJ,v2,SRB-0000615-001,SERAC,FBXO31,HepG2,WildType,24,0.1,Pw118,NA,10,Low (2-10),KRT14;FOSL1;RBM10;RPAP2;ZDHHC14;KDM1B;ATG4A;SLC25A38;C1orf112;ATP5IF1,19.05.2026
SRB-0000615,,AJ,v2,SRB-0000615-001,SERAC,FBXO31,HepG2,WildType,24,0.1,Pw128,NA,4,Low (2-10),MT-CO1;KDM1B;RNF7;DNAJC15,19.05.2026
SRB-0000615,,AJ,v2,SRB-0000615-001,SERAC,FBXO31,HepG2,WildType,24,0.1,Pw119,NA,2,Low (2-10),THBS4;KDM1B,19.05.2026
SRB-0000615,,AJ,v2,SRB-0000615-001,SERAC,FBXO31,HepG2,WildType,24,0.1,Pw120,NA,6,Low (2-10),MYC;EEF1AKMT4-ECE2;KDM1B;LIN37;DERL2;ZFP64,19.05.2026
SRB-0000615,,AJ,v2,SRB-0000615-001,SERAC,FBXO31,HepG2,WildType,24,0.1,Pw158,NA,2,Low (2-10),C1S;KDM1B,19.05.2026
SRB-0000615,,AJ,v2,SRB-0000615-001,SERAC,FBXO31,HepG2,WildType,24,0.1,Pw157,NA,2,Low (2-10),RTN3;KDM1B,19.05.2026
SRB-0000615,,AJ,v2,SRB-0000615-001,SERAC,FBXO31,HepG2,WildType,24,0.1,Pw147,NA,2,Low (2-10),SLC9B2;KDM1B,19.05.2026
SRB-0000615,,AJ,v2,SRB-0000615-001,BMS,FBXO31,HepG2,WildType,24,0.1,Plate1,1,0,Silent,,31.07.2025
SRB-0000615,,AJ,v2,SRB-0000615-001,BMS,FBXO31,HepG2,WildType,24,0.1,Plate2,1,4,Low (2-10),COX8A;CTBS;ZKSCAN8;FBXO45,31.07.2025
SRB-0000615,,AJ,v2,SRB-0000615-001,BMS,FBXO31,HepG2,WildType,24,0.1,Plate3,1,1,Single (1),KDM1B,31.07.2025
SRB-0000615,,AJ,v2,SRB-0000615-001,BMS,FBXO31,HepG2,WildType,24,0.1,Plate4,1,2,Low (2-10),MAD2L2;KDM1B,31.07.2025
SRB-0000615,,AJ,v2,SRB-0000615-001,BMS,FBXO31,HepG2,WildType,24,0.1,Plate5,1,3,Low (2-10),HSPE1;TMEM256;CYBA,31.07.2025
SRB-0000615,,AJ,v2,SRB-0000615-001,BMS,FBXO31,HepG2,WildType,24,0.1,Plate6,1,6,Low (2-10),N4BP2;FAM185A;DGKA;KDM1B;ZNF813;PCYT1B,31.07.2025
SRB-0000615,,AJ,v2,SRB-0000615-001,BMS,FBXO31,HepG2,WildType,24,0.1,Plate7,1,6,Low (2-10),SGO2;BIRC5;TMEM94;SMYD4;C1RL;USP37,31.07.2025
SRB-0000615,,AJ,v2,SRB-0000615-001,BMS,FBXO31,HepG2,WildType,24,0.1,Plate8,1,2,Low (2-10),STIM2;H2AC21,31.07.2025
SRB-0000615,,AJ,v2,SRB-0000615-001,BMS,FBXO31,HepG2,WildType,24,0.1,Plate9,1,6,Low (2-10),BANP;RAD54B;GNAZ;ASXL2;ASPHD1;LGALS2,31.07.2025
SRB-0000615,,AJ,v2,SRB-0000615-001,BMS,FBXO31,HepG2,WildType,24,0.1,Plate10,1,13,Medium (11-25),RNF14;GAB1;HACE1;DYRK1A;NAA40;PHETA1;TMEM127;ESCO2;NDST1;KLHL42;PLEKHO2;HMG20B;EDEM1,31.07.2025
SRB-0000615,,AJ,v2,SRB-0000615-001,BMS,FBXO31,HepG2,WildType,24,0.1,Plate11,1,4,Low (2-10),ZNFX1;RINL;GON4L;SLC5A3,31.07.2025
SRB-0000615,,AJ,v2,SRB-0000615-001,BMS,FBXO31,HepG2,WildType,24,0.1,Plate12,1,1,Single (1),SLC29A3,31.07.2025
SRB-0000615,,AJ,v2,SRB-0000615-001,BMS,FBXO31,HepG2,WildType,24,0.1,Plate13,1,4,Low (2-10),DOP1B;KDM1B;PRDM2;ITGB1BP1,31.07.2025
SRB-0000615,,AJ,v2,SRB-0000615-001,BMS,FBXO31,HepG2,WildType,24,0.1,Plate14,1,3,Low (2-10),FHL2;KDM8;SLCO2B1,31.07.2025
SRB-0000615,,AJ,v2,SRB-0000615-001,SERAC,FBXO31,HepG2,WildType,24,0.1,Pw109,NA,5,Low (2-10),TSPAN3;DR1;ARHGAP12;KDM1B;MFSD3,19.05.2026
SRB-0000615,,AJ,v2,SRB-0000615-001,SERAC,FBXO31,HepG2,WildType,24,0.1,Pw110,NA,2,Low (2-10),CYP1A1;KDM1B,19.05.2026
SRB-0000615,,AJ,v2,SRB-0000615-001,SERAC,FBXO31,HepG2,WildType,24,0.1,Pw111,NA,2,Low (2-10),HGSNAT;KDM1B,19.05.2026
SRB-0000615,,AJ,v2,SRB-0000615-001,SERAC,FBXO31,HepG2,WildType,24,0.1,Pw112,NA,2,Low (2-10),KDM1B;PIGM,19.05.2026
SRB-0000615,,AJ,v2,SRB-0000615-001,SERAC,FBXO31,HepG2,WildType,24,0.1,Pw114,NA,3,Low (2-10),COL3A1;KDM1B;MSANTD4,19.05.2026
SRB-0000615,,AJ,v2,SRB-0000615-001,SERAC,FBXO31,HepG2,WildType,24,0.1,Pw116,NA,7,Low (2-10),GC;CYP1A1;RPL37;PAQR7;KDM1B;PNPLA8;SNRK,19.05.2026
SRB-0000615,,AJ,v2,SRB-0000615-001,SERAC,FBXO31,HepG2,WildType,24,0.1,Pw117,NA,4,Low (2-10),ZNF8;KDM1B;ZNF566;SLC7A6OS,19.05.2026
SRB-0000615,,AJ,v2,SRB-0000615-001,SERAC,FBXO31,HepG2,WildType,24,0.1,Pw108,NA,3,Low (2-10),GNAS;SEPT7;KDM1B,19.05.2026
SRB-0000615,,AJ,v2,SRB-0000615-001,SERAC,FBXO31,HepG2,WildType,24,0.1,Pw113,NA,4,Low (2-10),ETFB;KDM1B;ZFYVE1;CMTM6,19.05.2026
SRB-0000615,,AJ,v2,SRB-0000615-001,SERAC,FBXO31,HepG2,WildType,24,0.1,Pw115,NA,4,Low (2-10),RPS6KA5;C20orf194;KDM1B;SH3TC1,19.05.2026
SRB-0000615,,AJ,v2,SRB-0000615-001,SERAC,FBXO31,HepG2,WildType,24,0.1,Pw107,NA,6,Low (2-10),HNRNPC;ALDH3A1;ATP5F1E;ATP5EP2;SERF2;KDM1B;ATP5IF1,19.05.2026
SRB-0000615,,AJ,v2,SRB-0000615-001,SERAC,FBXO31,HepG2,WildType,24,0.1,Pw100,NA,3,Low (2-10),TSPAN31;KDM1B;CLN8,19.05.2026
SRB-0000615,,AJ,v2,SRB-0000615-001,SERAC,FBXO31,HepG2,WildType,24,0.1,Pw101,NA,3,Low (2-10),TP53INP2;KDM1B;LRRC58,19.05.2026
SRB-0000615,,AJ,v2,SRB-0000615-001,SERAC,FBXO31,HepG2,WildType,24,0.1,Pw102,NA,2,Low (2-10),CRK;KDM1B,19.05.2026
SRB-0000615,,AJ,v2,SRB-0000615-001,SERAC,FBXO31,HepG2,WildType,24,0.1,Pw103,NA,4,Low (2-10),RAD51D;KDM1B;TRPM7;SLC38A7,19.05.2026
SRB-0000615,,AJ,v2,SRB-0000615-001,SERAC,FBXO31,HepG2,WildType,24,0.1,Pw104,NA,1,Single (1),KDM1B,19.05.2026
SRB-0000615,,AJ,v2,SRB-0000615-001,SERAC,FBXO31,HepG2,WildType,24,0.1,Pw106,NA,57,High (>25),C17orf100;KIF2A;SULT2B1;SPRY1;TSPAN3;SNX2;IGF2;APOC1;MT2A;CYP1A1;ENO1;EEF1AKMT4-ECE2;CYBA;CEBPB;THBS4;CEBPD;POLR2K;NDUFV3;ELOF1;B2M;PITX1;MXRA7;DYNC1I2;CAPS;FKBP8;LAMA4;E4F1;ANGPTL8;GDPD3;PCGF5;GAS2L3;BAP18;CCDC36;PIP4P2;MIGA1;KDM1B;ZNF114;TTC21A;EDA;MAL2;SNX21;APH1A;R3HDM4;CGREF1;CRB3;VPS37B;MLXIP;TMEM242;C1orf123;CEP72;UQCR10;STEAP1;EIF2B4;UST;LUC7L2;HECTD4;IER3IP1,19.05.2026
SRB-0000615,,AJ,v2,SRB-0000615-001,SERAC,FBXO31,HepG2,WildType,24,0.1,Pw89,NA,8,Low (2-10),SIVA1;CYP24A1;PPRC1;ABHD13;PARP9;KDM1B;ZBTB34;SORBS1,19.05.2026
SRB-0000615,,AJ,v2,SRB-0000615-001,SERAC,FBXO31,HepG2,WildType,24,0.1,Pw93,NA,5,Low (2-10),CYP24A1;NHLRC3;C6orf136;KDM1B;GALNT6,19.05.2026
SRB-0000615,,AJ,v2,SRB-0000615-001,SERAC,FBXO31,HepG2,WildType,24,0.1,Pw94,NA,1,Single (1),KDM1B,19.05.2026
SRB-0000615,,AJ,v2,SRB-0000615-001,SERAC,FBXO31,HepG2,WildType,24,0.1,Pw95,NA,5,Low (2-10),RBM47;CTSV;MIGA2;KDM1B;SIK2,19.05.2026
SRB-0000615,,AJ,v2,SRB-0000615-001,SERAC,FBXO31,HepG2,WildType,24,0.1,Pw96,NA,5,Low (2-10),GNA12;PAN3;KDM1B;ATXN7L3B;AMDHD1,19.05.2026
SRB-0000615,,AJ,v2,SRB-0000615-001,SERAC,FBXO31,HepG2,WildType,24,0.1,Pw97,NA,2,Low (2-10),CPLX1;KDM1B,19.05.2026
SRB-0000615,,AJ,v2,SRB-0000615-001,SERAC,FBXO31,HepG2,WildType,24,0.1,Pw98,NA,3,Low (2-10),ITGA6;MED21;KDM1B,19.05.2026
SRB-0000615,,AJ,v2,SRB-0000615-001,SERAC,FBXO31,HepG2,WildType,24,0.1,Pw99,NA,6,Low (2-10),LAPTM4B;RASSF3;KDM1B;FAT3;TBC1D7;SERPINA10,19.05.2026
SRB-0000615,,AJ,v2,SRB-0000615-001,SERAC,FBXO31,HepG2,WildType,24,0.1,Pw58,NA,4,Low (2-10),KPNA5;C9orf40;KDM1B;C1QTNF3,19.05.2026
SRB-0000615,,AJ,v2,SRB-0000615-001,SERAC,FBXO31,HepG2,WildType,24,0.1,Pw60,NA,2,Low (2-10),TPM3;KDM1B,19.05.2026
SRB-0000615,,AJ,v2,SRB-0000615-001,SERAC,FBXO31,HepG2,WildType,24,0.1,Pw61,NA,1,Single (1),KDM1B,19.05.2026
SRB-0000615,,AJ,v2,SRB-0000615-001,SERAC,FBXO31,HepG2,WildType,24,0.1,Pw62,NA,1,Single (1),KDM1B,19.05.2026
SRB-0000615,,AJ,v2,SRB-0000615-001,SERAC,FBXO31,HepG2,WildType,24,0.1,Pw83,NA,3,Low (2-10),MPV17;KDM1B;MAPK1IP1L,19.05.2026
SRB-0000615,,AJ,v2,SRB-0000615-001,SERAC,FBXO31,HepG2,WildType,24,0.1,Pw84,NA,4,Low (2-10),TNFAIP1;TSC22D1;MFSD5;KDM1B,19.05.2026
SRB-0000615,,AJ,v2,SRB-0000615-001,SERAC,FBXO31,HepG2,WildType,24,0.1,Pw85,NA,3,Low (2-10),ADGB;KDM1B;NEU3,19.05.2026
SRB-0000615,,AJ,v2,SRB-0000615-001,SERAC,FBXO31,HepG2,WildType,24,0.1,Pw86,NA,3,Low (2-10),ANGPTL8;KDM1B;HM13,19.05.2026
SRB-0000615,,AJ,v2,SRB-0000615-001,SERAC,FBXO31,HepG2,WildType,24,0.1,Pw87,NA,8,Low (2-10),SLC22A5;MT-ND6;CD36;PSEN2;CYP24A1;HIF1A;KDM1B;PPP1R3E,19.05.2026
SRB-0000615,,AJ,v2,SRB-0000615-001,SERAC,FBXO31,HepG2,WildType,24,0.1,Pw88,NA,4,Low (2-10),MBTPS2;NDUFA3;TMEM53;KDM1B,19.05.2026
SRB-0000615,,AJ,v2,SRB-0000615-001,SERAC,FBXO31,HepG2,WildType,24,0.1,Pw63,NA,2,Low (2-10),TMEM179B;KDM1B,23.04.2026
SRB-0000615,,AJ,v2,SRB-0000615-001,SERAC,FBXO31,HepG2,WildType,24,0.1,Pw64,NA,7,Low (2-10),FOXN3;AP1S2;RAD51;KDM1B;LRRC8C;ZNF845;VAPA,23.04.2026
SRB-0000615,,AJ,v2,SRB-0000615-001,SERAC,FBXO31,HepG2,WildType,24,0.1,Pw59,NA,7,Low (2-10),ZFAND5;PML;KLC1;UNC119;KDM1B;KAT5;PRPF18,23.04.2026
SRB-0000615,,AJ,v2,SRB-0000615-001,SERAC,FBXO31,HepG2,WildType,24,0.1,Pw51,NA,1,Single (1),KDM1B,23.04.2026
SRB-0000615,,AJ,v2,SRB-0000615-001,SERAC,FBXO31,HepG2,WildType,24,0.1,Pw50,NA,6,Low (2-10),PPIA;ARID5B;LRRFIP1;KDM1B;COQ2;TMEM101,23.04.2026
SRB-0000615,,AJ,v2,SRB-0000615-001,SERAC,FBXO31,HepG2,WildType,24,0.1,Pw49,NA,2,Low (2-10),FDXR;KDM1B,23.04.2026
SRB-0000615,,AJ,v2,SRB-0000615-001,SERAC,FBXO31,HepG2,WildType,24,0.1,Pw48,NA,9,Low (2-10),ZMYM6;CD46;FUT11;C20orf194;SIX5;KDM1B;APBB2;HERPUD2;RNF26,23.04.2026
SRB-0000615,,AJ,v2,SRB-0000615-001,SERAC,FBXO31,HepG2,WildType,24,0.1,Plate100_Pw35,NA,2,Low (2-10),KDM1B;TMOD2,16.04.2026
SRB-0000615,,AJ,v2,SRB-0000615-001,SERAC,FBXO31,HepG2,WildType,24,0.1,Pw47,NA,1,Single (1),KDM1B,16.04.2026
SRB-0000615,,AJ,v2,SRB-0000615-001,SERAC,FBXO31,HepG2,WildType,24,0.1,Pw36,NA,1,Single (1),KDM1B,16.04.2026
SRB-0000615,,AJ,v2,SRB-0000615-001,SERAC,FBXO31,HepG2,WildType,24,0.1,Pw38,NA,1,Single (1),KDM1B,16.04.2026
SRB-0000615,,AJ,v2,SRB-0000615-001,SERAC,FBXO31,HepG2,WildType,24,0.1,Pw37,NA,2,Low (2-10),MFSD4B;KDM1B,16.04.2026
SRB-0000615,,AJ,v2,SRB-0000615-001,SERAC,FBXO31,HepG2,WildType,24,0.1,Pw43,NA,1,Single (1),KDM1B,16.04.2026
SRB-0000615,,AJ,v2,SRB-0000615-001,SERAC,FBXO31,HepG2,WildType,24,0.1,Pw40,NA,2,Low (2-10),KDM1B;IMMP1L,16.04.2026
SRB-0000615,,AJ,v2,SRB-0000615-001,SERAC,FBXO31,HepG2,WildType,24,0.1,Pw41,NA,1,Single (1),KDM1B,16.04.2026
SRB-0000615,,AJ,v2,SRB-0000615-001,SERAC,FBXO31,HepG2,WildType,24,0.1,Pw33,NA,23,Medium (11-25),MTMR11;TNFRSF10A;CYR61;SLC16A6;B4GALT5;CRCP;GCNT3;TIMP1;APOC2;CYP1A1;FOSL2;AREG;JUNB;AXL;CDKN1A;RRAD;F2RL1;JAG1;DST;ZFP36L1;KDM1B;C15orf40;TRIB1,16.04.2026
SRB-0000615,,AJ,v2,SRB-0000615-001,SERAC,FBXO31,HepG2,WildType,24,0.1,Pw34,NA,4,Low (2-10),KDM1B;JAM3;MROH8;STEAP1,16.04.2026
SRB-0000615,,AJ,v2,SRB-0000615-001,SERAC,FBXO31,HepG2,WildType,24,0.1,Pw39,NA,2,Low (2-10),SBSN;KDM1B,16.04.2026
SRB-0000615,,AJ,v2,SRB-0000615-001,SERAC,FBXO31,HepG2,WildType,24,0.1,Pw44,NA,5,Low (2-10),ZNF235;KDM1B;LMBR1;C7orf43;NOCT,16.04.2026
SRB-0000615,,AJ,v2,SRB-0000615-001,SERAC,FBXO31,HepG2,WildType,24,0.1,Pw42_NOT_FAIMS,NA,2,Low (2-10),CYP1A1;KDM1B,16.04.2026
SRB-0000615,,AJ,v2,SRB-0000615-001,SERAC,FBXO31,HepG2,WildType,24,0.1,Plate19,1,1,Single (1),KDM1B,10.04.2025
SRB-0000615,,AJ,v2,SRB-0000615-001,SERAC,FBXO31,HepG2,WildType,24,0.1,Plate23,1,1,Single (1),KDM1B,12.05.2025
SRB-0000615,,AJ,v2,SRB-0000615-001,SERAC,FBXO31,HepG2,WildType,24,0.1,Plate6,1,1,Single (1),KDM1B,28.02.2025
SRB-0000615,,AJ,v2,SRB-0000615-001,SERAC,FBXO31,HepG2,WildType,24,0.1,Plate6,1,1,Single (1),KDM1B,28.02.2025
SRB-0000615,,AJ,v2,SRB-0000615-001,SERAC,FBXO31,HepG2,WildType,24,0.1,Plate45_Pw1,1,1,Single (1),KDM1B,11.07.2025
SRB-0000615,,AJ,v2,SRB-0000615-001,SERAC,FBXO31,HepG2,WildType,24,0.1,Plate46_Pw2,1,2,Low (2-10),KDM1B;TRIM39,15.07.2025
SRB-0000615,,AJ,v2,SRB-0000615-001,SERAC,FBXO31,HepG2,WildType,24,0.1,Plate47_Pw3,1,1,Single (1),KDM1B,15.07.2025
SRB-0000615,,AJ,v2,SRB-0000615-001,SERAC,FBXO31,HepG2,WildType,24,0.1,Plate50_Pw6,1,1,Single (1),KDM1B,02.09.2025
SRB-0000615,,AJ,v2,SRB-0000615-001,SERAC,FBXO31,HepG2,WildType,24,0.1,Plate51_Pw7,1,1,Single (1),KDM1B,28.07.2025
SRB-0000615,,AJ,v2,SRB-0000615-001,SERAC,FBXO31,HepG2,WildType,24,0.1,Plate63_Pw9,1,1,Single (1),KDM1B,08.09.2025
SRB-0000615,,AJ,v2,SRB-0000615-001,SERAC,FBXO31,HepG2,WildType,24,0.1,Plate77_Pw12,1,2,Low (2-10),KDM1B;DCLRE1C,22.09.2025
SRB-0000615,,AJ,v2,SRB-0000615-001,SERAC,FBXO31,HepG2,WildType,24,0.1,Plate80_Pw16,1,1,Single (1),KDM1B,29.09.2025
SRB-0000615,,AJ,v2,SRB-0000615-001,SERAC,FBXO31,HepG2,WildType,24,0.1,Plate81_Pw17,1,1,Single (1),KDM1B,02.10.2025
SRB-0000615,,AJ,v2,SRB-0000615-001,SERAC,FBXO31,HepG2,WildType,24,0.1,Plate64_Pw10,1,1,Single (1),KDM1B,11.09.2025
SRB-0000615,,AJ,v2,SRB-0000615-001,SERAC,FBXO31,HepG2,WildType,24,0.1,Plate76_Pw11,1,2,Low (2-10),KDM1B;ITIH1,15.09.2025
SRB-0000615,,AJ,v2,SRB-0000615-001,BMS,FBXO31,HepG2,WildType,24,0.1,Plate1,1,0,Silent,,31.07.2025
SRB-0000615,,AJ,v2,SRB-0000615-001,BMS,FBXO31,HepG2,WildType,24,0.1,Plate2,1,4,Low (2-10),COX8A;CTBS;ZKSCAN8;FBXO45,31.07.2025
SRB-0000615,,AJ,v2,SRB-0000615-001,BMS,FBXO31,HepG2,WildType,24,0.1,Plate3,1,1,Single (1),KDM1B,31.07.2025
SRB-0000615,,AJ,v2,SRB-0000615-001,BMS,FBXO31,HepG2,WildType,24,0.1,Plate4,1,2,Low (2-10),MAD2L2;KDM1B,31.07.2025
SRB-0000615,,AJ,v2,SRB-0000615-001,BMS,FBXO31,HepG2,WildType,24,0.1,Plate5,1,3,Low (2-10),HSPE1;TMEM256;CYBA,31.07.2025
SRB-0000615,,AJ,v2,SRB-0000615-001,BMS,FBXO31,HepG2,WildType,24,0.1,Plate6,1,6,Low (2-10),N4BP2;FAM185A;DGKA;KDM1B;ZNF813;PCYT1B,31.07.2025
SRB-0000615,,AJ,v2,SRB-0000615-001,BMS,FBXO31,HepG2,WildType,24,0.1,Plate7,1,6,Low (2-10),SGO2;BIRC5;TMEM94;SMYD4;C1RL;USP37,31.07.2025
SRB-0000615,,AJ,v2,SRB-0000615-001,BMS,FBXO31,HepG2,WildType,24,0.1,Plate8,1,2,Low (2-10),STIM2;H2AC21,31.07.2025
SRB-0000615,,AJ,v2,SRB-0000615-001,BMS,FBXO31,HepG2,WildType,24,0.1,Plate9,1,6,Low (2-10),BANP;RAD54B;GNAZ;ASXL2;ASPHD1;LGALS2,31.07.2025
SRB-0000615,,AJ,v2,SRB-0000615-001,BMS,FBXO31,HepG2,WildType,24,0.1,Plate10,1,13,Medium (11-25),RNF14;GAB1;HACE1;DYRK1A;NAA40;PHETA1;TMEM127;ESCO2;NDST1;KLHL42;PLEKHO2;HMG20B;EDEM1,31.07.2025
SRB-0000615,,AJ,v2,SRB-0000615-001,BMS,FBXO31,HepG2,WildType,24,0.1,Plate11,1,4,Low (2-10),ZNFX1;RINL;GON4L;SLC5A3,31.07.2025
SRB-0000615,,AJ,v2,SRB-0000615-001,BMS,FBXO31,HepG2,WildType,24,0.1,Plate12,1,1,Single (1),SLC29A3,31.07.2025
SRB-0000615,,AJ,v2,SRB-0000615-001,BMS,FBXO31,HepG2,WildType,24,0.1,Plate13,1,4,Low (2-10),DOP1B;KDM1B;PRDM2;ITGB1BP1,31.07.2025
SRB-0000615,,AJ,v2,SRB-0000615-001,BMS,FBXO31,HepG2,WildType,24,0.1,Plate14,1,3,Low (2-10),FHL2;KDM8;SLCO2B1,31.07.2025
SRB-0000615,,AJ,v2,SRB-0000615-001,SERAC,FBXO31,HepG2,WildType,24,0.1,Pw79,NA,6,Low (2-10),CYP1A1;NHSL1;SGMS1;KDM1B;TMEM186;SELENON,15.04.2026
SRB-0000615,,AJ,v2,SRB-0000615-001,SERAC,FBXO31,HepG2,WildType,24,0.1,Pw77,NA,3,Low (2-10),CYP1A1;PTS;KDM1B,13.04.2026
SRB-0000615,,AJ,v2,SRB-0000615-001,SERAC,FBXO31,HepG2,WildType,24,0.1,Pw78,NA,3,Low (2-10),CYP1A1;DENND4C;KDM1B,13.04.2026
SRB-0000615,,AJ,v2,SRB-0000615-001,SERAC,FBXO31,HepG2,WildType,24,0.1,Pw69,NA,7,Low (2-10),KATNA1;ANXA9;CYP24A1;VPS72;MPV17L2;LETMD1;KDM1B,07.04.2026
SRB-0000615,,AJ,v2,SRB-0000615-001,SERAC,FBXO31,HepG2,WildType,24,0.1,Pw70,NA,21,Medium (11-25),CPLX1;SLC16A6;NDUFB2;CYP1A1;ITPKB;SREBF1;CYP24A1;CPEB4;PPRC1;SLC25A25;ORMDL3;UNC80;KDM1B;CCT6B;TMEM101;RBBP8;SEMA6A;OPA3;ARL15;FAM53C;IL17B,07.04.2026
SRB-0000615,,AJ,v2,SRB-0000615-001,SERAC,FBXO31,HepG2,WildType,24,0.1,Pw71,NA,11,Medium (11-25),ERN1;CYP1A1;AREG;LUM;ATP7A;CYP24A1;SQSTM1;KDM1B;TMEM242;ANGPTL2;DNAJC15,07.04.2026
SRB-0000615,,AJ,v2,SRB-0000615-001,SERAC,FBXO31,HepG2,WildType,24,0.1,Pw72,NA,4,Low (2-10),SLC16A6;CYP1A1;CYP24A1;KDM1B,07.04.2026
SRB-0000615,,AJ,v2,SRB-0000615-001,SERAC,FBXO31,HepG2,WildType,24,0.1,Pw73,NA,8,Low (2-10),CYP1A1;TNFRSF1A;CYP24A1;KDM1B;ARHGEF17;C1QTNF3;FAM53C;DNAJC15,07.04.2026
SRB-0000615,,AJ,v2,SRB-0000615-001,SERAC,FBXO31,HepG2,WildType,24,0.1,Pw65,NA,1,Single (1),KDM1B,26.03.2026
SRB-0000615,,AJ,v2,SRB-0000615-001,SERAC,FBXO31,HepG2,WildType,24,0.1,Pw66,NA,2,Low (2-10),KDM1B;ANGPTL2,26.03.2026
SRB-0000615,,AJ,v2,SRB-0000615-001,SERAC,FBXO31,HepG2,WildType,24,0.1,Pw67,NA,1,Single (1),KDM1B,26.03.2026
SRB-0000615,,AJ,v2,SRB-0000615-001,SERAC,FBXO31,HepG2,WildType,24,0.1,Pw68,NA,5,Low (2-10),CEP290;CYP1A1;SREBF1;CYP24A1;KDM1B,26.03.2026
SRB-0000615,,AJ,v2,SRB-0000615-001,SERAC,FBXO31,HepG2,WildType,24,0.1,Plate6,1,6,Low (2-10),KCNJ4;KCTD2;DEPDC1;KDM1B;SYTL4;ZBTB20,28.02.2025
SRB-0000615,,AJ,v2,SRB-0000615-001,SERAC,FBXO31,HepG2,WildType,24,0.1,Plate79_Pw14,1,4,Low (2-10),ACTN2;KDM1B;SRSF12;CHIC2,13.10.2025
SRB-0000615,,AJ,v2,SRB-0000615-001,SERAC,FBXO31,HepG2,WildType,24,0.1,Plate78_Pw13,1,4,Low (2-10),CYP1A1;FHL3;C12orf73;KDM1B,10.10.2025
SRB-0000615,,AJ,v2,SRB-0000615-001,SERAC,FBXO31,HepG2,WildType,24,0.1,Plate48_Pw4,1,4,Low (2-10),CYP1A1;KDM1B;SUSD6;SLC25A28,15.08.2025
SRB-0000615,,AJ,v2,SRB-0000615-001,SERAC,FBXO31,HepG2,WildType,24,0.1,Plate49_Pw5,1,4,Low (2-10),CBLB;KDM1B;CPB2;FOXJ2,22.07.2025
SRB-0000615,,AJ,v2,SRB-0000615-001,SERAC,FBXO31,HepG2,WildType,24,0.1,Plate52_Pw8,1,4,Low (2-10),RTKN2;KDM1B;SMAD5;TRPM6,05.09.2025
SRB-0000615,,AJ,v2,SRB-0000615-001,SERAC,FBXO31,HepG2,WildType,24,0.1,Plate83_Pw15,1,20,Medium (11-25),SLC25A17;STAU1;CYP1A1;FYN;TMPO;SSR2;FAAP100;IFRD2;HIST2H2AB;GSPT2;KDM1B;ZBTB10;SLC38A2;SDHC;PAAF1;DERL1;PIGU;SMYD2;CLN8;GTF2IRD1,26.09.2025
SRB-0000615,,AJ,v2,,,,,,,,,,,,,
SRB-0000614,,AJ,v2,SRB-0000614-001,SERAC,FBXO31,HepG2,WildType,24,10,Pw152,1,2,Low (2-10),ACTG2;PIGM,19.05.2026
SRB-0000614,,AJ,v2,SRB-0000614-002,SERAC,FBXO31,HepG2,WildType,24,10,Plate1,1,8,Low (2-10),OSBP2;RTL8B;SLC49A4,24.02.2025
SRB-0000614,,AJ,v2,SRB-0000614-002,BMS,FBXO31,HepG2,WildType,24,10,Plate1,1,1,Single (1),GDPD3,31.07.2025
SRB-0000613,,AJ,v2,SRB-0000613-001,SERAC,FBXO31,HepG2,WildType,24,10,Plate1,1,135,High (>25),EEF2K;HMOX1;BNIP3L,24.02.2025
SRB-0000613,,AJ,v2,SRB-0000613-001,BMS,FBXO31,HepG2,WildType,24,10,Plate1,1,19,Medium (11-25),AKT1;SLC38A2;PIAS1;EEF2K;FLCN;MTG2;BNIP3;BICRA;NUDT16;PFKFB3;CLUAP1;CDCA7;CTDSPL;PRKACB;PET117;TOMM20;TRAF7;SFT2D1;C1orf112,31.07.2025
SRB-0000612,,AJ,v2,SRB-0000612-001,BMS,FBXO31,HepG2,WildType,24,10,Plate1,1,0,Silent,,31.07.2025
SRB-0000611,,AJ,v2,SRB-0000611-001,SERAC,FBXO31,HepG2,WildType,24,10,Plate8,1,11,Medium (11-25),MSX1;GPSM2;FAM53B;HKDC1;C4orf46;HSP90AB3P;HSP90AA4P;RNF141;ZNF395;ZNF112;INSIG2,04.03.2025
SRB-0000610,,AJ,v2,SRB-0000610-001,SERAC,FBXO31,HepG2,WildType,24,10,Plate8,1,30,High (>25),MSTN;CELF2;HRAS;H2AX;CREB1;CCNE1;S100A4;SLC6A6;CYP2J2;ADAMTSL3;H3-3A;ATP5MC2;TRIM14;RYR3;SIX1;GTDC1;SBSN;TMEM179B;ZNF589;TMEM123;ZFAND2B;TTC9;TSR2;ELOVL1;UNKL;KCTD5;ZNF581;PCDHA8;PPP2R3B;INSIG2,04.03.2025
SRB-0000609,,AJ,v2,SRB-0000609-001,SERAC,FBXO31,HepG2,WildType,24,10,Plate11,1,4,Low (2-10),ZNF12;UQCC5;SLC9A7;VCPKMT,08.06.2025
SRB-0000608,,AJ,v2,SRB-0000608-001,BMS,FBXO31,HepG2,WildType,24,10,Plate1,1,2,Low (2-10),PPIF;TRMT2B,31.07.2025
SRB-0000607,,AJ,v2,SRB-0000607-001,BMS,FBXO31,HepG2,WildType,24,10,Plate1,1,30,High (>25),TRMT61B;C12orf57;SYNGR2;AZGP1;STX3;CPN2;EIF1AD;MRPL55;SNX12;CHMP2B;GNG5;PPP1R16A;UBE2E1;GPAM;SHFL;ACOT1;NFYB;SS18;UBE2Q2;TRMT2B;PTMS;EFNA1;CHMP1B;CDHR2;MELTF;NABP2;COX6A1;COX7C;POTEJ;PPIF,31.07.2025
SRB-0000606,,AJ,v2,SRB-0000606-001,SERAC,FBXO31,HepG2,WildType,24,10,Plate11,1,4,Low (2-10),BCL2L11;LNX2;TBCCD1;RLIM,08.06.2025
SRB-0000605,,AJ,v2,,,,,,,,,,,,,
SRB-0000604,,AJ,v2,,,,,,,,,,,,,
SRB-0000603,,AJ,v2,SRB-0000603-001,SERAC,FBXO31,HepG2,WildType,24,10,Plate11,1,44,High (>25),TMEM223;ASPDH;TAX1BP3;ZBTB39;NADK;CYP1A1;BCHE;ACAA1;SLC25A4;SEPHS1;PCBP3;ROMO1;NCS1;HSP90AA4P;EMC4;CARMIL2;ANGPTL8;NIPA1;ARMC9;LRP10;TEDC1;ZBTB8OS;HOMEZ;BAP18;FITM2;TSPAN14;DUSP19;RAB24;SNX21;PPP1R14B;DNAJA3;DGAT2;RAB3IP;ALKBH7;ANP32E;C1orf50;LIME1;POLE3;CDC42SE2;PNPO;PLEKHB1;SLC35A3;TPRKB;ZNF706,08.06.2025
SRB-0000602,,AJ,v2,,,,,,,,,,,,,
SRB-0000601,,AJ,v2,SRB-0000601-001,SERAC,FBXO31,HepG2,WildType,24,10,Pw34,1,0,Silent,,16.04.2026
SRB-0000601,,AJ,v2,SRB-0000601-001,BMS,FBXO31,HepG2,WildType,24,10,Plate1,1,5,Low (2-10),DNTTIP1;TIMM17B;ARL15;MYC;PTTG1IP,31.07.2025
SRB-0000600,,AJ,v2,SRB-0000600-001,BMS,FBXO31,HepG2,WildType,24,10,Plate1,1,45,High (>25),SLC12A6;NQO2;TBX3;TMEM165;AGTRAP;BHLHE40;PARP16;ANKRD39;DDX19B;TIMP1;FLCN;HIGD1A;TMUB2;PSEN1;NAT14;HDAC8;POLL;RNF121;SLC35A3;GDPD3;ZC3H12A;CHRAC1;PFKFB3;C2orf76;MAP2K5;TMEM222;FXYD1;CLUAP1;NIN;LIME1;MOCS1;TLE3;ECHDC2;ANGEL2;ZNF524;TRMT2B;MBNL3;ZNF771;GNG7;HNRNPCL3;HMGCR;MYO9A;MISP3;H3C15;TUBB8,31.07.2025
SRB-0000599,,AJ,v2,SRB-0000599-001,BMS,FBXO31,HepG2,WildType,24,10,Plate1,1,0,Silent,,31.07.2025
SRB-0000598,,AJ,v2,SRB-0000598-001,BMS,FBXO31,HepG2,WildType,24,10,Plate1,1,4,Low (2-10),CMBL;C1orf112;GNG5;IFI35,31.07.2025
SRB-0000597,,AJ,v2,SRB-0000597-001,BMS,FBXO31,HepG2,WildType,24,10,Plate1,1,2,Low (2-10),BORCS6;PPIF,31.07.2025
SRB-0000596,,AJ,v2,,,,,,,,,,,,,
SRB-0000595,,AJ,v2,SRB-0000595-001,BMS,FBXO31,HepG2,WildType,24,10,Plate1,1,0,Silent,,31.07.2025
SRB-0000594,,AJ,v2,SRB-0000594-001,BMS,FBXO31,HepG2,WildType,24,10,Plate1,1,6,Low (2-10),GNG5;ZNF511;MRPL55;TOMM20;HMGN2;TUBB1,31.07.2025
SRB-0000593,,AJ,v2,,,,,,,,,,,,,
SRB-0000592,,AJ,v2,,,,,,,,,,,,,
SRB-0000591,,AJ,v2,,,,,,,,,,,,,
SRB-0000590,,AJ,v2,SRB-0000590-001,SERAC,FBXO31,HepG2,WildType,24,10,Pw121,1,1,Single (1),DUSP14,19.05.2026
SRB-0000589,,AJ,v2,SRB-0000589-001,SERAC,FBXO31,HepG2,WildType,24,10,Plate9,1,16,Medium (11-25),BNIP3L;DEDD;CISD3;HNF1B;TNNI2;BNIP3;BAAT;ZNF805;RBM48;ZNF808;CNEP1R1;MOB3A;COQ10A;PLA2G12B;EXO1;FADS3,13.03.2025
SRB-0000589,,AJ,v2,SRB-0000589-001,BMS,FBXO31,HepG2,WildType,24,10,Plate1,1,0,Silent,,31.07.2025
SRB-0000588,,AJ,v2,SRB-0000588-001,BMS,FBXO31,HepG2,WildType,24,10,Plate1,1,27,High (>25),FOXP1;TAPT1;SLC12A6;ATAD5;MICB;DLC1;PSEN1;MED8;CRBN;RHBDD1;RPL37A;STARD13;SLC6A9;RSL24D1;MICA;IER3IP1;CLN8;FBXO6;DNAJC30;UBXN2A;GPAM;MAPK6;ZFYVE27;EHBP1L1;ANGPTL2;SECISBP2;HNRNPCL3,31.07.2025
SRB-0000587,,AJ,v2,SRB-0000587-001,SERAC,FBXO31,HepG2,WildType,24,10,Plate9,1,7,Low (2-10),MICAL2;RCBTB2;TMEM50A;ZBTB46;SLC25A38;SLC35D1;ZNF706,13.03.2025
SRB-0000586,,AJ,v2,,,,,,,,,,,,,
SRB-0000585,,AJ,v2,SRB-0000585-001,BMS,FBXO31,HepG2,WildType,24,10,Plate1,1,1,Single (1),HABP2,31.07.2025
SRB-0000584,,AJ,v2,SRB-0000584-001,SERAC,FBXO31,HepG2,WildType,24,10,Plate9,1,12,Medium (11-25),TBC1D12;MICAL2;FOSL2;CREB1;C3orf38;LPCAT3;ANKRD13D;SHLD2;KDF1;SPATA18;SENP8;SIGMAR1,13.03.2025
SRB-0000583,,AJ,v2,SRB-0000583-001,SERAC,FBXO31,HepG2,WildType,24,10,Plate11,1,3,Low (2-10),TGIF1;BRMS1L;TMSB4X,08.06.2025
SRB-0000583,,AJ,v2,SRB-0000583-001,BMS,FBXO31,HepG2,WildType,24,10,Plate1,1,3,Low (2-10),SENP1;GPAM;TUBB8,31.07.2025
SRB-0000582,,AJ,v2,SRB-0000582-001,SERAC,FBXO31,HepG2,WildType,24,10,Plate1,1,0,Silent,,24.02.2025
SRB-0000581,,AJ,v2,,,,,,,,,,,,,
SRB-0000580,,AJ,v2,SRB-0000580-001,BMS,FBXO31,HepG2,WildType,24,10,Plate1,1,6,Low (2-10),ZNF592;GNG5;CDK11B;TOMM20;CHMP1B;TUBB1,31.07.2025
SRB-0000579,,AJ,v2,SRB-0000579-001,SERAC,FBXO31,HepG2,WildType,24,10,Pw36,1,0,Silent,,16.04.2026
SRB-0000579,,AJ,v2,SRB-0000579-001,BMS,FBXO31,HepG2,WildType,24,10,Plate1,1,3,Low (2-10),ASB6;APOC1;MAD2L2,31.07.2025
SRB-0000578,,AJ,v2,SRB-0000578-001,SERAC,FBXO31,HepG2,WildType,24,10,Plate11,1,0,Silent,,08.06.2025
SRB-0000577,,AJ,v2,,,,,,,,,,,,,
SRB-0000576,,AJ,v2,SRB-0000576-001,BMS,FBXO31,HepG2,WildType,24,10,Plate1,1,0,Silent,,31.07.2025
SRB-0000575,,AJ,v2,,,,,,,,,,,,,
SRB-0000574,,AJ,v2,SRB-0000574-001,SERAC,FBXO31,HepG2,WildType,24,10,Plate9,1,7,Low (2-10),YDJC;BNIP3L;RCBTB2;BNIP3;BAAT;PELI1;COQ10A,13.03.2025
SRB-0000573,,AJ,v2,SRB-0000573-001,BMS,FBXO31,HepG2,WildType,24,10,Plate1,1,13,Medium (11-25),RPS11;CCN2;GLTPD2;BCKDHB;CD59;SLC35F5;MT-ND3;HLA-H;PIBF1;RGL2;STARD4;GPAM;CHCHD7,31.07.2025
SRB-0000572,,AJ,v2,,,,,,,,,,,,,
SRB-0000571,,AJ,v2,,,,,,,,,,,,,
SRB-0000570,,AJ,v2,,,,,,,,,,,,,
SRB-0000569,,AJ,v2,SRB-0000569-001,SERAC,FBXO31,HepG2,WildType,24,10,Pw44,1,0,Silent,,16.04.2026
SRB-0000569,,AJ,v2,SRB-0000569-001,BMS,FBXO31,HepG2,WildType,24,10,Plate1,1,22,Medium (11-25),SQSTM1;MAPK1IP1L;MICB;AGTRAP;IER3IP1;PSEN1;GNG7;SPRY1;UNC45A;IFI30;ANKRD40;MICA;GGT7;GDPD3;RPP14;ZBTB2;RNF121;BHMT2;RGS3;C6orf120;KLF13;HNRNPCL3,31.07.2025
SRB-0000568,,AJ,v2,SRB-0000568-001,SERAC,FBXO31,HepG2,WildType,24,10,Plate81_Pw17,1,4,Low (2-10),CYP19A1;RHOT1;SMIM19;PAGR1,02.10.2025
SRB-0000567,,AJ,v2,SRB-0000567-001,BMS,FBXO31,HepG2,WildType,24,10,Plate1,1,17,Medium (11-25),ASB6;SELENOK;SNX12;CEP55;TMUB2;ZBTB2;WBP2;UBOX5;FAM133B;RNF10;CHCHD10;HABP2;COX6A1;CHCHD4;ZFYVE27;INHBE;PTMS,31.07.2025
SRB-0000566,,AJ,v2,SRB-0000566-001,SERAC,FBXO31,HepG2,WildType,24,10,Plate6,1,0,Silent,,28.02.2025
SRB-0000565,,AJ,v2,,,,,,,,,,,,,
SRB-0000564,,AJ,v2,SRB-0000564-001,BMS,FBXO31,HepG2,WildType,24,10,Plate1,1,13,Medium (11-25),P3H2;FXYD1;TIMM17B;TMEM11;SNX12;MED11;CHMP1B;POTEJ;ANG;COX6A1;NABP2;PPIF;TUBB1,31.07.2025
SRB-0000563,,AJ,v2,SRB-0000563-001,SERAC,FBXO31,HepG2,WildType,24,10,Plate9,1,22,Medium (11-25),UBD;BNIP3L;RCBTB2;LOX;LMO4;BNIP3;BAAT;MXD4;PCLAF;PRKD1;HIF1A;PFKFB3;FAAH2;USP45;RTKN2;LRRC58;CITED2;PRADC1;TXNIP;CYP4F12;DTL;EXO1,13.03.2025
SRB-0000562,,AJ,v2,SRB-0000562-001,BMS,FBXO31,HepG2,WildType,24,10,Plate1,1,6,Low (2-10),MRPL55;NTMT1;CIAO1;GNG5;SGK2;PPIF,31.07.2025
SRB-0000561,,AJ,v2,,,,,,,,,,,,,
SRB-0000560,,AJ,v2,,,,,,,,,,,,,
SRB-0000559,,AJ,v2,SRB-0000559-001,BMS,FBXO31,HepG2,WildType,24,10,Plate1,1,1,Single (1),GATD3B,31.07.2025
SRB-0000558,,AJ,v2,,,,,,,,,,,,,
SRB-0000557,,AJ,v2,SRB-0000557-001,SERAC,FBXO31,HepG2,WildType,24,10,Pw147,1,0,Silent,,19.05.2026
SRB-0000556,,AJ,v2,SRB-0000556-001,SERAC,FBXO31,HepG2,WildType,24,10,Plate9,1,195,High (>25),SLC22A31;ZFTA;EEF2K;SCD;ITGB1BP1;CHEK1;APOL1;PHYH;UBD;SIVA1;SOX12;SOCS1;PJA2;BNIP3L;PIP5K1C;PHLPP1;FADS1;OBSL1;KDM4A;RNF8;KDM4B;SLCO2B1;RCBTB2;NPTXR;SLC2A10;SFT2D2;SEMA4F;ZMYM6;FADS2;SERPINA1;APOC3;APOH;FN1;AHSG;TTR;ALB;AFP;A1BG;LGALS2;GJB1;SERPINA6;HMOX1;IFIT1;SKI;TCF3;NF1;PROZ;MPZ;LOX;PCSK6;CDC25B;OTX1;HNF1B;SOX6;SLC1A2;SLC6A12;TNNI2;CEBPD;TOB1;DNA2;NEK4;MFAP3;FAM3B;CX3CL1;PRR3;DLK1;HHEX;TYRO3;CYP4F3;DMWD;PNRC1;TRIM26;BNIP3;PTPRS;NCOA4;NEDD9;MXD4;KCTD2;PCLAF;SLC39A14;SIX1;DIXDC1;MSMO1;HIF1A;PFKFB3;TMEM132A;RFX7;FAM161A;ZBED5;C4orf46;AKIRIN2;ESCO2;EFHC1;TSTD2;MEX3C;RPGRIP1L;SP5;VASN;FAAH2;ISM2;ZNF770;TRNP1;PSRC1;APOA5;SLCO4C1;SYDE1;CREB3L2;CHST9;ZNF551;TTC21B;ZER1;SAPCD2;OAF;LRP11;CEP57;RNF130;PTOV1;KLB;SLC22A9;FOXRED2;FAM20C;SIX5;FBXL14;MINDY1;EID2;PCSK9;CHST13;TET1;ZNF483;C4orf3;SLC13A3;TMEM37;ZCCHC14;PTPRU;PMM1;GATA6;LRRC58;RMI2;MAGED4;KLHL15;COQ10A;FAM20A;ALKBH3;YPEL2;PAIP2;MXRA8;FAAP24;ZNF747;CYREN;CDCA7;BRIP1;BTBD2;AMN;IFIH1;ZCCHC2;MAF1;CDT1;CXCL16;MIXL1;KDM4C;SEMA6B;ANTXR1;MAGEF1;MKNK2;CELSR2;MID1IP1;SLC2A4RG;IL17RB;STK36;HELLS;DEPP1;ZNF358;MKS1;ANKRD10;FAM53C;PODXL2;PLEKHB1;KDM5B;CIDEB;PCSK1N;NARF;TSPYL4;TSR3;ZNF112;ZNF580;FBXO9;AKAP11;FBXO5;USP18;KLHDC2;COQ4;PCDHGB1;MAGED1;SNX10;SNURF,13.03.2025
SRB-0000555,,AJ,v2,,,,,,,,,,,,,
SRB-0000554,,AJ,v2,SRB-0000554-001,SERAC,FBXO31,HepG2,WildType,24,10,Plate79_Pw14,1,1,Single (1),TMOD2,13.10.2025
SRB-0000553,,AJ,v2,SRB-0000553-001,BMS,FBXO31,HepG2,WildType,24,10,Plate1,1,4,Low (2-10),GNG7;CASTOR2;GDPD3;PPP3CB,31.07.2025
SRB-0000552,,AJ,v2,,,,,,,,,,,,,
SRB-0000551,,AJ,v2,SRB-0000551-001,BMS,FBXO31,HepG2,WildType,24,10,Plate1,1,2,Low (2-10),MRPL55;GAS2L3,31.07.2025
SRB-0000550,,AJ,v2,SRB-0000550-001,BMS,FBXO31,HepG2,WildType,24,10,Plate1,1,2,Low (2-10),GNG5;CHMP1B,31.07.2025
SRB-0000550,,AJ,v2,SRB-0000550-002,SERAC,FBXO31,HepG2,WildType,24,10,Pw51,1,1,Single (1),DYNC1I2,23.04.2026
SRB-0000549,,AJ,v2,SRB-0000549-001,BMS,FBXO31,HepG2,WildType,24,10,Plate1,1,6,Low (2-10),ZNF592;TOMM20;NABP1;SLC6A9;PPIF;TUBB1,31.07.2025
SRB-0000549,,AJ,v2,SRB-0000549-002,SERAC,FBXO31,HepG2,WildType,24,10,Pw51,1,1,Single (1),CBFA2T2,23.04.2026
SRB-0000548,,AJ,v2,SRB-0000548-001,SERAC,FBXO31,HepG2,WildType,24,10,Pw89,1,2,Low (2-10),PRADC1;WASH6P,19.05.2026
SRB-0000548,,AJ,v2,SRB-0000548-002,SERAC,FBXO31,HepG2,WildType,24,10,Pw51,1,3,Low (2-10),OTUD6B;CCDC32;R3HDM2,23.04.2026
SRB-0000547,,AJ,v2,,,,,,,,,,,,,
SRB-0000547,,AJ,v2,SRB-0000547-002,SERAC,FBXO31,HepG2,WildType,24,10,Pw51,1,0,Silent,,23.04.2026
SRB-0000521,,AJ,v2,SRB-0000521-001,SERAC,FBXO31,HepG2,WildType,24,10,Pw147,1,8,Low (2-10),EFNB1;NET1;NPW;RERE;TUBE1;PLIN2;UNC45A;CPD,19.05.2026
SRB-0000520,,AJ,v2,SRB-0000520-001,BMS,FBXO31,HepG2,WildType,24,10,Plate1,1,17,Medium (11-25),LIPT1;BORCS6;GNG7;MICA;MLLT10;RNF121;PSEN1;TMUB2;ITPRIPL1;MAPK6;KLF13;HMGCR;CLN8;MUL1;PAGR1;TUBB1;HCFC2,31.07.2025
SRB-0000516,,AJ,v2,SRB-0000516-001,BMS,FBXO31,HepG2,WildType,24,10,Plate1,1,9,Low (2-10),TOMM20;ZC3H12A;ULK3;HRC;RNPEPL1;RWDD2A;NABP1;NEK1;MAPKAPK5,31.07.2025
SRB-0000515,,AJ,v2,,,,,,,,,,,,,
SRB-0000514,,AJ,v2,SRB-0000514-001,BMS,FBXO31,HepG2,WildType,24,10,Plate1,1,11,Medium (11-25),DOP1B;LIPT1;NAB1;ASPHD1;ARMCX5;FAM241B;HDAC8;FXYD1;CCDC71;RFX5;PTGR2,31.07.2025
SRB-0000505,,AJ,v2,SRB-0000505-001,SERAC,FBXO31,HepG2,WildType,24,10,Plate1,1,0,Silent,,24.02.2025
SRB-0000499,,AJ,v2,SRB-0000499-001,SERAC,FBXO31,HepG2,WildType,24,10,Plate11,1,4,Low (2-10),FRK;COMP;RP1;TUBA4A,08.06.2025
SRB-0000498,,AJ,v2,SRB-0000498-001,SERAC,FBXO31,HepG2,WildType,24,10,Plate37,1,2,Low (2-10),SWSAP1;DESI2,18.06.2025
SRB-0000498,,AJ,v2,SRB-0000498-002,SERAC,FBXO31,HepG2,WildType,24,10,Pw51,1,0,Silent,,23.04.2026
SRB-0000497,,AJ,v2,SRB-0000497-001,SERAC,FBXO31,HepG2,WildType,24,10,Plate11,1,0,Silent,,08.06.2025
SRB-0000495,,AJ,v2,SRB-0000495-001,BMS,FBXO31,HepG2,WildType,24,10,Plate1,1,0,Silent,,31.07.2025
SRB-0000494,,AJ,v2,SRB-0000494-001,BMS,FBXO31,HepG2,WildType,24,10,Plate1,1,17,Medium (11-25),GNG7;ITM2B;TMEM120A;CEP55;RNF13;TBC1D2;RHBDD1;CCDC167;POTEI;ANG;TMEM230;PPIF;CHCHD10;TMEM167B;TOMM20;P3H2;TUBB1,31.07.2025
SRB-0000448,,AJ,v2,SRB-0000448-001,SERAC,FBXO31,HepG2,WildType,24,10,Pw147,1,0,Silent,,19.05.2026
SRB-0000447,,AJ,v2,SRB-0000447-001,BMS,FBXO31,HepG2,WildType,24,10,Plate1,1,2,Low (2-10),LIPT1;TIMM17B,31.07.2025
SRB-0000446,,AJ,v2,,,,,,,,,,,,,
SRB-0000446,,AJ,v2,SRB-0000446-002,SERAC,FBXO31,HepG2,WildType,24,10,Pw104,1,4,Low (2-10),EEF1AKMT4-ECE2;DNAJC14;CAB39L;TRIM36,19.05.2026
SRB-0000433,,AJ,v2,SRB-0000433-001,BMS,FBXO31,HepG2,WildType,24,10,Plate1,1,2,Low (2-10),PPP1R16A;TUBB8,31.07.2025
SRB-0000433,,AJ,v2,SRB-0000433-002,SERAC,FBXO31,HepG2,WildType,24,10,Pw51,1,1,Single (1),ANGPTL8,23.04.2026
SRB-0000432,,AJ,v2,SRB-0000432-001,BMS,FBXO31,HepG2,WildType,24,10,Plate1,1,3,Low (2-10),MOB2;C2orf76;CTDSPL,31.07.2025
SRB-0000407,,AJ,v2,SRB-0000407-001,BMS,FBXO31,HepG2,WildType,24,10,Plate1,1,14,Medium (11-25),ZNF706;SELENOH;TMCC1;TMEM14C;DAPK1;COX6C;CRLS1;PIMREG;EBAG9;PKMYT1;COX7C;TRMT2B;POTEJ;NACA4P,31.07.2025
SRB-0000401,,AJ,v2,SRB-0000401-001,SERAC,FBXO31,HepG2,WildType,24,10,Plate3,1,0,Silent,,29.03.2025
SRB-0000401,,AJ,v2,SRB-0000401-002,BMS,FBXO31,HepG2,WildType,24,10,Plate8,1,6,Low (2-10),ASPHD1;LRG1;PHF12;MFSD14B;PTPN3;BCL2L2,31.07.2025
SRB-0000401,,AJ,v2,,,,,,,,,,,,,
SRB-0000385,,AJ,v2,SRB-0000385-001,SERAC,FBXO31,HepG2,WildType,24,10,Pw79,1,3,Low (2-10),MPZL3;TMEM39B;SUFU,15.04.2026
